data,precipitacao_mean,pressao_atm_mean,temperatura_ar_mean,umidade_rel_mean,faixa_temperatura,pm10_mean,so2_mean,no2_mean,o3_mean,co_mean,IQAr,qualidade_do_ar,volume_internacoes,volume_mortes
2020-01-01,0.0,999.8,27.14,74.12,Quente (22-28°C),25.88,11.68,3.6,,,23.0,Boa,0,0
2020-01-02,0.06,1006.75,23.6,74.92,Quente (22-28°C),13.91,4.48,0.47,,,12.0,Boa,0,0
2020-01-03,0.03,1010.77,22.94,72.38,Quente (22-28°C),16.98,5.09,,,,15.0,Boa,4,2
2020-01-04,0.01,1007.6,23.78,71.67,Quente (22-28°C),17.31,4.93,,,,15.0,Boa,4,1
2020-01-05,0.0,1001.4,25.46,67.83,Quente (22-28°C),14.81,8.31,1.72,,,13.0,Boa,2,1
2020-01-06,0.01,998.54,28.02,62.29,Muito Quente (>28°C),19.74,15.81,5.51,,,18.0,Boa,4,1
2020-01-07,0.0,1001.96,26.23,69.92,Quente (22-28°C),23.76,9.04,5.12,,,21.0,Boa,0,0
2020-01-08,0.0,1004.68,25.32,65.62,Quente (22-28°C),27.78,6.13,3.51,,,25.0,Boa,0,0
2020-01-09,0.02,1002.92,28.78,63.75,Muito Quente (>28°C),31.55,13.64,5.67,24.47,,34.0,Boa,0,0
2020-01-10,0.74,1002.76,27.8,73.33,Quente (22-28°C),28.53,24.18,7.63,39.4,,26.0,Boa,5,1
2020-01-11,0.15,1004.28,26.02,81.33,Quente (22-28°C),11.74,6.47,2.48,37.03,,21.0,Boa,3,2
2020-01-12,0.0,1008.63,26.99,64.58,Quente (22-28°C),15.27,6.71,2.63,35.81,,22.0,Boa,0,0
2020-01-13,0.0,1010.45,25.13,67.04,Quente (22-28°C),30.45,7.28,4.54,29.64,,27.0,Boa,3,1
2020-01-14,0.0,1006.48,26.49,67.0,Quente (22-28°C),29.18,6.77,3.96,38.92,,33.0,Boa,0,0
2020-01-15,0.64,1001.4,27.99,68.96,Quente (22-28°C),35.09,15.98,6.99,31.34,,31.0,Boa,0,0
2020-01-16,0.12,1009.57,22.5,67.75,Quente (22-28°C),16.59,8.82,3.83,27.16,,15.0,Boa,3,2
2020-01-17,0.0,1015.45,20.67,59.5,Ameno (15-22°C),25.2,8.49,4.23,25.63,,22.0,Boa,2,2
2020-01-18,0.0,1012.62,23.22,62.71,Quente (22-28°C),28.88,8.67,4.18,31.96,,26.0,Boa,0,0
2020-01-19,0.0,1008.69,25.74,67.12,Quente (22-28°C),,,,,,20.0,Boa,3,1
2020-01-20,0.0,1005.12,27.37,67.33,Quente (22-28°C),,,,,,,Sem Dados,7,1
2020-01-21,0.29,1003.18,25.12,80.04,Quente (22-28°C),,,,,,,Sem Dados,0,0
2020-01-22,0.01,1005.6,23.9,75.17,Quente (22-28°C),,,,,,,Sem Dados,0,0
2020-01-23,0.08,1007.95,23.44,74.21,Quente (22-28°C),,,,,,,Sem Dados,2,1
2020-01-24,0.0,1006.19,23.89,70.38,Quente (22-28°C),,,,,,,Sem Dados,0,0
2020-01-25,0.01,1003.22,24.98,65.33,Quente (22-28°C),,,,,,,Sem Dados,0,0
2020-01-26,0.0,1002.89,27.92,57.88,Quente (22-28°C),,,,,,,Sem Dados,0,0
2020-01-27,0.66,1004.12,25.98,74.96,Quente (22-28°C),,,,,,,Sem Dados,4,2
2020-01-28,0.0,1006.51,24.88,71.79,Quente (22-28°C),,,,,,,Sem Dados,0,0
2020-01-29,0.1,1003.84,24.17,78.92,Quente (22-28°C),,,,,,,Sem Dados,0,0
2020-01-30,0.31,1003.34,24.81,80.96,Quente (22-28°C),,,,,,,Sem Dados,0,0
2020-01-31,0.16,1005.72,24.37,84.0,Quente (22-28°C),,,,,,,Sem Dados,4,1
2020-02-01,0.0,1008.8,24.6,75.46,Quente (22-28°C),,,,,,,Sem Dados,3,1
2020-02-02,0.0,1008.52,25.65,69.25,Quente (22-28°C),21.76,8.24,1.77,30.97,,21.0,Boa,0,0
2020-02-03,0.01,1009.79,25.72,71.75,Quente (22-28°C),18.96,7.21,2.4,33.15,,20.0,Boa,0,0
2020-02-04,0.0,1009.87,26.16,71.08,Quente (22-28°C),25.95,22.14,2.84,25.39,,23.0,Boa,0,0
2020-02-05,0.0,1008.12,27.33,67.12,Quente (22-28°C),23.48,4.31,2.3,25.46,,20.0,Boa,0,0
2020-02-06,0.0,1008.22,27.9,69.5,Quente (22-28°C),26.28,5.52,3.39,30.44,,23.0,Boa,0,0
2020-02-07,0.0,1007.06,27.95,70.67,Quente (22-28°C),24.63,4.85,3.4,29.27,,22.0,Boa,0,0
2020-02-08,1.19,1004.07,27.95,71.38,Quente (22-28°C),25.0,11.62,4.34,30.21,,23.0,Boa,0,0
2020-02-09,0.07,1007.18,24.31,75.79,Quente (22-28°C),12.4,6.0,2.13,24.92,,13.0,Boa,0,0
2020-02-10,0.0,1012.06,21.98,70.62,Ameno (15-22°C),16.9,6.19,4.38,24.27,,16.0,Boa,0,0
2020-02-11,0.0,1012.77,22.44,69.71,Quente (22-28°C),16.77,4.95,2.79,21.15,,15.0,Boa,0,0
2020-02-12,0.0,1010.76,23.66,68.96,Quente (22-28°C),15.96,5.11,3.26,25.04,,17.0,Boa,0,0
2020-02-13,0.0,1009.13,25.07,61.96,Quente (22-28°C),24.45,5.34,4.1,27.42,,21.0,Boa,0,0
2020-02-14,0.0,1006.36,25.8,61.71,Quente (22-28°C),36.71,16.23,7.19,25.66,,33.0,Boa,0,0
2020-02-15,0.01,1004.6,28.23,63.0,Muito Quente (>28°C),46.05,12.77,7.1,55.71,,41.0,Moderada,1,1
2020-02-16,0.0,1004.15,29.48,59.12,Muito Quente (>28°C),81.02,13.07,10.35,31.45,,66.0,Moderada,0,0
2020-02-17,0.03,1002.96,28.93,65.83,Muito Quente (>28°C),,,,,,,Sem Dados,4,1
2020-02-18,0.4,1001.51,26.68,76.04,Quente (22-28°C),23.43,11.07,7.5,21.41,,20.0,Boa,5,1
2020-02-19,0.0,1003.95,25.6,72.04,Quente (22-28°C),6.0,10.64,8.79,15.04,,11.0,Boa,6,3
2020-02-20,0.0,1005.89,24.22,72.17,Quente (22-28°C),25.17,9.67,5.96,36.22,,29.0,Boa,0,0
2020-02-21,0.0,1010.71,21.23,52.12,Ameno (15-22°C),,,,,,,Sem Dados,3,1
2020-02-22,0.0,1014.22,19.16,59.33,Ameno (15-22°C),20.98,4.47,2.86,31.98,,19.0,Boa,3,1
2020-02-23,0.0,1012.59,21.35,67.71,Ameno (15-22°C),19.07,5.79,2.1,27.04,,17.0,Boa,0,0
2020-02-24,0.06,1005.38,24.52,64.5,Quente (22-28°C),22.44,8.17,4.13,34.71,,28.0,Boa,0,0
2020-02-25,1.32,1001.79,25.78,73.92,Quente (22-28°C),22.17,12.3,4.72,31.51,,24.0,Boa,0,0
2020-02-26,0.38,1005.05,21.68,74.58,Ameno (15-22°C),15.27,5.6,3.7,25.35,,18.0,Boa,0,0
2020-02-27,0.0,1009.47,20.64,68.12,Ameno (15-22°C),26.96,12.77,6.31,22.86,,24.0,Boa,3,1
2020-02-28,0.0,1011.4,22.35,63.25,Quente (22-28°C),45.88,8.76,4.7,16.79,,41.0,Moderada,0,0
2020-02-29,0.0,1013.22,22.92,67.25,Quente (22-28°C),,,,,,,Sem Dados,0,0
2020-03-01,0.0,1015.17,23.8,66.79,Quente (22-28°C),,,,,,,Sem Dados,3,1
2020-03-02,0.0,1015.0,23.82,67.96,Quente (22-28°C),,,,,,,Sem Dados,0,0
2020-03-03,0.0,1011.95,23.53,68.38,Quente (22-28°C),,,,,,,Sem Dados,2,1
2020-03-04,0.0,1010.67,23.05,67.75,Quente (22-28°C),,,,,,,Sem Dados,1,1
2020-03-05,0.0,1012.73,22.36,66.92,Quente (22-28°C),,,,,,,Sem Dados,6,1
2020-03-06,0.0,1011.37,23.03,71.21,Quente (22-28°C),,,,,,,Sem Dados,0,0
2020-03-07,0.0,1006.93,23.71,69.54,Quente (22-28°C),,,,,,,Sem Dados,3,1
2020-03-08,0.0,1006.34,25.97,63.54,Quente (22-28°C),,,,,,,Sem Dados,0,0
2020-03-09,0.0,1008.4,27.61,58.25,Quente (22-28°C),,,,,,,Sem Dados,0,0
2020-03-10,0.0,1010.43,25.94,68.71,Quente (22-28°C),,,,,,,Sem Dados,6,2
2020-03-11,0.0,1008.67,25.4,71.04,Quente (22-28°C),,,,,,,Sem Dados,4,1
2020-03-12,0.0,1006.78,28.17,61.79,Muito Quente (>28°C),,,,,,,Sem Dados,5,1
2020-03-13,0.0,1008.78,27.65,71.58,Quente (22-28°C),,,,,,,Sem Dados,0,0
2020-03-14,0.0,1007.53,28.55,63.83,Muito Quente (>28°C),,,,,,,Sem Dados,4,1
2020-03-15,0.0,1007.9,25.66,80.38,Quente (22-28°C),,,,,,,Sem Dados,0,0
2020-03-16,0.31,1009.47,21.12,89.5,Ameno (15-22°C),,,,,,,Sem Dados,0,0
2020-03-17,0.0,1008.65,22.43,82.29,Quente (22-28°C),,,,,,,Sem Dados,0,0
2020-03-18,0.46,1004.18,23.77,84.96,Quente (22-28°C),,,,,,,Sem Dados,0,0
2020-03-19,0.0,1002.06,25.56,70.92,Quente (22-28°C),,,,,,,Sem Dados,0,0
2020-03-20,0.18,1005.12,21.77,71.29,Ameno (15-22°C),,,,,,,Sem Dados,3,1
2020-03-21,0.0,1008.28,21.68,78.88,Ameno (15-22°C),,,,,,,Sem Dados,0,0
2020-03-22,0.0,1011.57,23.2,73.38,Quente (22-28°C),,,,,,,Sem Dados,0,0
2020-03-23,0.0,1012.9,24.07,71.79,Quente (22-28°C),,,,,,,Sem Dados,3,1
2020-03-24,0.0,1012.17,23.85,68.21,Quente (22-28°C),,,,,,,Sem Dados,0,0
2020-03-25,0.0,1009.42,23.71,67.58,Quente (22-28°C),,,,,,,Sem Dados,0,0
2020-03-26,0.0,1009.15,23.52,72.08,Quente (22-28°C),,,,,,,Sem Dados,2,2
2020-03-27,0.0,1008.63,24.21,73.17,Quente (22-28°C),,,,,,,Sem Dados,0,0
2020-03-28,0.0,1008.31,25.24,64.62,Quente (22-28°C),,,,,,,Sem Dados,0,0
2020-03-29,0.03,1009.7,25.58,72.5,Quente (22-28°C),,,,,,,Sem Dados,5,1
2020-03-30,0.0,1009.26,25.94,68.95,Quente (22-28°C),,,,,,,Sem Dados,3,2
2020-03-31,0.0,1009.06,25.31,76.92,Quente (22-28°C),,,,,,,Sem Dados,0,0
2020-04-01,0.0,1008.35,24.46,77.25,Quente (22-28°C),,,,,,,Sem Dados,4,1
2020-04-02,0.38,1003.07,23.32,72.54,Quente (22-28°C),,,,,,,Sem Dados,8,2
2020-04-03,0.0,1005.49,19.35,64.5,Ameno (15-22°C),,,,,,,Sem Dados,0,0
2020-04-04,0.0,1007.97,20.0,68.33,Ameno (15-22°C),,,,,,,Sem Dados,8,2
2020-04-05,0.0,1007.68,21.57,68.04,Ameno (15-22°C),,,,,,,Sem Dados,4,1
2020-04-06,0.5,1007.7,20.38,83.88,Ameno (15-22°C),,,,,,,Sem Dados,0,0
2020-04-07,0.01,1013.95,17.84,53.71,Ameno (15-22°C),,,,,,,Sem Dados,0,0
2020-04-08,0.0,1014.91,16.78,59.96,Ameno (15-22°C),,,,,,,Sem Dados,0,0
2020-04-09,0.0,1012.96,18.45,68.92,Ameno (15-22°C),,,,,,,Sem Dados,4,2
2020-04-10,0.13,1012.55,17.99,79.08,Ameno (15-22°C),,,,,,,Sem Dados,3,1
2020-04-11,0.08,1012.75,17.91,81.67,Ameno (15-22°C),,,,,,,Sem Dados,0,0
2020-04-12,0.01,1012.64,18.82,76.33,Ameno (15-22°C),,,,,,,Sem Dados,3,1
2020-04-13,0.0,1007.42,21.94,67.67,Ameno (15-22°C),,,,,,,Sem Dados,0,0
2020-04-14,0.11,1002.55,18.67,73.12,Ameno (15-22°C),,,,,,,Sem Dados,0,0
2020-04-15,0.0,1006.7,18.03,52.46,Ameno (15-22°C),,,,,,,Sem Dados,2,1
2020-04-16,0.0,1014.45,17.88,64.25,Ameno (15-22°C),,,,,,,Sem Dados,0,0
2020-04-17,0.05,1018.84,17.73,84.79,Ameno (15-22°C),,,,,,,Sem Dados,0,0
2020-04-18,0.01,1018.42,19.27,80.88,Ameno (15-22°C),,,,,,,Sem Dados,2,1
2020-04-19,0.0,1015.71,21.0,72.75,Ameno (15-22°C),,,,,,,Sem Dados,4,1
2020-04-20,0.0,1012.79,21.37,70.04,Ameno (15-22°C),,,,,,,Sem Dados,0,0
2020-04-21,0.0,1011.1,21.94,67.08,Ameno (15-22°C),,,,,,,Sem Dados,0,0
2020-04-22,0.0,1011.36,21.21,77.79,Ameno (15-22°C),,,,,,,Sem Dados,0,0
2020-04-23,0.0,1011.11,21.43,76.42,Ameno (15-22°C),,,,,,,Sem Dados,3,1
2020-04-24,0.0,1009.85,22.41,69.38,Quente (22-28°C),,,,,,,Sem Dados,0,0
2020-04-25,0.0,1010.46,23.48,61.33,Quente (22-28°C),,,,,,,Sem Dados,0,0
2020-04-26,0.0,1015.93,22.02,76.0,Quente (22-28°C),,,,,,,Sem Dados,4,2
2020-04-27,0.0,1017.57,21.94,78.21,Ameno (15-22°C),,,,,,,Sem Dados,0,0
2020-04-28,0.0,1011.38,24.28,69.12,Quente (22-28°C),,,,,,,Sem Dados,0,0
2020-04-29,0.0,1009.83,22.28,72.21,Quente (22-28°C),,,,,,,Sem Dados,0,0
2020-04-30,0.0,1012.02,18.81,59.62,Ameno (15-22°C),,,,,,,Sem Dados,2,1
2020-05-01,0.0,1013.47,18.03,70.33,Ameno (15-22°C),,,,,,,Sem Dados,3,2
2020-05-02,0.0,1014.42,16.89,76.79,Ameno (15-22°C),,,,,,,Sem Dados,0,0
2020-05-03,0.0,1014.08,17.15,73.75,Ameno (15-22°C),,,,,,,Sem Dados,1,1
2020-05-04,0.0,1008.25,18.49,68.58,Ameno (15-22°C),,,,,,,Sem Dados,0,0
2020-05-05,0.25,1005.21,17.4,89.88,Ameno (15-22°C),,,,,,,Sem Dados,2,1
2020-05-06,0.0,1012.41,14.91,69.17,Frio (<15°C),,,,,,,Sem Dados,0,0
2020-05-07,0.0,1018.23,13.85,70.88,Frio (<15°C),,,,,,,Sem Dados,0,0
2020-05-08,0.0,1017.92,14.68,73.67,Frio (<15°C),,,,,,,Sem Dados,2,1
2020-05-09,0.0,1013.95,16.61,67.83,Ameno (15-22°C),,,,,,,Sem Dados,0,0
2020-05-10,0.0,1009.79,18.86,64.67,Ameno (15-22°C),,,,,,,Sem Dados,0,0
2020-05-11,0.26,1008.18,22.12,62.0,Quente (22-28°C),,,,,,,Sem Dados,3,1
2020-05-12,1.43,1009.17,17.86,96.12,Ameno (15-22°C),,,,,,,Sem Dados,5,1
2020-05-13,0.07,1007.66,17.81,93.08,Ameno (15-22°C),,,,,,,Sem Dados,2,1
2020-05-14,0.0,1014.92,15.02,72.71,Ameno (15-22°C),,,,,,,Sem Dados,4,1
2020-05-15,0.0,1014.86,13.15,76.46,Frio (<15°C),,,,,,,Sem Dados,2,1
2020-05-16,0.0,1011.83,15.18,65.5,Ameno (15-22°C),,,,,,,Sem Dados,0,0
2020-05-17,0.0,1011.95,17.35,65.54,Ameno (15-22°C),,,,,,,Sem Dados,0,0
2020-05-18,0.0,1015.16,18.34,75.42,Ameno (15-22°C),,,,,,,Sem Dados,2,1
2020-05-19,0.0,1014.27,20.03,70.38,Ameno (15-22°C),,,,,,,Sem Dados,3,1
2020-05-20,0.0,1012.06,21.8,63.54,Ameno (15-22°C),,,,,,,Sem Dados,0,0
2020-05-21,2.12,1008.25,20.19,79.17,Ameno (15-22°C),,,,,,,Sem Dados,0,0
2020-05-22,0.35,1002.84,18.62,93.62,Ameno (15-22°C),,,,,,,Sem Dados,0,0
2020-05-23,0.71,1004.02,16.26,84.04,Ameno (15-22°C),,,,,,,Sem Dados,0,0
2020-05-24,0.26,1009.81,14.91,84.17,Frio (<15°C),,,,,,,Sem Dados,0,0
2020-05-25,0.01,1005.05,15.92,63.75,Ameno (15-22°C),,,,,,,Sem Dados,0,0
2020-05-26,0.0,1009.39,14.46,66.83,Frio (<15°C),,,,,,,Sem Dados,0,0
2020-05-27,0.0,1013.32,12.97,78.33,Frio (<15°C),,,,,,,Sem Dados,3,1
2020-05-28,0.0,1013.21,14.95,74.12,Frio (<15°C),,,,,,,Sem Dados,0,0
2020-05-29,0.0,1011.62,16.14,76.58,Ameno (15-22°C),,,,,,,Sem Dados,3,2
2020-05-30,0.0,1010.03,16.14,77.38,Ameno (15-22°C),,,,,,,Sem Dados,3,1
2020-05-31,0.08,1009.54,14.85,81.54,Frio (<15°C),,,,,,,Sem Dados,0,0
2020-06-01,0.0,1013.6,11.47,75.29,Frio (<15°C),,,,,,,Sem Dados,0,0
2020-06-02,0.0,1014.49,11.89,81.96,Frio (<15°C),,,,,,,Sem Dados,4,1
2020-06-03,0.05,1016.52,14.16,88.04,Frio (<15°C),,,,,,,Sem Dados,0,0
2020-06-04,0.0,1016.88,16.46,83.38,Ameno (15-22°C),,,,,,,Sem Dados,0,0
2020-06-05,1.32,1011.94,17.22,92.83,Ameno (15-22°C),,,,,,,Sem Dados,3,1
2020-06-06,0.25,1007.99,15.36,79.46,Ameno (15-22°C),,,,,,,Sem Dados,0,0
2020-06-07,0.01,1010.87,15.62,83.0,Ameno (15-22°C),,,,,,,Sem Dados,0,0
2020-06-08,0.0,1011.1,14.96,85.5,Frio (<15°C),,,,,,,Sem Dados,0,0
2020-06-09,0.0,1008.62,15.45,86.62,Ameno (15-22°C),,,,,,,Sem Dados,0,0
2020-06-10,0.5,1006.2,15.78,89.88,Ameno (15-22°C),,,,,,,Sem Dados,0,0
2020-06-11,0.03,1005.78,18.42,92.33,Ameno (15-22°C),,,,,,,Sem Dados,0,0
2020-06-12,0.01,1002.0,21.27,85.83,Ameno (15-22°C),,,,,,,Sem Dados,5,1
2020-06-13,1.72,1011.58,17.29,71.33,Ameno (15-22°C),,,,,,,Sem Dados,0,0
2020-06-14,0.0,1023.05,9.79,66.62,Frio (<15°C),,,,,,,Sem Dados,0,0
2020-06-15,0.0,1019.99,12.88,79.04,Frio (<15°C),,,,,,,Sem Dados,0,0
2020-06-16,0.0,1016.67,17.73,79.96,Ameno (15-22°C),,,,,,,Sem Dados,0,0
2020-06-17,0.0,1012.3,19.81,77.12,Ameno (15-22°C),,,,,,,Sem Dados,0,0
2020-06-18,0.0,1004.99,22.49,65.96,Quente (22-28°C),,,,,,,Sem Dados,0,0
2020-06-19,0.0,1007.95,18.5,81.71,Ameno (15-22°C),,,,,,,Sem Dados,4,1
2020-06-20,0.0,1007.45,22.6,76.96,Quente (22-28°C),,,,,,,Sem Dados,6,1
2020-06-21,0.0,1006.65,24.67,59.92,Quente (22-28°C),,,,,,,Sem Dados,0,0
2020-06-22,0.0,1011.59,18.46,85.75,Ameno (15-22°C),,,,,,,Sem Dados,0,0
2020-06-23,0.0,1005.02,21.38,72.17,Ameno (15-22°C),,,,,,,Sem Dados,4,1
2020-06-24,0.0,1001.86,22.94,58.0,Quente (22-28°C),,,,,,,Sem Dados,2,1
2020-06-25,1.12,1003.65,18.21,76.71,Ameno (15-22°C),,,,,,,Sem Dados,0,0
2020-06-26,0.01,1016.5,10.3,79.5,Frio (<15°C),,,,,,,Sem Dados,1,1
2020-06-27,0.0,1016.35,10.89,77.62,Frio (<15°C),,,,,,,Sem Dados,3,2
2020-06-28,0.0,1018.54,11.0,81.58,Frio (<15°C),,,,,,,Sem Dados,0,0
2020-06-29,0.39,1014.25,11.84,83.88,Frio (<15°C),,,,,,,Sem Dados,0,0
2020-06-30,4.45,998.34,14.72,94.88,Frio (<15°C),9.28,,,25.95,,14.0,Boa,0,0
2020-07-01,0.03,1002.99,12.47,79.75,Frio (<15°C),7.83,8.22,7.17,31.72,,16.0,Boa,0,0
2020-07-02,0.0,1013.69,9.98,73.25,Frio (<15°C),11.97,5.69,8.46,27.06,,16.0,Boa,5,2
2020-07-03,0.0,1014.98,8.12,77.0,Frio (<15°C),41.66,24.2,10.35,15.37,,37.0,Boa,0,0
2020-07-04,0.0,1010.4,11.04,70.71,Frio (<15°C),52.13,20.45,9.61,17.61,,45.0,Moderada,0,0
2020-07-05,0.93,1006.56,13.77,91.0,Frio (<15°C),59.41,32.31,12.94,4.56,,50.0,Moderada,0,0
2020-07-06,0.0,1014.76,12.33,83.33,Frio (<15°C),18.53,8.86,4.13,25.71,,17.0,Boa,1,1
2020-07-07,4.08,1009.72,12.59,94.38,Frio (<15°C),8.45,3.37,,39.4,,16.0,Boa,0,0
2020-07-08,1.13,1004.28,13.59,94.38,Frio (<15°C),6.0,9.58,6.62,,,10.0,Boa,2,1
2020-07-09,0.0,1015.33,10.43,74.83,Frio (<15°C),13.77,8.66,5.69,34.6,,20.0,Boa,1,1
2020-07-10,0.01,1010.98,11.84,77.08,Frio (<15°C),45.96,28.13,9.68,12.29,,41.0,Moderada,0,0
2020-07-11,0.29,1008.05,13.74,88.42,Frio (<15°C),40.92,22.02,12.44,8.07,,36.0,Boa,0,0
2020-07-12,0.49,1005.05,13.24,95.75,Frio (<15°C),17.93,8.61,,19.24,,16.0,Boa,0,0
2020-07-13,0.01,1012.38,12.5,74.46,Frio (<15°C),22.14,15.88,,17.54,,20.0,Boa,2,2
2020-07-14,0.0,1018.72,8.55,59.0,Frio (<15°C),20.48,12.33,10.11,25.28,,18.0,Boa,0,0
2020-07-15,0.0,1019.87,7.72,75.62,Frio (<15°C),62.34,23.43,12.89,17.93,,53.0,Moderada,0,0
2020-07-16,0.38,1015.99,10.22,87.75,Frio (<15°C),37.35,21.18,15.55,4.59,,33.0,Boa,0,0
2020-07-17,0.02,1013.18,14.65,90.75,Frio (<15°C),40.13,21.5,14.75,8.18,,36.0,Boa,0,0
2020-07-18,0.0,1010.42,20.37,80.88,Ameno (15-22°C),48.23,29.84,13.77,16.99,,42.0,Moderada,0,0
2020-07-19,0.0,1010.29,22.39,70.75,Quente (22-28°C),50.66,25.25,,33.42,,45.0,Moderada,0,0
2020-07-20,0.0,1009.85,21.22,73.67,Ameno (15-22°C),58.46,26.91,18.61,21.76,,50.0,Moderada,0,0
2020-07-21,0.0,1008.32,20.93,70.42,Ameno (15-22°C),88.27,34.24,17.68,19.03,,71.0,Moderada,0,0
2020-07-22,0.0,1008.66,21.42,69.33,Ameno (15-22°C),56.53,37.24,21.33,18.21,,49.0,Moderada,0,0
2020-07-23,0.0,1008.8,21.77,66.54,Ameno (15-22°C),42.35,18.31,,38.53,,37.0,Boa,2,1
2020-07-24,0.0,1007.18,20.05,69.08,Ameno (15-22°C),38.51,3.14,,41.08,,35.0,Boa,0,0
2020-07-25,0.42,1015.43,11.16,75.17,Frio (<15°C),10.87,0.65,,29.57,,16.0,Boa,0,0
2020-07-26,0.0,1016.88,11.82,68.58,Frio (<15°C),18.94,,17.86,22.87,,17.0,Boa,3,1
2020-07-27,0.42,1009.88,14.68,89.62,Frio (<15°C),37.99,4.48,20.8,5.72,,34.0,Boa,5,2
2020-07-28,2.62,1014.11,10.76,86.58,Frio (<15°C),16.52,5.28,20.16,11.79,,15.0,Boa,0,0
2020-07-29,0.0,1022.38,8.4,71.0,Frio (<15°C),16.37,5.24,23.78,12.11,,14.0,Boa,3,1
2020-07-30,0.0,1023.2,9.5,79.38,Frio (<15°C),20.81,4.68,19.41,13.97,,19.0,Boa,0,0
2020-07-31,0.0,1019.64,14.52,72.75,Frio (<15°C),21.26,4.65,23.79,14.67,,19.0,Boa,4,1
2020-08-01,0.1,1018.12,17.24,75.0,Ameno (15-22°C),22.83,5.5,23.63,28.79,,20.0,Boa,0,0
2020-08-02,0.0,1018.06,18.08,72.71,Ameno (15-22°C),34.0,5.3,25.59,21.54,,30.0,Boa,0,0
2020-08-03,0.0,1019.31,19.37,76.42,Ameno (15-22°C),49.17,14.26,32.15,23.19,,43.0,Moderada,2,2
2020-08-04,0.0,1018.91,19.23,73.96,Ameno (15-22°C),50.24,10.43,35.15,27.73,,44.0,Moderada,0,0
2020-08-05,0.01,1017.45,18.21,70.67,Ameno (15-22°C),47.86,4.34,30.68,22.73,,42.0,Moderada,0,0
2020-08-06,0.0,1017.14,19.06,68.29,Ameno (15-22°C),33.8,12.31,32.69,22.73,,30.0,Boa,0,0
2020-08-07,0.0,1017.74,17.33,82.29,Ameno (15-22°C),39.23,4.01,26.61,32.54,,35.0,Boa,2,1
2020-08-08,0.0,1018.58,15.08,86.96,Ameno (15-22°C),13.34,3.79,20.1,35.96,,19.0,Boa,0,0
2020-08-09,0.0,1013.88,17.59,76.25,Ameno (15-22°C),26.0,18.62,27.27,41.06,,33.0,Boa,0,0
2020-08-10,0.0,1005.24,21.35,63.67,Ameno (15-22°C),28.15,22.93,33.77,22.45,,25.0,Boa,0,0
2020-08-11,0.54,1011.88,13.24,70.83,Frio (<15°C),20.65,3.3,22.23,31.31,,19.0,Boa,6,1
2020-08-12,1.35,1011.15,9.92,94.79,Frio (<15°C),7.37,2.52,22.65,26.95,,17.0,Boa,0,0
2020-08-13,0.15,1006.96,13.66,96.46,Frio (<15°C),7.31,5.16,29.75,5.94,,8.0,Boa,0,0
2020-08-14,0.1,1005.76,16.47,89.38,Ameno (15-22°C),7.5,2.54,21.01,24.9,,16.0,Boa,0,0
2020-08-15,0.0,1002.62,17.25,80.92,Ameno (15-22°C),10.19,13.95,23.63,36.01,,19.0,Boa,0,0
2020-08-16,0.0,1010.46,13.69,73.33,Frio (<15°C),12.98,2.51,18.24,33.97,,21.0,Boa,0,0
2020-08-17,0.01,1009.88,13.78,73.0,Frio (<15°C),15.83,7.59,25.42,26.89,,22.0,Boa,0,0
2020-08-18,0.13,1003.45,17.67,80.58,Ameno (15-22°C),20.48,2.64,25.63,20.02,,18.0,Boa,0,0
2020-08-19,0.11,1008.81,14.89,79.08,Frio (<15°C),9.14,2.16,20.02,36.99,,20.0,Boa,0,0
2020-08-20,0.0,1021.95,9.63,63.83,Frio (<15°C),9.71,2.08,21.94,27.58,,16.0,Boa,0,0
2020-08-21,0.0,1024.27,8.45,63.42,Frio (<15°C),17.16,2.63,25.54,17.89,,18.0,Boa,0,0
2020-08-22,0.0,1022.71,10.14,65.21,Frio (<15°C),23.2,7.83,29.84,29.82,,24.0,Boa,1,1
2020-08-23,0.0,1018.76,14.27,66.75,Frio (<15°C),19.4,3.04,21.73,29.74,,20.0,Boa,0,0
2020-08-24,0.0,1014.78,17.86,66.83,Ameno (15-22°C),9.93,1.84,21.35,26.65,,20.0,Boa,0,0
2020-08-25,0.0,1010.52,18.92,62.33,Ameno (15-22°C),15.25,1.74,23.92,25.08,,19.0,Boa,0,0
2020-08-26,0.0,1007.42,21.05,65.62,Ameno (15-22°C),22.72,1.72,24.01,22.8,,37.0,Boa,2,1
2020-08-27,0.0,1008.71,21.19,66.67,Ameno (15-22°C),,,,,,,Sem Dados,0,0
2020-08-28,0.04,1009.39,17.65,87.17,Ameno (15-22°C),14.34,1.69,27.39,24.22,,16.0,Boa,0,0
2020-08-29,0.2,1004.19,21.65,75.88,Ameno (15-22°C),19.55,3.54,26.91,27.54,,22.0,Boa,5,1
2020-08-30,0.52,1014.09,13.12,92.08,Frio (<15°C),,5.13,4.96,,,16.0,Boa,4,1
2020-08-31,0.38,1021.15,11.46,77.46,Frio (<15°C),,6.25,12.21,,,6.0,Boa,0,0
2020-09-01,0.04,1021.05,13.86,86.33,Frio (<15°C),6.27,1.19,14.6,42.73,,18.0,Boa,0,0
2020-09-02,0.0,1010.94,19.48,79.71,Ameno (15-22°C),10.06,2.97,21.29,31.21,,17.0,Boa,0,0
2020-09-03,0.82,1008.74,13.45,91.08,Frio (<15°C),11.05,6.43,23.76,9.57,,10.0,Boa,1,1
2020-09-04,0.0,1014.08,14.11,85.17,Frio (<15°C),8.26,8.93,21.55,6.68,,13.0,Boa,0,0
2020-09-05,0.67,1013.94,13.09,93.71,Frio (<15°C),6.91,5.74,14.55,43.1,,20.0,Boa,0,0
2020-09-06,1.51,1012.49,15.0,96.12,Ameno (15-22°C),6.0,5.45,15.32,40.68,,21.0,Boa,0,0
2020-09-07,0.32,1014.22,14.51,93.58,Frio (<15°C),6.85,5.3,13.53,47.01,,20.0,Boa,0,0
2020-09-08,0.08,1012.25,17.25,89.21,Ameno (15-22°C),6.0,5.33,14.42,43.92,,19.0,Boa,6,1
2020-09-09,0.0,1008.95,20.78,83.12,Ameno (15-22°C),8.23,5.42,21.71,31.84,,18.0,Boa,0,0
2020-09-10,1.12,1010.8,18.79,83.08,Ameno (15-22°C),10.34,5.36,21.45,33.81,,18.0,Boa,0,0
2020-09-11,0.0,1005.89,18.77,86.29,Ameno (15-22°C),7.99,5.28,20.93,30.08,,19.0,Boa,0,0
2020-09-12,0.57,1010.25,17.06,93.42,Ameno (15-22°C),10.74,5.28,20.39,28.99,,15.0,Boa,4,3
2020-09-13,0.1,1007.86,18.87,92.25,Ameno (15-22°C),13.52,5.29,17.38,41.44,,20.0,Boa,0,0
2020-09-14,0.38,1016.69,15.23,77.54,Ameno (15-22°C),7.82,5.12,19.12,31.4,,15.0,Boa,0,0
2020-09-15,0.08,1016.44,13.11,75.58,Frio (<15°C),9.33,5.14,22.42,24.35,,19.0,Boa,0,0
2020-09-16,1.79,1009.71,16.45,95.46,Ameno (15-22°C),11.45,5.18,30.4,24.11,,15.0,Boa,0,0
2020-09-17,0.02,1007.75,17.82,86.88,Ameno (15-22°C),11.29,5.52,27.05,30.79,,25.0,Boa,0,0
2020-09-18,0.01,1005.6,19.68,81.04,Ameno (15-22°C),16.25,5.76,25.07,28.47,,28.0,Boa,0,0
2020-09-19,0.0,1010.67,15.7,79.54,Ameno (15-22°C),22.75,5.17,19.91,27.25,,20.0,Boa,3,1
2020-09-20,0.0,1017.07,12.4,61.5,Frio (<15°C),11.96,4.99,16.84,34.71,,22.0,Boa,1,1
2020-09-21,0.0,1017.89,12.2,67.29,Frio (<15°C),15.6,8.68,18.23,30.63,,24.0,Boa,0,0
2020-09-22,0.0,1019.09,13.02,67.5,Frio (<15°C),13.33,4.97,16.31,38.35,,23.0,Boa,4,2
2020-09-23,0.0,1016.21,17.68,66.71,Ameno (15-22°C),22.42,6.8,25.17,34.54,,30.0,Boa,0,0
2020-09-24,0.0,1013.41,20.87,68.75,Ameno (15-22°C),27.76,8.65,26.41,36.53,,30.0,Boa,0,0
2020-09-25,0.0,1010.64,20.72,71.67,Ameno (15-22°C),18.56,5.01,21.92,41.71,,28.0,Boa,0,0
2020-09-26,0.01,1003.8,20.52,80.67,Ameno (15-22°C),18.88,5.1,17.86,37.21,,21.0,Boa,0,0
2020-09-27,0.67,999.78,20.69,85.5,Ameno (15-22°C),10.56,5.04,17.3,40.72,,18.0,Boa,2,1
2020-09-28,0.0,1006.32,18.42,73.04,Ameno (15-22°C),7.25,5.46,22.28,36.61,,19.0,Boa,0,0
2020-09-29,0.01,1009.18,17.42,73.42,Ameno (15-22°C),10.13,4.6,24.11,29.58,,24.0,Boa,0,0
2020-09-30,1.03,1004.28,20.27,88.92,Ameno (15-22°C),16.94,4.26,29.64,25.63,,20.0,Boa,0,0
2020-10-01,0.13,999.23,23.15,81.08,Quente (22-28°C),9.29,4.38,32.14,23.95,,14.0,Boa,0,0
2020-10-02,0.32,1005.02,18.27,93.0,Ameno (15-22°C),12.11,4.38,22.09,26.26,,15.0,Boa,1,1
2020-10-03,1.29,1017.1,12.95,93.33,Frio (<15°C),6.59,4.41,14.51,39.54,,16.0,Boa,0,0
2020-10-04,0.07,1013.94,15.49,87.42,Ameno (15-22°C),6.0,4.44,12.9,40.52,,18.0,Boa,0,0
2020-10-05,0.02,1006.14,19.52,79.79,Ameno (15-22°C),7.34,4.51,19.82,26.9,,14.0,Boa,0,0
2020-10-06,0.0,1009.47,16.53,76.58,Ameno (15-22°C),6.34,4.9,19.0,30.38,,18.0,Boa,0,0
2020-10-07,0.01,1008.18,16.58,86.46,Ameno (15-22°C),9.86,4.67,21.92,28.25,,14.0,Boa,0,0
2020-10-08,0.0,1009.85,18.08,78.83,Ameno (15-22°C),10.73,4.31,17.74,35.84,,20.0,Boa,0,0
2020-10-09,0.0,1007.91,17.72,72.17,Ameno (15-22°C),13.44,4.25,24.78,31.95,,23.0,Boa,0,0
2020-10-10,0.01,1010.42,16.37,65.79,Ameno (15-22°C),11.84,4.11,17.52,41.89,,22.0,Boa,0,0
2020-10-11,0.0,1010.67,17.87,68.5,Ameno (15-22°C),11.58,4.34,17.83,34.71,,25.0,Boa,0,0
2020-10-12,0.0,1008.11,20.28,69.08,Ameno (15-22°C),16.39,4.27,18.91,34.69,,26.0,Boa,0,0
2020-10-13,0.0,1009.23,17.62,71.67,Ameno (15-22°C),13.18,4.06,18.74,39.55,,25.0,Boa,0,0
2020-10-14,0.0,1009.62,17.92,73.83,Ameno (15-22°C),13.13,4.18,20.24,43.32,,30.0,Boa,0,0
2020-10-15,0.0,1014.94,18.25,78.33,Ameno (15-22°C),11.8,3.95,17.08,33.86,,20.0,Boa,0,0
2020-10-16,0.0,1016.34,20.2,71.48,Ameno (15-22°C),12.6,3.86,16.76,39.7,,22.0,Boa,0,0
2020-10-17,0.0,1012.9,20.2,66.08,Ameno (15-22°C),15.76,4.54,20.71,38.88,,23.0,Boa,0,0
2020-10-18,0.0,1007.73,22.77,63.17,Quente (22-28°C),18.55,3.98,21.81,35.83,,26.0,Boa,0,0
2020-10-19,0.0,1005.91,24.69,61.5,Quente (22-28°C),26.03,12.34,34.28,36.87,,33.0,Boa,0,0
2020-10-20,0.0,1009.74,22.21,77.79,Quente (22-28°C),30.48,5.66,24.56,26.92,,27.0,Boa,0,0
2020-10-21,0.08,1015.32,20.81,88.04,Ameno (15-22°C),14.48,3.71,13.25,29.97,,15.0,Boa,0,0
2020-10-22,0.0,1014.15,21.23,80.08,Ameno (15-22°C),11.27,3.38,12.94,34.41,,16.0,Boa,0,0
2020-10-23,0.05,1009.62,21.36,83.25,Ameno (15-22°C),11.2,3.52,30.52,18.0,,11.0,Boa,0,0
2020-10-24,0.0,1005.98,23.18,78.96,Quente (22-28°C),13.52,6.23,23.47,34.22,,28.0,Boa,3,1
2020-10-25,0.0,1003.58,23.84,75.29,Quente (22-28°C),19.49,3.84,18.04,24.3,,17.0,Boa,2,1
2020-10-26,0.52,1000.32,22.72,80.58,Quente (22-28°C),11.78,5.39,25.09,32.3,,18.0,Boa,0,0
2020-10-27,1.52,998.43,17.02,89.88,Ameno (15-22°C),6.0,4.77,24.81,30.56,,16.0,Boa,4,1
2020-10-28,0.01,999.66,20.52,76.67,Ameno (15-22°C),7.17,5.01,25.72,29.03,,18.0,Boa,0,0
2020-10-29,0.01,1009.16,17.59,74.25,Ameno (15-22°C),7.16,3.57,22.15,24.46,,16.0,Boa,0,0
2020-10-30,0.0,1017.22,16.85,69.0,Ameno (15-22°C),10.91,3.29,19.29,27.3,,16.0,Boa,0,0
2020-10-31,0.0,1016.78,17.9,69.83,Ameno (15-22°C),8.54,3.49,18.76,28.59,,18.0,Boa,0,0
2020-11-01,0.0,1014.92,18.01,72.17,Ameno (15-22°C),9.07,3.63,16.13,27.3,,16.0,Boa,0,0
2020-11-02,0.0,1011.88,18.15,67.04,Ameno (15-22°C),9.5,3.67,16.86,29.86,,20.0,Boa,0,0
2020-11-03,0.0,1012.1,18.23,73.92,Ameno (15-22°C),8.26,3.77,19.66,27.24,,16.0,Boa,3,1
2020-11-04,0.0,1015.46,17.39,62.08,Ameno (15-22°C),6.88,45.46,14.02,32.95,,58.0,Moderada,0,0
2020-11-05,0.13,1012.72,16.74,75.46,Ameno (15-22°C),11.42,35.81,20.43,20.26,,36.0,Boa,0,0
2020-11-06,0.0,1012.38,19.45,72.96,Ameno (15-22°C),8.19,4.77,12.58,24.9,,18.0,Boa,2,2
2020-11-07,0.0,1011.58,22.08,72.79,Quente (22-28°C),9.27,4.79,6.25,32.18,,19.0,Boa,0,0
2020-11-08,0.0,1011.55,21.91,75.12,Ameno (15-22°C),7.67,4.72,2.85,34.22,,17.0,Boa,0,0
2020-11-09,0.05,1009.86,20.47,86.29,Ameno (15-22°C),6.91,4.56,7.41,26.45,,13.0,Boa,0,0
2020-11-10,0.0,1007.08,23.66,76.79,Quente (22-28°C),11.48,6.76,16.63,33.22,,28.0,Boa,0,0
2020-11-11,0.0,1007.27,22.4,76.0,Quente (22-28°C),9.41,4.82,14.07,30.78,,22.0,Boa,0,0
2020-11-12,0.0,1006.68,22.58,78.38,Quente (22-28°C),9.46,4.62,16.81,31.25,,20.0,Boa,0,0
2020-11-13,0.0,1005.9,23.86,76.29,Quente (22-28°C),10.09,4.63,,40.62,,24.0,Boa,1,1
2020-11-14,0.0,1003.1,24.95,73.92,Quente (22-28°C),11.39,5.14,,33.3,,24.0,Boa,0,0
2020-11-15,0.51,1002.39,24.91,78.67,Quente (22-28°C),14.11,5.11,,30.6,,22.0,Boa,2,2
2020-11-16,0.48,1004.54,21.59,89.96,Ameno (15-22°C),7.5,5.15,,17.29,,16.0,Boa,0,0
2020-11-17,0.0,1007.12,19.6,70.58,Ameno (15-22°C),8.19,5.15,12.27,23.46,,18.0,Boa,2,1
2020-11-18,0.0,1007.84,19.17,68.67,Ameno (15-22°C),9.19,5.15,9.02,23.63,,17.0,Boa,0,0
2020-11-19,0.0,1009.52,20.08,62.75,Ameno (15-22°C),8.3,5.14,8.77,22.95,,16.0,Boa,0,0
2020-11-20,0.0,1011.01,19.35,68.96,Ameno (15-22°C),7.88,5.94,11.47,19.72,,14.0,Boa,0,0
2020-11-21,0.0,1011.19,19.53,61.71,Ameno (15-22°C),8.14,5.11,6.69,26.1,,16.0,Boa,0,0
2020-11-22,0.0,1013.02,20.25,64.33,Ameno (15-22°C),9.22,5.19,4.34,28.76,,17.0,Boa,2,1
2020-11-23,0.0,1012.2,22.86,65.62,Quente (22-28°C),11.41,5.5,6.36,28.73,,20.0,Boa,0,0
2020-11-24,0.0,1008.98,25.98,62.21,Quente (22-28°C),16.01,5.67,,37.82,,31.0,Boa,1,1
2020-11-25,0.51,1005.06,27.92,59.5,Quente (22-28°C),25.28,10.22,,44.81,,32.0,Boa,0,0
2020-11-26,0.06,1007.42,23.84,78.75,Quente (22-28°C),12.59,5.32,,34.77,,23.0,Boa,0,0
2020-11-27,0.03,1011.96,22.3,83.12,Quente (22-28°C),9.48,4.8,,48.1,,24.0,Boa,0,0
2020-11-28,0.02,1008.91,25.59,73.25,Quente (22-28°C),7.55,4.9,,44.93,,25.0,Boa,0,0
2020-11-29,0.4,1005.4,25.64,71.96,Quente (22-28°C),11.82,18.96,16.59,43.13,,22.0,Boa,0,0
2020-11-30,0.0,1008.84,23.18,77.92,Quente (22-28°C),10.48,6.41,30.81,30.59,,18.0,Boa,0,0
2020-12-01,0.0,1009.26,22.37,71.38,Quente (22-28°C),16.37,5.03,4.16,29.86,,16.0,Boa,0,0
2020-12-02,1.1,1003.21,24.39,75.04,Quente (22-28°C),12.75,5.05,,33.93,,23.0,Boa,3,1
2020-12-03,0.11,998.33,23.45,78.33,Quente (22-28°C),7.45,7.33,13.94,36.59,,19.0,Boa,0,0
2020-12-04,0.0,1009.29,22.95,65.61,Quente (22-28°C),12.56,5.4,12.58,29.34,,22.0,Boa,1,1
2020-12-05,0.0,1015.65,19.78,65.62,Ameno (15-22°C),10.13,5.45,3.21,28.45,,12.0,Boa,2,1
2020-12-06,0.08,1013.86,18.42,80.21,Ameno (15-22°C),11.4,5.55,1.93,23.14,,10.0,Boa,0,0
2020-12-07,0.08,1009.33,20.69,80.96,Ameno (15-22°C),6.0,5.86,13.84,21.46,,14.0,Boa,0,0
2020-12-08,0.0,1008.23,21.83,76.21,Ameno (15-22°C),8.53,13.24,14.45,27.04,,20.0,Boa,0,0
2020-12-09,0.0,1008.84,23.17,75.5,Quente (22-28°C),9.75,8.21,10.4,16.0,,12.0,Boa,0,0
2020-12-10,0.0,1006.63,24.03,70.5,Quente (22-28°C),9.57,6.83,8.47,10.32,,9.0,Boa,0,0
2020-12-11,0.0,1002.04,28.91,58.04,Muito Quente (>28°C),11.72,9.17,16.97,15.51,,11.0,Boa,0,0
2020-12-12,0.05,1004.43,26.2,62.79,Quente (22-28°C),15.03,6.34,20.68,15.2,,13.0,Boa,4,1
2020-12-13,1.76,1003.14,24.78,79.04,Quente (22-28°C),16.6,7.82,16.72,12.04,,15.0,Boa,2,1
2020-12-14,0.88,1005.2,21.61,80.0,Ameno (15-22°C),6.0,7.37,16.96,11.24,,7.0,Boa,0,0
2020-12-15,0.0,1003.99,24.47,69.33,Quente (22-28°C),8.03,7.63,,13.35,,10.0,Boa,0,0
2020-12-16,0.03,1006.07,24.65,79.83,Quente (22-28°C),9.6,4.07,,14.29,,9.0,Boa,0,0
2020-12-17,0.02,1006.91,24.92,74.92,Quente (22-28°C),6.0,3.29,2.44,14.78,,8.0,Boa,3,1
2020-12-18,0.0,1003.78,25.25,70.79,Quente (22-28°C),8.42,3.96,2.94,12.39,,8.0,Boa,0,0
2020-12-19,0.13,997.93,25.27,75.38,Quente (22-28°C),7.95,7.55,5.17,9.12,,8.0,Boa,3,1
2020-12-20,0.0,1002.28,24.64,64.83,Quente (22-28°C),7.76,5.86,3.1,12.93,,8.0,Boa,0,0
2020-12-21,0.0,1008.56,22.11,57.38,Quente (22-28°C),8.05,4.26,2.82,11.41,,7.0,Boa,2,1
2020-12-22,0.0,1009.78,21.31,65.08,Ameno (15-22°C),12.63,3.86,5.24,11.75,,12.0,Boa,0,0
2020-12-23,0.0,1008.1,23.04,66.79,Quente (22-28°C),12.41,4.52,7.58,11.25,,11.0,Boa,4,2
2020-12-24,0.0,1006.93,25.73,69.92,Quente (22-28°C),13.81,4.75,6.92,10.19,,12.0,Boa,0,0
2020-12-25,0.0,1007.3,25.3,68.29,Quente (22-28°C),13.01,4.48,3.05,8.84,,12.0,Boa,0,0
2020-12-26,0.0,1007.32,24.64,71.17,Quente (22-28°C),8.83,4.56,2.62,8.32,,8.0,Boa,0,0
2020-12-27,0.02,1008.27,24.62,74.75,Quente (22-28°C),8.64,4.93,3.17,8.22,,8.0,Boa,0,0
2020-12-28,0.0,1007.8,24.97,72.38,Quente (22-28°C),6.27,4.45,2.47,9.99,,6.0,Boa,0,0
2020-12-29,0.0,1003.31,26.1,70.75,Quente (22-28°C),8.92,6.69,6.98,12.23,,10.0,Boa,0,0
2020-12-30,0.09,999.45,27.19,70.96,Quente (22-28°C),9.66,5.93,14.29,11.97,,9.0,Boa,0,0
2020-12-31,0.61,1004.07,24.12,71.75,Quente (22-28°C),9.21,4.93,6.0,14.32,,8.0,Boa,4,1
2021-01-01,0.0,1009.85,23.08,51.5,Quente (22-28°C),10.99,4.46,2.61,11.08,,10.0,Boa,3,2
2021-01-02,0.0,1008.8,20.3,45.0,Ameno (15-22°C),7.57,7.09,6.25,10.26,,7.0,Boa,2,1
2021-01-03,,,,,,10.8,4.76,3.03,10.81,,10.0,Boa,0,0
2021-01-04,0.0,1003.46,25.03,68.43,Quente (22-28°C),10.3,4.59,6.07,10.39,,9.0,Boa,0,0
2021-01-05,0.18,1003.62,25.08,74.25,Quente (22-28°C),10.65,4.78,9.7,9.01,,10.0,Boa,2,1
2021-01-06,0.45,1002.75,24.62,82.54,Quente (22-28°C),7.41,4.92,8.44,10.96,,8.0,Boa,0,0
2021-01-07,0.0,1002.55,27.62,69.04,Quente (22-28°C),6.88,5.14,10.79,12.8,,9.0,Boa,0,0
2021-01-08,0.0,1004.78,27.97,51.33,Quente (22-28°C),12.48,7.66,14.3,14.75,,11.0,Boa,0,0
2021-01-09,0.0,1004.54,27.77,50.92,Quente (22-28°C),14.4,5.66,12.79,17.85,,13.0,Boa,0,0
2021-01-10,0.0,1004.49,28.64,65.87,Muito Quente (>28°C),12.77,4.88,5.36,13.46,,12.0,Boa,2,1
2021-01-11,0.0,1002.39,30.12,62.08,Muito Quente (>28°C),32.62,4.74,10.71,7.04,,29.0,Boa,0,0
2021-01-12,0.54,1007.17,24.43,83.38,Quente (22-28°C),8.96,5.23,5.92,10.2,,8.0,Boa,4,1
2021-01-13,0.0,1012.94,22.8,69.54,Quente (22-28°C),10.84,5.08,1.65,8.73,,10.0,Boa,0,0
2021-01-14,0.0,1012.7,22.92,67.21,Quente (22-28°C),11.03,5.31,4.1,6.67,,10.0,Boa,0,0
2021-01-15,0.0,1006.09,25.53,73.42,Quente (22-28°C),8.47,5.3,4.04,7.46,,7.0,Boa,0,0
2021-01-16,1.02,999.61,24.62,77.83,Quente (22-28°C),9.16,5.96,9.59,7.57,,8.0,Boa,0,0
2021-01-17,0.18,999.13,24.18,85.75,Quente (22-28°C),15.15,5.72,9.39,7.31,,13.0,Boa,0,0
2021-01-18,0.0,1007.31,23.36,69.67,Quente (22-28°C),8.83,5.52,4.11,8.17,,8.0,Boa,4,2
2021-01-19,0.0,1011.39,22.8,67.38,Quente (22-28°C),9.67,5.24,3.51,7.0,,9.0,Boa,0,0
2021-01-20,0.0,1011.38,22.94,75.79,Quente (22-28°C),9.67,5.18,3.3,6.36,,9.0,Boa,0,0
2021-01-21,0.0,1012.92,23.92,77.29,Quente (22-28°C),9.32,5.18,2.27,8.42,,8.0,Boa,0,0
2021-01-22,0.0,1013.76,25.2,74.42,Quente (22-28°C),6.64,5.21,2.88,8.82,,6.0,Boa,0,0
2021-01-23,0.0,1010.26,25.58,75.12,Quente (22-28°C),8.85,5.39,4.18,9.0,,8.0,Boa,0,0
2021-01-24,0.58,1006.15,25.01,78.54,Quente (22-28°C),10.81,7.53,9.11,9.2,,10.0,Boa,0,0
2021-01-25,0.0,1003.26,25.85,72.79,Quente (22-28°C),10.83,7.16,11.71,9.26,,10.0,Boa,5,1
2021-01-26,0.86,1001.32,25.24,81.83,Quente (22-28°C),11.99,12.38,15.22,5.07,,12.0,Boa,0,0
2021-01-27,0.99,998.94,24.74,85.38,Quente (22-28°C),11.91,13.66,16.88,5.5,,14.0,Boa,0,0
2021-01-28,0.27,1002.08,23.51,87.71,Quente (22-28°C),8.35,5.0,8.97,6.74,,7.0,Boa,0,0
2021-01-29,0.03,999.95,25.78,80.29,Quente (22-28°C),10.02,9.37,11.18,5.79,,9.0,Boa,0,0
2021-01-30,0.0,1002.1,27.26,70.17,Quente (22-28°C),6.86,6.35,10.8,8.28,,6.0,Boa,0,0
2021-01-31,0.27,1003.29,25.04,79.79,Quente (22-28°C),8.97,5.55,5.65,7.83,,8.0,Boa,1,1
2021-02-01,0.0,1003.76,26.7,75.0,Quente (22-28°C),7.22,7.64,9.22,9.03,,8.0,Boa,0,0
2021-02-02,0.23,1004.87,27.2,76.88,Quente (22-28°C),15.96,8.83,14.47,12.02,,14.0,Boa,2,1
2021-02-03,0.16,1004.98,25.05,87.96,Quente (22-28°C),10.93,6.84,14.75,4.36,,10.0,Boa,0,0
2021-02-04,0.58,1001.95,23.16,80.79,Quente (22-28°C),8.05,6.08,10.11,5.79,,7.0,Boa,0,0
2021-02-05,0.0,1003.94,21.26,70.25,Ameno (15-22°C),8.09,8.66,8.6,5.25,,9.0,Boa,4,1
2021-02-06,0.0,1006.74,22.29,66.67,Quente (22-28°C),10.26,6.7,9.08,6.25,,9.0,Boa,0,0
2021-02-07,0.0,1008.76,23.06,71.71,Quente (22-28°C),13.9,7.29,7.63,7.29,,12.0,Boa,0,0
2021-02-08,0.0,1008.94,23.5,68.29,Quente (22-28°C),9.03,5.37,4.06,6.41,,8.0,Boa,7,1
2021-02-09,0.0,1008.72,24.08,72.88,Quente (22-28°C),10.68,7.51,3.41,8.12,,10.0,Boa,0,0
2021-02-10,0.0,1009.08,25.27,70.5,Quente (22-28°C),11.13,6.47,,10.6,,10.0,Boa,4,1
2021-02-11,0.02,1008.0,25.06,71.17,Quente (22-28°C),13.2,6.51,7.48,18.97,,16.0,Boa,0,0
2021-02-12,0.13,1007.11,24.68,79.29,Quente (22-28°C),14.83,6.58,12.39,13.21,,13.0,Boa,0,0
2021-02-13,0.0,1004.62,25.43,74.83,Quente (22-28°C),10.74,9.89,14.13,29.2,,22.0,Boa,0,0
2021-02-14,0.0,1001.8,24.38,77.46,Quente (22-28°C),10.24,17.02,14.5,22.4,,17.0,Boa,0,0
2021-02-15,0.01,1001.15,23.81,76.12,Quente (22-28°C),6.25,9.83,13.84,25.49,,20.0,Boa,1,1
2021-02-16,0.05,1000.38,24.51,73.96,Quente (22-28°C),6.31,19.35,17.53,17.83,,19.0,Boa,3,1
2021-02-17,0.0,1000.81,24.18,65.5,Quente (22-28°C),6.0,10.36,15.49,23.43,,17.0,Boa,0,0
2021-02-18,0.0,1002.03,23.75,68.38,Quente (22-28°C),6.0,13.97,14.94,19.09,,14.0,Boa,0,0
2021-02-19,0.0,1005.16,24.42,71.29,Quente (22-28°C),6.27,9.14,14.57,18.51,,16.0,Boa,1,1
2021-02-20,0.0,1008.78,23.83,75.79,Quente (22-28°C),7.51,7.81,12.92,30.42,,26.0,Boa,3,1
2021-02-21,0.0,1009.29,25.47,72.54,Quente (22-28°C),6.32,6.56,2.37,28.76,,21.0,Boa,3,1
2021-02-22,0.0,1005.8,27.47,62.88,Quente (22-28°C),6.26,10.02,10.56,31.01,,25.0,Boa,5,1
2021-02-23,0.07,1005.53,25.96,72.54,Quente (22-28°C),6.26,9.82,12.36,30.98,,22.0,Boa,2,2
2021-02-24,0.0,1008.73,24.75,58.83,Quente (22-28°C),6.0,6.5,4.18,28.42,,18.0,Boa,0,0
2021-02-25,0.0,1008.73,24.25,67.88,Quente (22-28°C),6.29,6.47,4.11,21.5,,14.0,Boa,0,0
2021-02-26,0.0,1009.72,24.38,66.25,Quente (22-28°C),6.0,6.6,3.5,18.14,,13.0,Boa,4,1
2021-02-27,0.0,1013.11,24.95,67.88,Quente (22-28°C),6.0,6.61,1.61,20.02,,12.0,Boa,2,1
2021-02-28,0.0,1011.65,24.52,75.92,Quente (22-28°C),6.0,6.73,0.52,22.37,,11.0,Boa,0,0
2021-03-01,0.0,1007.19,24.92,77.21,Quente (22-28°C),6.0,6.81,3.74,24.77,,14.0,Boa,0,0
2021-03-02,0.0,1005.98,26.4,71.79,Quente (22-28°C),6.31,9.28,5.51,30.25,,23.0,Boa,0,0
2021-03-03,0.0,1007.12,26.75,77.0,Quente (22-28°C),6.39,8.92,6.39,32.46,,23.0,Boa,3,1
2021-03-04,0.51,1003.85,24.34,89.04,Quente (22-28°C),6.0,7.02,6.94,20.54,,13.0,Boa,4,1
2021-03-05,0.55,1000.14,22.35,90.38,Quente (22-28°C),6.52,7.47,9.31,11.0,,8.0,Boa,0,0
2021-03-06,0.0,1004.41,22.53,72.79,Quente (22-28°C),6.0,7.42,5.36,17.34,,14.0,Boa,0,0
2021-03-07,0.0,1006.84,22.64,71.71,Quente (22-28°C),6.0,7.38,4.12,22.48,,18.0,Boa,0,0
2021-03-08,0.0,1005.96,24.71,72.62,Quente (22-28°C),8.09,11.84,7.52,26.19,,22.0,Boa,3,1
2021-03-09,0.47,1006.81,23.18,78.42,Quente (22-28°C),8.2,7.9,5.03,18.72,,12.0,Boa,7,2
2021-03-10,0.0,1006.13,22.75,72.79,Quente (22-28°C),11.1,7.97,8.5,16.75,,14.0,Boa,0,0
2021-03-11,0.0,1006.06,22.53,73.92,Quente (22-28°C),21.61,10.58,9.88,19.5,,20.0,Boa,0,0
2021-03-12,0.0,1008.25,23.47,72.12,Quente (22-28°C),14.91,8.95,9.79,24.13,,22.0,Boa,1,1
2021-03-13,0.0,1008.51,24.3,69.83,Quente (22-28°C),16.53,9.41,7.08,30.81,,26.0,Boa,3,1
2021-03-14,0.0,1009.37,24.18,79.48,Quente (22-28°C),14.72,10.07,5.07,22.18,,18.0,Boa,2,1
2021-03-15,0.0,1009.17,24.2,73.25,Quente (22-28°C),10.71,8.11,3.39,24.38,,14.0,Boa,4,1
2021-03-16,0.0,1004.02,27.14,70.58,Quente (22-28°C),17.04,10.65,7.94,40.13,,32.0,Boa,3,1
2021-03-17,0.59,1002.4,25.39,78.75,Quente (22-28°C),13.0,9.35,9.38,30.9,,18.0,Boa,4,1
2021-03-18,0.0,1008.53,22.47,74.12,Quente (22-28°C),7.6,8.34,6.35,23.32,,14.0,Boa,0,0
2021-03-19,0.0,1010.57,22.69,73.25,Quente (22-28°C),10.26,8.22,5.07,20.27,,14.0,Boa,0,0
2021-03-20,0.0,1008.52,26.16,67.25,Quente (22-28°C),11.43,8.36,6.42,24.24,,19.0,Boa,3,1
2021-03-21,0.14,1008.92,24.65,83.38,Quente (22-28°C),10.78,12.59,8.1,16.91,,13.0,Boa,0,0
2021-03-22,0.07,1012.04,23.03,82.92,Quente (22-28°C),6.3,8.24,4.76,21.5,,11.0,Boa,0,0
2021-03-23,0.15,1009.95,21.82,90.17,Ameno (15-22°C),9.03,8.2,7.95,16.34,,9.0,Boa,0,0
2021-03-24,0.02,1011.58,22.65,82.54,Quente (22-28°C),7.28,7.8,3.55,23.68,,13.0,Boa,0,0
2021-03-25,0.05,1008.79,25.16,75.58,Quente (22-28°C),9.72,8.73,7.65,21.52,,17.0,Boa,0,0
2021-03-26,0.53,1006.1,23.95,84.17,Quente (22-28°C),9.94,9.73,13.1,24.49,,14.0,Boa,0,0
2021-03-27,0.0,1006.71,23.09,86.88,Quente (22-28°C),10.83,10.02,11.97,13.47,,10.0,Boa,0,0
2021-03-28,0.06,1005.73,23.7,83.88,Quente (22-28°C),8.7,14.28,10.12,15.82,,14.0,Boa,4,2
2021-03-29,0.0,1006.79,22.09,72.67,Quente (22-28°C),6.96,9.94,7.63,19.94,,14.0,Boa,0,0
2021-03-30,0.16,1006.98,20.07,79.0,Ameno (15-22°C),9.44,14.53,11.93,14.62,,15.0,Boa,0,0
2021-03-31,0.01,1008.63,20.61,75.29,Ameno (15-22°C),10.98,8.49,10.47,12.33,,12.0,Boa,5,1
2021-04-01,0.01,1009.86,20.7,78.29,Ameno (15-22°C),12.58,16.35,11.56,16.88,,16.0,Boa,0,0
2021-04-02,0.0,1012.98,19.61,79.62,Ameno (15-22°C),11.94,9.7,5.0,18.82,,13.0,Boa,3,1
2021-04-03,0.0,1012.72,22.32,77.12,Quente (22-28°C),10.76,10.24,3.76,26.38,,16.0,Boa,3,1
2021-04-04,0.0,1012.29,23.0,73.42,Quente (22-28°C),11.0,8.74,3.6,18.25,,14.0,Boa,0,0
2021-04-05,0.0,1011.5,23.58,70.92,Quente (22-28°C),9.2,8.81,6.26,19.49,,16.0,Boa,0,0
2021-04-06,0.0,1011.15,24.12,70.83,Quente (22-28°C),12.83,10.85,10.04,22.47,,19.0,Boa,5,1
2021-04-07,0.0,1012.86,23.54,70.25,Quente (22-28°C),10.71,9.11,6.63,18.62,,14.0,Boa,0,0
2021-04-08,0.0,1012.25,25.0,64.25,Quente (22-28°C),18.47,9.11,10.47,19.47,,16.0,Boa,0,0
2021-04-09,0.0,1009.94,26.34,62.42,Quente (22-28°C),20.4,15.69,16.43,21.34,,20.0,Boa,0,0
2021-04-10,0.0,1006.44,27.73,59.75,Quente (22-28°C),21.3,15.87,17.64,26.58,,22.0,Boa,0,0
2021-04-11,0.01,1004.07,26.11,62.5,Quente (22-28°C),17.89,17.4,10.17,31.0,,20.0,Boa,0,0
2021-04-12,0.0,1012.02,20.89,69.62,Ameno (15-22°C),9.7,9.58,7.79,20.0,,13.0,Boa,4,1
2021-04-13,0.0,1014.88,21.14,73.67,Ameno (15-22°C),15.7,9.0,10.34,16.8,,14.0,Boa,0,0
2021-04-14,0.0,1012.76,21.5,66.88,Ameno (15-22°C),12.91,9.45,8.87,20.86,,16.0,Boa,0,0
2021-04-15,0.0,1010.38,22.78,64.96,Quente (22-28°C),18.79,12.56,14.08,20.8,,20.0,Boa,0,0
2021-04-16,0.0,1008.32,24.37,66.38,Quente (22-28°C),32.89,14.95,17.47,30.14,,29.0,Boa,0,0
2021-04-17,0.0,1010.09,22.95,77.96,Quente (22-28°C),44.99,9.4,8.77,22.45,,40.0,Boa,0,0
2021-04-18,0.0,1012.0,21.88,78.58,Ameno (15-22°C),9.35,8.92,4.3,18.12,,13.0,Boa,6,2
2021-04-19,0.0,1013.94,21.02,72.0,Ameno (15-22°C),11.51,9.12,7.82,17.26,,14.0,Boa,3,1
2021-04-20,0.01,1014.66,21.55,72.38,Ameno (15-22°C),13.46,9.12,5.24,22.07,,12.0,Boa,3,1
2021-04-21,0.0,1014.65,21.36,76.42,Ameno (15-22°C),12.21,9.08,2.77,24.24,,14.0,Boa,4,1
2021-04-22,0.0,1013.24,21.14,68.96,Ameno (15-22°C),15.18,9.02,5.99,24.64,,15.0,Boa,6,1
2021-04-23,0.0,1010.89,21.3,72.12,Ameno (15-22°C),12.76,9.25,8.38,18.02,,14.0,Boa,0,0
2021-04-24,0.0,1007.1,21.99,68.38,Ameno (15-22°C),17.65,13.86,13.84,30.13,,23.0,Boa,0,0
2021-04-25,1.08,1007.62,19.1,86.42,Ameno (15-22°C),7.54,10.1,6.1,17.66,,14.0,Boa,0,0
2021-04-26,0.01,1010.52,17.33,72.96,Ameno (15-22°C),8.24,21.65,12.98,16.75,,22.0,Boa,2,1
2021-04-27,0.0,1012.11,17.53,66.21,Ameno (15-22°C),10.66,9.46,14.44,14.8,,15.0,Boa,0,0
2021-04-28,0.0,1014.85,16.3,77.88,Ameno (15-22°C),16.9,11.3,17.16,14.21,,15.0,Boa,0,0
2021-04-29,0.01,1017.89,17.71,75.46,Ameno (15-22°C),14.24,9.46,11.12,18.76,,17.0,Boa,0,0
2021-04-30,0.0,1016.8,19.22,74.21,Ameno (15-22°C),13.72,14.11,15.37,22.45,,20.0,Boa,3,1
2021-05-01,0.0,1014.1,20.05,67.38,Ameno (15-22°C),18.03,9.66,12.12,19.82,,18.0,Boa,0,0
2021-05-02,0.0,1011.8,21.3,68.04,Ameno (15-22°C),22.48,12.84,11.48,26.09,,22.0,Boa,0,0
2021-05-03,0.0,1008.95,23.99,64.42,Quente (22-28°C),24.54,14.31,20.51,24.09,,24.0,Boa,0,0
2021-05-04,0.33,1008.93,22.04,76.17,Quente (22-28°C),23.21,12.46,17.59,20.24,,20.0,Boa,0,0
2021-05-05,0.57,1014.04,15.89,89.96,Ameno (15-22°C),7.17,9.55,11.81,15.54,,11.0,Boa,0,0
2021-05-06,0.05,1014.78,14.74,79.08,Frio (<15°C),7.54,10.49,11.63,17.9,,10.0,Boa,7,1
2021-05-07,0.0,1018.7,13.64,79.29,Frio (<15°C),15.22,16.25,14.65,13.16,,16.0,Boa,5,1
2021-05-08,0.0,1021.0,15.27,78.92,Ameno (15-22°C),15.98,10.53,11.17,21.87,,19.0,Boa,0,0
2021-05-09,0.01,1018.18,16.89,76.38,Ameno (15-22°C),12.16,13.26,9.75,19.39,,17.0,Boa,0,0
2021-05-10,0.03,1013.13,19.09,74.25,Ameno (15-22°C),15.09,28.51,15.91,15.23,,29.0,Boa,4,2
2021-05-11,0.64,1013.67,15.58,77.58,Ameno (15-22°C),7.81,9.87,8.22,22.59,,13.0,Boa,6,1
2021-05-12,0.0,1015.32,13.97,67.58,Frio (<15°C),17.1,12.74,15.52,13.41,,15.0,Boa,7,2
2021-05-13,0.01,1017.09,13.0,74.88,Frio (<15°C),22.64,35.49,22.89,15.13,,35.0,Boa,3,1
2021-05-14,0.0,1016.06,12.86,79.96,Frio (<15°C),25.36,12.81,23.48,13.36,,22.0,Boa,6,1
2021-05-15,0.01,1014.5,13.84,87.83,Frio (<15°C),33.46,36.04,21.27,17.51,,36.0,Boa,3,1
2021-05-16,0.0,1013.5,15.72,87.62,Ameno (15-22°C),26.11,35.5,16.24,11.69,,36.0,Boa,0,0
2021-05-17,0.0,1012.32,16.29,81.21,Ameno (15-22°C),17.37,16.18,14.19,21.21,,16.0,Boa,6,2
2021-05-18,0.0,1013.51,14.4,75.17,Frio (<15°C),18.51,11.97,18.39,18.23,,18.0,Boa,0,0
2021-05-19,0.01,1011.51,12.73,79.25,Frio (<15°C),23.29,15.59,23.99,17.8,,20.0,Boa,6,1
2021-05-20,0.0,1010.13,13.71,82.33,Frio (<15°C),25.53,12.29,21.01,6.35,,23.0,Boa,0,0
2021-05-21,1.78,1005.92,15.77,89.08,Ameno (15-22°C),13.6,17.44,15.46,12.31,,17.0,Boa,0,0
2021-05-22,0.27,1001.17,17.81,83.17,Ameno (15-22°C),10.36,14.84,8.83,21.38,,15.0,Boa,0,0
2021-05-23,0.0,1004.37,14.31,64.21,Frio (<15°C),12.53,212.09,13.74,21.47,,131.0,Muito Ruim,6,1
2021-05-24,0.0,1010.25,13.56,67.83,Frio (<15°C),7.59,23.54,10.63,24.64,,24.0,Boa,0,0
2021-05-25,0.0,1013.64,13.12,68.83,Frio (<15°C),17.03,78.47,18.82,17.39,,95.0,Ruim,0,0
2021-05-26,0.0,1013.02,12.95,77.33,Frio (<15°C),23.61,17.3,23.02,15.41,,21.0,Boa,6,1
2021-05-27,0.01,1008.79,14.78,73.62,Frio (<15°C),33.19,19.45,25.29,14.78,,29.0,Boa,7,1
2021-05-28,3.16,1000.34,15.08,87.71,Ameno (15-22°C),26.25,12.52,17.92,8.21,,23.0,Boa,5,2
2021-05-29,0.0,1004.48,16.64,78.46,Ameno (15-22°C),8.17,13.85,10.67,20.06,,14.0,Boa,0,0
2021-05-30,0.0,1015.42,10.96,56.08,Frio (<15°C),13.17,11.79,9.12,17.85,,16.0,Boa,0,0
2021-05-31,0.0,1014.77,9.94,73.71,Frio (<15°C),21.18,17.29,17.36,10.64,,19.0,Boa,4,1
2021-06-01,0.01,1009.38,13.54,72.67,Frio (<15°C),31.98,18.84,25.91,11.14,,28.0,Boa,6,2
2021-06-02,0.0,1007.12,16.67,75.42,Ameno (15-22°C),26.21,26.33,20.81,11.51,,26.0,Boa,0,0
2021-06-03,0.0,1012.75,14.9,79.71,Frio (<15°C),19.88,22.46,17.35,13.73,,22.0,Boa,0,0
2021-06-04,0.0,1010.39,18.94,77.54,Ameno (15-22°C),28.41,12.24,21.07,10.6,,25.0,Boa,0,0
2021-06-05,0.45,1007.32,22.17,71.62,Quente (22-28°C),21.38,19.65,12.7,30.5,,21.0,Boa,7,3
2021-06-06,0.15,1013.43,15.52,90.0,Ameno (15-22°C),12.8,11.24,4.65,23.52,,15.0,Boa,0,0
2021-06-07,0.02,1014.81,16.07,83.54,Ameno (15-22°C),7.14,10.88,4.46,27.54,,16.0,Boa,8,1
2021-06-08,0.55,1013.97,16.27,90.25,Ameno (15-22°C),6.7,11.03,11.49,16.4,,13.0,Boa,7,2
2021-06-09,0.12,1012.56,17.93,88.58,Ameno (15-22°C),6.0,10.7,8.68,23.46,,14.0,Boa,0,0
2021-06-10,0.88,1010.59,15.92,95.25,Ameno (15-22°C),9.36,11.38,19.41,2.36,,11.0,Boa,5,2
2021-06-11,0.01,1013.19,14.68,82.88,Frio (<15°C),7.96,11.24,13.0,13.55,,11.0,Boa,0,0
2021-06-12,0.0,1014.57,12.66,68.54,Frio (<15°C),12.68,22.78,15.75,15.91,,23.0,Boa,0,0
2021-06-13,0.0,1016.13,14.2,76.46,Frio (<15°C),25.43,18.25,15.41,17.17,,22.0,Boa,0,0
2021-06-14,0.0,1014.07,15.11,79.08,Ameno (15-22°C),22.26,15.31,19.78,10.73,,20.0,Boa,0,0
2021-06-15,0.01,1015.75,13.28,87.92,Frio (<15°C),26.4,11.52,17.13,11.2,,23.0,Boa,0,0
2021-06-16,0.0,1018.63,11.35,71.21,Frio (<15°C),9.99,11.19,11.92,24.37,,14.0,Boa,5,1
2021-06-17,0.0,1019.48,10.67,79.96,Frio (<15°C),16.65,11.52,18.01,14.02,,15.0,Boa,8,1
2021-06-18,0.0,1019.65,11.8,88.38,Frio (<15°C),14.48,12.23,14.17,11.88,,12.0,Boa,9,1
2021-06-19,0.06,1015.76,14.12,89.5,Frio (<15°C),14.62,12.03,16.37,6.76,,13.0,Boa,3,1
2021-06-20,0.01,1015.07,15.01,90.42,Ameno (15-22°C),12.17,11.78,7.68,6.9,,12.0,Boa,0,0
2021-06-21,0.06,1016.21,13.68,91.92,Frio (<15°C),7.2,11.5,8.21,14.5,,12.0,Boa,0,0
2021-06-22,0.0,1017.35,14.26,90.17,Frio (<15°C),7.52,11.2,8.01,20.63,,12.0,Boa,0,0
2021-06-23,0.0,1014.74,16.42,82.38,Ameno (15-22°C),7.39,11.78,9.76,16.11,,12.0,Boa,0,0
2021-06-24,0.28,1003.35,17.5,79.38,Ameno (15-22°C),9.41,15.07,13.45,9.57,,15.0,Boa,0,0
2021-06-25,0.0,1011.58,14.86,74.25,Frio (<15°C),10.54,14.52,13.29,18.51,,15.0,Boa,0,0
2021-06-26,3.64,1006.35,14.69,92.54,Frio (<15°C),7.41,12.01,9.78,13.91,,12.0,Boa,0,0
2021-06-27,0.92,1009.96,13.1,85.58,Frio (<15°C),33.81,12.0,4.21,21.3,,30.0,Boa,0,0
2021-06-28,0.0,1017.7,8.95,66.58,Frio (<15°C),6.0,59.6,10.42,23.36,,86.0,Ruim,0,0
2021-06-29,0.0,1017.57,8.1,68.71,Frio (<15°C),9.14,111.09,12.28,20.71,,113.0,Ruim,17,1
2021-06-30,0.06,1021.78,9.11,86.88,Frio (<15°C),9.67,35.11,12.93,16.17,,35.0,Boa,0,0
2021-07-01,0.0,1020.74,10.95,88.54,Frio (<15°C),9.23,14.07,19.67,8.17,,14.0,Boa,0,0
2021-07-02,0.01,1017.25,12.98,80.25,Frio (<15°C),16.7,19.63,19.79,10.99,,20.0,Boa,6,1
2021-07-03,0.0,1018.9,12.08,80.88,Frio (<15°C),28.35,14.59,22.83,15.82,,25.0,Boa,0,0
2021-07-04,0.01,1019.2,10.66,86.62,Frio (<15°C),27.38,12.6,16.59,12.04,,24.0,Boa,9,3
2021-07-05,0.01,1018.52,12.52,86.17,Frio (<15°C),34.61,14.89,30.97,12.39,,31.0,Boa,8,2
2021-07-06,0.01,1017.68,14.2,86.08,Frio (<15°C),31.41,15.4,24.67,13.37,,28.0,Boa,12,1
2021-07-07,0.0,1015.42,16.78,73.96,Ameno (15-22°C),37.15,37.99,23.53,8.54,,38.0,Boa,0,0
2021-07-08,0.0,1014.78,16.85,77.92,Ameno (15-22°C),46.96,18.04,30.94,14.87,,42.0,Moderada,6,1
2021-07-09,0.0,1014.42,16.48,83.5,Ameno (15-22°C),32.24,37.24,28.79,18.24,,37.0,Boa,1,1
2021-07-10,0.01,1011.82,17.06,76.0,Ameno (15-22°C),36.23,40.63,22.72,17.53,,41.0,Moderada,0,0
2021-07-11,0.0,1013.89,16.55,83.0,Ameno (15-22°C),39.97,13.43,12.12,25.88,,36.0,Boa,0,0
2021-07-12,0.0,1012.72,18.11,79.5,Ameno (15-22°C),31.95,14.34,20.38,15.26,,28.0,Boa,0,0
2021-07-13,0.0,1010.92,17.84,78.62,Ameno (15-22°C),49.06,14.76,31.69,9.92,,43.0,Moderada,9,1
2021-07-14,0.0,1009.42,18.12,76.62,Ameno (15-22°C),45.21,13.42,21.76,21.08,,40.0,Boa,0,0
2021-07-15,0.42,1007.6,15.92,91.83,Ameno (15-22°C),24.9,13.27,20.04,18.55,,22.0,Boa,0,0
2021-07-16,0.0,1012.88,13.22,83.71,Frio (<15°C),12.29,12.7,12.4,28.87,,18.0,Boa,0,0
2021-07-17,0.03,1011.05,12.76,83.29,Frio (<15°C),15.8,17.96,13.88,18.74,,18.0,Boa,3,1
2021-07-18,0.01,1013.51,10.65,56.33,Frio (<15°C),15.35,14.84,5.48,37.14,,18.0,Boa,4,1
2021-07-19,0.0,1017.35,9.85,68.46,Frio (<15°C),14.25,15.81,12.08,31.38,,18.0,Boa,0,0
2021-07-20,0.0,1019.18,9.21,76.96,Frio (<15°C),28.98,19.63,21.8,12.92,,26.0,Boa,0,0
2021-07-21,0.0,1019.09,10.15,74.58,Frio (<15°C),48.21,16.89,23.4,20.0,,42.0,Moderada,0,0
2021-07-22,0.0,1020.01,11.91,73.12,Frio (<15°C),50.76,16.43,31.99,29.15,,45.0,Moderada,0,0
2021-07-23,0.01,1015.0,16.05,73.54,Ameno (15-22°C),65.22,30.04,48.4,51.13,,85.0,Ruim,0,0
2021-07-24,0.0,1011.6,18.29,65.33,Ameno (15-22°C),63.25,15.11,37.81,46.49,,63.0,Moderada,6,1
2021-07-25,0.0,1006.44,20.33,62.96,Ameno (15-22°C),54.56,13.49,24.41,34.79,,48.0,Moderada,6,1
2021-07-26,1.3,1005.08,18.02,88.75,Ameno (15-22°C),46.91,13.34,31.41,14.64,,42.0,Moderada,0,0
2021-07-27,0.05,1010.73,11.26,71.87,Frio (<15°C),8.96,12.89,9.51,45.4,,21.0,Boa,3,1
2021-07-28,0.08,1014.88,6.85,70.5,Frio (<15°C),13.51,29.69,14.38,42.56,,30.0,Boa,0,0
2021-07-29,0.0,1020.54,6.7,69.92,Frio (<15°C),9.74,18.91,15.36,43.76,,24.0,Boa,0,0
2021-07-30,0.0,1023.6,7.59,73.62,Frio (<15°C),25.8,20.32,26.92,33.72,,24.0,Boa,0,0
2021-07-31,0.0,1022.92,11.52,71.04,Frio (<15°C),28.94,13.53,20.39,30.08,,26.0,Boa,0,0
2021-08-01,0.01,1022.84,11.65,81.71,Frio (<15°C),39.0,15.25,17.31,35.5,,35.0,Boa,8,1
2021-08-02,0.0,1022.6,11.12,83.25,Frio (<15°C),24.04,13.81,15.34,35.22,,21.0,Boa,0,0
2021-08-03,0.0,1023.34,11.38,84.12,Frio (<15°C),26.48,13.2,16.63,38.64,,26.0,Boa,0,0
2021-08-04,0.0,1024.5,13.39,91.29,Frio (<15°C),6.75,12.33,8.96,41.94,,20.0,Boa,0,0
2021-08-05,0.0,1022.23,17.22,83.46,Ameno (15-22°C),9.94,12.65,9.22,41.52,,23.0,Boa,0,0
2021-08-06,0.0,1019.08,17.56,78.0,Ameno (15-22°C),27.86,13.25,21.84,22.63,,25.0,Boa,0,0
2021-08-07,0.01,1014.37,19.42,71.96,Ameno (15-22°C),38.28,13.76,22.03,30.36,,34.0,Boa,0,0
2021-08-08,0.0,1012.2,20.74,71.83,Ameno (15-22°C),51.08,16.38,17.01,34.2,,45.0,Moderada,0,0
2021-08-09,0.14,1009.6,18.7,81.25,Ameno (15-22°C),45.78,15.67,23.08,22.02,,41.0,Moderada,0,0
2021-08-10,0.26,1013.31,14.16,93.21,Frio (<15°C),12.66,12.58,17.28,26.71,,13.0,Boa,0,0
2021-08-11,0.0,1020.15,11.51,71.42,Frio (<15°C),9.46,12.5,10.58,43.96,,23.0,Boa,0,0
2021-08-12,0.0,1022.15,9.4,80.75,Frio (<15°C),18.24,13.29,13.0,33.44,,22.0,Boa,0,0
2021-08-13,0.0,1019.98,14.16,81.58,Frio (<15°C),11.15,12.71,8.8,44.73,,26.0,Boa,0,0
2021-08-14,0.0,1015.33,16.81,78.62,Ameno (15-22°C),12.37,14.26,10.35,44.45,,25.0,Boa,6,1
2021-08-15,0.0,1012.65,15.19,87.96,Ameno (15-22°C),17.03,14.09,10.28,33.61,,24.0,Boa,0,0
2021-08-16,0.0,1010.45,15.39,88.04,Ameno (15-22°C),16.53,14.86,13.38,37.82,,21.0,Boa,13,1
2021-08-17,0.01,1008.41,19.55,82.25,Ameno (15-22°C),42.24,25.69,27.78,34.33,,37.0,Boa,0,0
2021-08-18,0.85,1008.67,18.15,89.42,Ameno (15-22°C),26.19,13.29,15.91,37.31,,28.0,Boa,0,0
2021-08-19,0.0,1002.98,24.76,62.38,Quente (22-28°C),33.47,14.32,28.28,46.62,,39.0,Boa,0,0
2021-08-20,0.05,1006.94,20.03,73.08,Ameno (15-22°C),39.17,13.73,15.54,60.61,,35.0,Boa,0,0
2021-08-21,0.04,1010.88,15.86,89.83,Ameno (15-22°C),12.65,13.26,9.29,40.44,,19.0,Boa,0,0
2021-08-22,0.0,1001.63,22.38,67.04,Quente (22-28°C),32.23,40.36,21.42,39.95,,40.0,Boa,0,0
2021-08-23,0.12,1006.22,17.38,69.67,Ameno (15-22°C),30.09,13.1,6.51,56.0,,27.0,Boa,0,0
2021-08-24,0.89,1002.68,16.25,92.88,Ameno (15-22°C),17.77,13.54,14.11,39.38,,25.0,Boa,13,1
2021-08-25,2.94,1000.11,17.45,96.5,Ameno (15-22°C),15.77,13.84,20.6,37.67,,22.0,Boa,0,0
2021-08-26,0.31,1008.8,14.1,85.46,Frio (<15°C),8.46,12.97,12.11,50.62,,25.0,Boa,0,0
2021-08-27,0.0,1016.44,13.98,79.04,Frio (<15°C),12.14,18.37,14.86,39.13,,29.0,Boa,0,0
2021-08-28,0.0,1018.18,15.85,77.67,Ameno (15-22°C),16.13,15.14,9.39,47.13,,28.0,Boa,4,1
2021-08-29,0.0,1018.42,18.92,72.42,Ameno (15-22°C),20.5,13.98,9.65,51.47,,28.0,Boa,0,0
2021-08-30,0.0,1016.38,19.66,73.29,Ameno (15-22°C),22.44,13.63,13.76,38.96,,27.0,Boa,0,0
2021-08-31,0.0,1014.99,21.45,66.83,Ameno (15-22°C),24.66,17.97,17.45,51.11,,31.0,Boa,0,0
2021-09-01,0.0,1012.09,21.45,64.62,Ameno (15-22°C),30.63,19.12,22.16,43.79,,31.0,Boa,15,2
2021-09-02,0.0,1008.38,23.0,65.25,Quente (22-28°C),52.5,24.03,23.85,44.7,,46.0,Moderada,0,0
2021-09-03,0.0,1009.2,19.2,79.83,Ameno (15-22°C),25.47,14.89,14.4,51.99,,26.0,Boa,0,0
2021-09-04,0.28,1009.82,16.72,81.0,Ameno (15-22°C),10.54,13.76,5.53,63.68,,30.0,Boa,4,1
2021-09-05,0.77,1008.57,17.42,86.21,Ameno (15-22°C),7.2,17.29,8.92,49.38,,25.0,Boa,0,0
2021-09-06,0.0,1011.72,18.4,80.33,Ameno (15-22°C),9.76,13.88,7.6,56.05,,32.0,Boa,0,0
2021-09-07,1.48,1008.27,16.84,93.17,Ameno (15-22°C),8.71,13.8,5.67,55.08,,26.0,Boa,0,0
2021-09-08,1.59,1001.58,18.29,94.33,Ameno (15-22°C),11.96,14.07,16.47,36.38,,22.0,Boa,0,0
2021-09-09,0.06,1005.78,17.33,68.75,Ameno (15-22°C),10.04,57.48,12.02,46.87,,84.0,Ruim,0,0
2021-09-10,0.0,1010.44,15.4,71.08,Ameno (15-22°C),12.19,54.68,15.3,44.28,,83.0,Ruim,6,1
2021-09-11,0.0,1013.08,16.6,71.29,Ameno (15-22°C),9.39,16.49,9.51,56.09,,33.0,Boa,0,0
2021-09-12,0.0,1008.55,20.11,72.96,Ameno (15-22°C),9.37,13.77,8.4,48.02,,33.0,Boa,0,0
2021-09-13,2.27,1002.06,19.33,89.25,Ameno (15-22°C),,14.15,13.24,39.02,,21.0,Boa,0,0
2021-09-14,0.12,1004.13,18.31,92.96,Ameno (15-22°C),,25.79,15.93,47.78,,26.0,Boa,0,0
2021-09-15,0.0,1016.52,15.62,57.67,Ameno (15-22°C),,18.85,9.17,60.87,,35.0,Boa,0,0
2021-09-16,0.0,1020.55,14.98,68.96,Frio (<15°C),,14.26,10.43,46.58,,29.0,Boa,0,0
2021-09-17,0.19,1014.87,15.92,85.65,Ameno (15-22°C),,15.97,18.65,26.47,,20.0,Boa,0,0
2021-09-18,0.01,1009.57,18.33,87.71,Ameno (15-22°C),,14.81,11.26,44.48,,33.0,Boa,0,0
2021-09-19,0.7,1007.5,19.72,87.96,Ameno (15-22°C),,14.67,4.74,62.85,,29.0,Boa,4,1
2021-09-20,0.07,1003.69,21.63,87.12,Ameno (15-22°C),,14.44,7.85,47.74,,27.0,Boa,0,0
2021-09-21,0.01,1014.46,16.8,75.38,Ameno (15-22°C),,14.37,4.04,63.84,,31.0,Boa,0,0
2021-09-22,0.0,1016.51,16.32,70.92,Ameno (15-22°C),,14.28,6.52,51.85,,30.0,Boa,0,0
2021-09-23,0.26,1013.71,16.78,74.96,Ameno (15-22°C),,14.66,14.58,41.47,,25.0,Boa,0,0
2021-09-24,0.0,1013.52,17.33,82.29,Ameno (15-22°C),,14.71,13.88,41.21,,27.0,Boa,0,0
2021-09-25,0.0,1012.61,17.28,78.75,Ameno (15-22°C),,18.7,10.06,50.71,,39.0,Boa,3,1
2021-09-26,0.0,1010.84,19.54,82.04,Ameno (15-22°C),,17.57,8.55,53.83,,36.0,Boa,6,2
2021-09-27,0.0,1010.68,21.63,79.96,Ameno (15-22°C),,22.36,11.53,65.59,,39.0,Boa,0,0
2021-09-28,0.18,1010.03,18.78,88.0,Ameno (15-22°C),,15.14,13.22,49.97,,25.0,Boa,0,0
2021-09-29,0.18,1011.76,18.79,85.12,Ameno (15-22°C),,14.89,8.35,49.7,,26.0,Boa,0,0
2021-09-30,0.93,1007.12,18.36,79.83,Ameno (15-22°C),,14.74,6.41,58.59,,27.0,Boa,5,2
2021-10-01,0.2,1003.45,19.19,87.08,Ameno (15-22°C),,16.66,12.18,41.01,,23.0,Boa,6,1
2021-10-02,0.0,1005.87,18.28,75.46,Ameno (15-22°C),,15.23,5.34,72.48,,36.0,Boa,4,1
2021-10-03,0.17,1003.35,17.97,84.88,Ameno (15-22°C),,15.59,5.31,55.43,,28.0,Boa,0,0
2021-10-04,0.0,1011.02,15.68,70.0,Ameno (15-22°C),,14.89,6.54,57.27,,26.0,Boa,0,0
2021-10-05,0.01,1013.48,15.23,64.45,Ameno (15-22°C),,14.85,7.7,55.37,,34.0,Boa,0,0
2021-10-06,0.01,1009.27,17.92,70.42,Ameno (15-22°C),,25.24,13.56,48.03,,27.0,Boa,0,0
2021-10-07,0.0,1013.87,15.38,68.25,Ameno (15-22°C),,14.89,5.27,60.09,,28.0,Boa,0,0
2021-10-08,0.0,1011.44,16.57,72.96,Ameno (15-22°C),,15.3,7.67,47.07,,28.0,Boa,0,0
2021-10-09,0.01,1010.63,18.15,81.58,Ameno (15-22°C),,15.67,4.24,51.7,,25.0,Boa,0,0
2021-10-10,0.0,1011.08,20.06,75.75,Ameno (15-22°C),,15.76,3.13,57.23,,27.0,Boa,6,1
2021-10-11,0.06,1010.46,18.92,79.0,Ameno (15-22°C),,15.56,8.68,41.29,,23.0,Boa,0,0
2021-10-12,0.02,1007.26,21.44,75.71,Ameno (15-22°C),,16.36,9.89,50.47,,38.0,Boa,0,0
2021-10-13,0.0,1003.03,23.25,73.75,Quente (22-28°C),,15.81,11.42,40.84,,30.0,Boa,5,1
2021-10-14,0.0,997.97,25.46,64.75,Quente (22-28°C),,18.99,11.18,56.96,,37.0,Boa,4,1
2021-10-15,0.74,1005.94,19.54,89.46,Ameno (15-22°C),,15.68,9.32,43.44,,24.0,Boa,0,0
2021-10-16,0.52,1013.6,16.57,88.42,Ameno (15-22°C),,15.37,4.43,49.11,,25.0,Boa,0,0
2021-10-17,0.0,1014.6,17.43,67.38,Ameno (15-22°C),,15.9,3.57,52.0,,25.0,Boa,0,0
2021-10-18,0.0,1014.17,17.85,75.42,Ameno (15-22°C),,16.03,7.11,39.67,,26.0,Boa,4,1
2021-10-19,0.0,1016.31,17.67,68.0,Ameno (15-22°C),,15.68,8.02,43.16,,28.0,Boa,0,0
2021-10-20,0.0,1014.79,17.46,70.67,Ameno (15-22°C),,15.9,7.05,42.89,,28.0,Boa,0,0
2021-10-21,0.0,1009.87,19.43,67.67,Ameno (15-22°C),,19.81,9.31,51.85,,38.0,Boa,0,0
2021-10-22,0.0,1006.68,20.05,74.33,Ameno (15-22°C),,18.12,11.28,48.18,,38.0,Boa,0,0
2021-10-23,0.05,999.34,20.14,78.75,Ameno (15-22°C),,21.53,15.7,39.86,,25.0,Boa,0,0
2021-10-24,0.07,1007.35,18.93,65.92,Ameno (15-22°C),,17.33,6.29,44.99,,25.0,Boa,0,0
2021-10-25,0.0,1011.33,20.28,59.21,Ameno (15-22°C),,29.44,16.23,34.76,,29.0,Boa,0,0
2021-10-26,0.0,1011.88,23.42,54.0,Quente (22-28°C),,26.09,19.69,55.62,,72.0,Moderada,0,0
2021-10-27,0.0,1014.24,25.21,51.0,Quente (22-28°C),,29.42,20.12,62.0,,75.0,Moderada,0,0
2021-10-28,0.0,1015.96,23.48,54.54,Quente (22-28°C),,16.68,10.91,42.06,,31.0,Boa,0,0
2021-10-29,0.0,1013.4,22.19,75.54,Quente (22-28°C),,15.95,4.97,47.38,,27.0,Boa,0,0
2021-10-30,0.0,1010.32,23.21,74.0,Quente (22-28°C),,15.27,4.96,44.61,,26.0,Boa,0,0
2021-10-31,0.0,1009.81,24.29,70.42,Quente (22-28°C),,15.38,5.18,38.43,,23.0,Boa,5,1
2021-11-01,0.0,1009.04,23.88,70.83,Quente (22-28°C),,15.88,7.33,32.3,,24.0,Boa,8,3
2021-11-02,0.0,1007.18,24.21,74.29,Quente (22-28°C),,19.0,6.2,43.35,,37.0,Boa,0,0
2021-11-03,0.72,1003.76,21.68,88.5,Ameno (15-22°C),,15.64,11.56,16.48,,16.0,Boa,0,0
2021-11-04,0.01,1003.15,23.65,76.0,Quente (22-28°C),,15.94,,49.0,,37.0,Boa,0,0
2021-11-05,0.0,1005.32,23.75,79.17,Quente (22-28°C),,16.37,,46.42,,37.0,Boa,0,0
2021-11-06,0.49,1009.62,20.28,88.62,Ameno (15-22°C),,15.77,2.36,33.16,,16.0,Boa,0,0
2021-11-07,0.0,1010.65,18.99,68.88,Ameno (15-22°C),,15.6,2.34,53.37,,27.0,Boa,0,0
2021-11-08,0.0,1010.01,19.38,66.62,Ameno (15-22°C),,17.5,6.01,36.54,,24.0,Boa,0,0
2021-11-09,0.0,1011.57,20.04,66.17,Ameno (15-22°C),,12.39,7.51,35.9,,25.0,Boa,0,0
2021-11-10,0.0,1012.87,19.84,63.21,Ameno (15-22°C),,11.63,4.97,36.79,,22.0,Boa,0,0
2021-11-11,0.0,1015.35,19.85,62.71,Ameno (15-22°C),,11.47,3.02,46.04,,23.0,Boa,0,0
2021-11-12,0.0,1015.41,19.29,64.79,Ameno (15-22°C),,11.76,4.31,41.97,,22.0,Boa,0,0
2021-11-13,0.0,1010.48,20.78,62.58,Ameno (15-22°C),,11.66,5.0,41.02,,24.0,Boa,0,0
2021-11-14,0.0,1007.59,23.1,58.29,Quente (22-28°C),,20.39,7.25,53.73,,40.0,Boa,0,0
2021-11-15,0.0,1006.59,24.38,63.54,Quente (22-28°C),,13.83,10.99,51.28,,38.0,Boa,0,0
2021-11-16,0.27,1005.81,23.7,73.5,Quente (22-28°C),,13.82,,40.83,,30.0,Boa,0,0
2021-11-17,0.04,1007.94,18.0,89.38,Ameno (15-22°C),,12.16,,29.84,,20.0,Boa,0,0
2021-11-18,0.23,1007.48,16.94,85.79,Ameno (15-22°C),,11.99,5.05,27.31,,13.0,Boa,6,2
2021-11-19,0.0,1009.74,19.47,68.54,Ameno (15-22°C),,12.18,6.68,31.97,,19.0,Boa,0,0
2021-11-20,0.0,1010.53,21.08,56.96,Ameno (15-22°C),,15.77,10.95,36.03,,32.0,Boa,0,0
2021-11-21,0.0,1007.59,24.49,48.92,Quente (22-28°C),,32.01,13.6,46.9,,38.0,Boa,4,1
2021-11-22,0.0,1003.11,27.36,43.88,Quente (22-28°C),,16.46,16.2,53.99,,48.0,Moderada,0,0
2021-11-23,0.0,1007.78,22.8,60.54,Quente (22-28°C),,14.77,8.99,43.34,,24.0,Boa,0,0
2021-11-24,0.0,1009.38,21.42,58.5,Ameno (15-22°C),,12.39,6.46,36.49,,24.0,Boa,0,0
2021-11-25,0.3,1001.87,23.55,72.25,Quente (22-28°C),,12.75,11.64,44.04,,37.0,Boa,0,0
2021-11-26,1.12,996.62,21.84,88.57,Ameno (15-22°C),,13.08,,37.75,,20.0,Boa,0,0
2021-11-27,0.39,1000.86,22.5,85.71,Quente (22-28°C),,12.54,,33.04,,16.0,Boa,0,0
2021-11-28,0.01,1000.73,23.3,80.04,Quente (22-28°C),,13.17,4.45,34.89,,24.0,Boa,0,0
2021-11-29,0.0,996.15,23.92,64.54,Quente (22-28°C),,24.91,13.69,37.53,,25.0,Boa,6,1
2021-11-30,0.0,1000.59,23.5,60.08,Quente (22-28°C),,28.29,12.05,31.89,,28.0,Boa,0,0
2021-12-01,0.44,1006.86,20.38,77.0,Ameno (15-22°C),,13.23,4.99,22.0,,13.0,Boa,8,1
2021-12-02,0.0,1009.1,20.23,67.58,Ameno (15-22°C),,12.66,,28.68,,18.0,Boa,0,0
2021-12-03,0.0,1008.65,21.36,70.62,Ameno (15-22°C),,12.72,3.67,33.39,,20.0,Boa,0,0
2021-12-04,0.0,1009.11,23.25,70.0,Quente (22-28°C),,13.1,,30.99,,21.0,Boa,0,0
2021-12-05,0.0,1009.4,23.14,77.46,Quente (22-28°C),,12.93,1.81,31.03,,18.0,Boa,0,0
2021-12-06,2.52,1011.36,21.35,82.12,Ameno (15-22°C),,12.8,2.51,25.99,,13.0,Boa,0,0
2021-12-07,0.0,1014.65,20.74,67.58,Ameno (15-22°C),,13.1,3.18,31.01,,17.0,Boa,0,0
2021-12-08,0.0,1013.38,20.82,64.88,Ameno (15-22°C),,13.06,4.64,30.03,,18.0,Boa,0,0
2021-12-09,0.06,1011.6,20.62,74.88,Ameno (15-22°C),,20.13,5.26,25.1,,20.0,Boa,0,0
2021-12-10,0.0,1007.12,21.07,64.71,Ameno (15-22°C),,14.08,6.1,29.75,,20.0,Boa,3,1
2021-12-11,0.0,1001.7,21.92,68.67,Ameno (15-22°C),,14.11,5.39,35.15,,23.0,Boa,3,1
2021-12-12,0.0,1001.12,24.47,69.88,Quente (22-28°C),,14.04,5.36,36.83,,26.0,Boa,0,0
2021-12-13,0.0,1003.21,26.16,73.88,Quente (22-28°C),,14.2,8.09,46.03,,32.0,Boa,10,3
2021-12-14,0.61,1004.67,22.67,91.5,Quente (22-28°C),,13.76,4.57,29.4,,23.0,Boa,0,0
2021-12-15,0.0,1004.4,23.69,85.46,Quente (22-28°C),,13.82,3.99,34.81,,20.0,Boa,0,0
2021-12-16,0.0,1005.19,23.5,83.46,Quente (22-28°C),8.81,14.13,7.82,22.19,,14.0,Boa,0,0
2021-12-17,0.01,1009.33,22.94,75.71,Quente (22-28°C),10.08,15.64,8.63,32.49,,20.0,Boa,0,0
2021-12-18,0.0,1011.15,22.26,75.08,Quente (22-28°C),11.1,14.23,3.07,29.7,,15.0,Boa,6,2
2021-12-19,0.0,1007.84,24.22,68.38,Quente (22-28°C),15.01,15.32,4.9,36.39,,24.0,Boa,0,0
2021-12-20,0.0,1004.21,25.97,65.46,Quente (22-28°C),20.56,19.0,10.92,47.43,,39.0,Boa,0,0
2021-12-21,0.01,1002.24,24.78,75.92,Quente (22-28°C),33.63,14.48,10.06,53.71,,40.0,Boa,0,0
2021-12-22,0.04,1004.35,24.23,69.92,Quente (22-28°C),17.67,14.07,5.77,30.66,,18.0,Boa,0,0
2021-12-23,0.0,1008.78,22.8,68.0,Quente (22-28°C),17.13,14.5,9.28,26.38,,16.0,Boa,0,0
2021-12-24,0.0,1007.12,23.06,66.75,Quente (22-28°C),18.7,14.11,5.5,28.82,,19.0,Boa,0,0
2021-12-25,0.0,1004.02,24.28,65.62,Quente (22-28°C),23.14,15.29,6.03,37.15,,27.0,Boa,0,0
2021-12-26,0.0,1003.73,24.01,73.71,Quente (22-28°C),23.59,15.69,7.0,34.88,,24.0,Boa,0,0
2021-12-27,0.0,1003.71,25.1,66.71,Quente (22-28°C),18.57,34.41,8.41,40.32,,34.0,Boa,7,1
2021-12-28,0.0,1006.98,24.93,67.42,Quente (22-28°C),17.28,14.54,4.54,35.62,,22.0,Boa,0,0
2021-12-29,0.0,1008.96,24.08,69.46,Quente (22-28°C),19.77,14.15,3.81,32.66,,20.0,Boa,0,0
2021-12-30,0.0,1004.51,25.86,68.29,Quente (22-28°C),19.95,14.38,5.51,36.18,,23.0,Boa,0,0
2021-12-31,0.0,1001.02,27.19,59.38,Quente (22-28°C),24.78,20.0,9.37,45.13,,36.0,Boa,1,1
2022-01-01,0.0,999.9,27.36,66.67,Quente (22-28°C),35.97,24.81,6.35,51.26,,41.0,Moderada,0,0
2022-01-02,0.52,1001.01,26.23,73.04,Quente (22-28°C),17.49,16.17,5.25,49.53,,38.0,Boa,0,0
2022-01-03,0.0,1002.35,27.83,69.71,Quente (22-28°C),13.46,13.94,9.17,56.89,,52.0,Moderada,0,0
2022-01-04,0.03,999.87,26.03,78.33,Quente (22-28°C),20.46,14.09,12.57,41.01,,30.0,Boa,7,2
2022-01-05,2.22,1001.23,22.73,91.25,Quente (22-28°C),15.57,15.72,9.42,20.49,,23.0,Boa,0,0
2022-01-06,0.0,1008.29,22.05,66.88,Quente (22-28°C),16.17,15.1,4.48,20.98,,15.0,Boa,0,0
2022-01-07,0.0,1009.53,22.18,66.54,Quente (22-28°C),15.62,15.31,4.41,23.45,,15.0,Boa,4,1
2022-01-08,0.0,1009.93,22.68,66.38,Quente (22-28°C),14.29,14.78,3.46,27.25,,16.0,Boa,0,0
2022-01-09,0.0,1010.35,23.11,67.54,Quente (22-28°C),13.99,14.86,2.9,26.27,,15.0,Boa,9,2
2022-01-10,0.0,1007.24,24.49,70.38,Quente (22-28°C),14.46,14.86,4.83,27.64,,20.0,Boa,5,1
2022-01-11,0.0,1004.52,25.77,68.33,Quente (22-28°C),16.66,16.89,7.2,19.97,,23.0,Boa,0,0
2022-01-12,0.0,1006.23,25.63,70.88,Quente (22-28°C),23.03,25.36,8.01,46.4,,41.0,Moderada,0,0
2022-01-13,0.0,1008.4,26.11,70.29,Quente (22-28°C),25.57,6.0,11.32,45.65,,41.0,Moderada,0,0
2022-01-14,0.0,1009.03,28.48,62.43,Muito Quente (>28°C),25.29,6.05,10.17,50.74,,46.0,Moderada,0,0
2022-01-15,0.0,1006.95,29.83,62.17,Muito Quente (>28°C),15.97,2.65,10.18,36.67,,28.0,Boa,0,0
2022-01-16,0.79,1001.9,30.36,63.12,Muito Quente (>28°C),17.95,8.67,7.77,44.1,,29.0,Boa,4,1
2022-01-17,1.08,1002.78,26.61,77.29,Quente (22-28°C),13.54,0.65,9.46,45.02,,31.0,Boa,0,0
2022-01-18,0.27,1007.01,24.68,86.71,Quente (22-28°C),16.62,0.65,9.76,31.28,,20.0,Boa,0,0
2022-01-19,0.0,1008.37,29.08,69.61,Muito Quente (>28°C),24.64,,12.98,45.91,,40.0,Boa,0,0
2022-01-20,0.0,1007.2,29.22,71.83,Muito Quente (>28°C),31.1,,9.34,44.24,,39.0,Boa,7,1
2022-01-21,0.0,1005.18,29.02,72.33,Muito Quente (>28°C),27.23,1.96,5.36,39.82,,28.0,Boa,4,1
2022-01-22,0.0,1003.14,31.12,63.83,Muito Quente (>28°C),26.17,2.03,5.58,52.25,,42.0,Moderada,0,0
2022-01-23,0.2,1003.58,29.49,70.04,Muito Quente (>28°C),35.92,1.95,8.8,46.9,,34.0,Boa,5,1
2022-01-24,0.01,1004.53,29.64,75.88,Muito Quente (>28°C),25.55,1.92,9.22,56.17,,60.0,Moderada,5,1
2022-01-25,0.0,1003.23,29.11,69.96,Muito Quente (>28°C),23.95,1.93,6.73,59.8,,40.0,Boa,7,1
2022-01-26,2.43,1000.25,27.54,77.83,Quente (22-28°C),19.97,2.1,7.56,51.46,,38.0,Boa,5,2
2022-01-27,0.48,1005.49,23.08,83.12,Quente (22-28°C),10.2,2.12,3.75,33.33,,26.0,Boa,0,0
2022-01-28,0.0,1007.9,21.81,70.62,Ameno (15-22°C),16.75,2.12,4.89,16.59,,15.0,Boa,0,0
2022-01-29,0.0,1007.17,22.3,66.67,Quente (22-28°C),14.05,1.96,4.04,20.26,,14.0,Boa,0,0
2022-01-30,0.0,1005.04,24.0,66.12,Quente (22-28°C),12.33,1.94,2.51,25.14,,14.0,Boa,0,0
2022-01-31,0.11,1002.28,25.11,69.25,Quente (22-28°C),19.32,2.87,5.57,37.78,,28.0,Boa,0,0
2022-02-01,0.0,1006.47,24.45,74.17,Quente (22-28°C),23.19,1.89,3.25,34.73,,21.0,Boa,0,0
2022-02-02,0.0,1006.61,25.96,71.96,Quente (22-28°C),22.54,2.23,3.99,36.71,,30.0,Boa,0,0
2022-02-03,0.0,1003.64,28.58,66.54,Muito Quente (>28°C),26.58,4.18,7.51,43.1,,33.0,Boa,0,0
2022-02-04,0.0,1001.14,26.91,76.08,Quente (22-28°C),21.33,4.16,7.01,31.32,,19.0,Boa,3,1
2022-02-05,0.24,999.77,25.12,83.54,Quente (22-28°C),22.46,1.92,7.35,30.89,,21.0,Boa,2,1
2022-02-06,0.0,1004.93,24.13,70.96,Quente (22-28°C),14.23,3.16,6.1,32.9,,20.0,Boa,0,0
2022-02-07,0.0,1008.2,22.42,58.08,Quente (22-28°C),9.28,3.36,9.79,28.11,,20.0,Boa,0,0
2022-02-08,0.0,1008.9,22.45,68.12,Quente (22-28°C),16.95,1.89,4.04,26.51,,16.0,Boa,0,0
2022-02-09,0.0,1008.51,22.6,72.25,Quente (22-28°C),17.86,1.86,4.15,24.36,,18.0,Boa,0,0
2022-02-10,0.0,1006.05,24.68,69.17,Quente (22-28°C),15.37,9.98,4.4,30.23,,24.0,Boa,0,0
2022-02-11,0.0,1005.57,26.36,68.04,Quente (22-28°C),19.0,2.23,5.06,7.57,,17.0,Boa,0,0
2022-02-12,0.05,1005.35,26.91,66.46,Quente (22-28°C),,,,,,,Sem Dados,0,0
2022-02-13,0.07,1004.8,22.22,86.17,Quente (22-28°C),,,,,,,Sem Dados,0,0
2022-02-14,0.0,1006.14,22.98,63.04,Quente (22-28°C),,,,,,,Sem Dados,0,0
2022-02-15,0.0,1008.63,24.0,60.12,Quente (22-28°C),,,,,,,Sem Dados,2,1
2022-02-16,0.0,1008.1,24.9,64.83,Quente (22-28°C),,,,,,,Sem Dados,7,1
2022-02-17,0.0,1005.85,24.67,71.88,Quente (22-28°C),,,,,,,Sem Dados,0,0
2022-02-18,0.0,1005.1,24.89,71.29,Quente (22-28°C),,,,,,,Sem Dados,0,0
2022-02-19,0.0,1003.2,24.76,65.71,Quente (22-28°C),,,,,,,Sem Dados,0,0
2022-02-20,0.0,1002.48,26.7,63.54,Quente (22-28°C),,,,,,,Sem Dados,2,1
2022-02-21,0.27,1007.0,24.58,80.46,Quente (22-28°C),,,,,,,Sem Dados,0,0
2022-02-22,0.02,1008.21,25.34,78.25,Quente (22-28°C),,,,,,,Sem Dados,0,0
2022-02-23,0.0,1008.42,24.43,74.42,Quente (22-28°C),,,,,,,Sem Dados,0,0
2022-02-24,0.01,1007.46,25.45,74.0,Quente (22-28°C),,,,,,,Sem Dados,0,0
2022-02-25,0.01,1008.22,27.65,69.71,Quente (22-28°C),,,,,,,Sem Dados,0,0
2022-02-26,0.0,1008.8,28.51,69.62,Muito Quente (>28°C),,,,,,,Sem Dados,2,1
2022-02-27,0.03,1004.18,28.93,67.26,Muito Quente (>28°C),,,,,,,Sem Dados,0,0
2022-02-28,0.5,1003.73,24.79,84.12,Quente (22-28°C),,,,,,,Sem Dados,0,0
2022-03-01,0.01,1007.18,23.23,80.87,Quente (22-28°C),,,,,,,Sem Dados,0,0
2022-03-02,0.0,1005.9,25.59,74.58,Quente (22-28°C),,,,,,,Sem Dados,0,0
2022-03-03,0.0,1006.99,25.72,76.79,Quente (22-28°C),,,,,,,Sem Dados,0,0
2022-03-04,0.0,1006.31,26.22,72.25,Quente (22-28°C),,,,,,,Sem Dados,1,1
2022-03-05,0.03,1003.42,27.84,72.92,Quente (22-28°C),,,,,,,Sem Dados,1,1
2022-03-06,2.34,1003.46,24.88,86.54,Quente (22-28°C),,,,,,,Sem Dados,3,2
2022-03-07,0.21,1003.28,25.16,81.75,Quente (22-28°C),,,,,,,Sem Dados,0,0
2022-03-08,0.01,1008.11,24.03,79.83,Quente (22-28°C),,,,,,,Sem Dados,0,0
2022-03-09,0.0,1007.65,25.39,79.67,Quente (22-28°C),,,,,,,Sem Dados,7,2
2022-03-10,0.59,1003.9,25.21,82.5,Quente (22-28°C),,,,,,,Sem Dados,5,1
2022-03-11,0.62,1006.53,21.13,91.25,Ameno (15-22°C),,,,,,,Sem Dados,5,2
2022-03-12,0.0,1011.29,19.72,75.92,Ameno (15-22°C),,,,,,,Sem Dados,0,0
2022-03-13,0.08,1010.43,19.35,86.88,Ameno (15-22°C),,,,,,,Sem Dados,0,0
2022-03-14,0.12,1007.77,20.97,88.54,Ameno (15-22°C),,,,,,,Sem Dados,0,0
2022-03-15,0.01,1008.92,22.83,86.42,Quente (22-28°C),,,,,,,Sem Dados,0,0
2022-03-16,0.0,1009.52,22.68,78.04,Quente (22-28°C),,,,,,,Sem Dados,0,0
2022-03-17,0.0,1005.67,23.5,69.71,Quente (22-28°C),,,,,,,Sem Dados,0,0
2022-03-18,0.02,1004.91,26.42,73.54,Quente (22-28°C),,,,,,,Sem Dados,5,1
2022-03-19,0.12,1011.61,19.83,83.62,Ameno (15-22°C),,,,,,,Sem Dados,0,0
2022-03-20,0.01,1017.31,18.65,71.42,Ameno (15-22°C),,,,,,,Sem Dados,5,1
2022-03-21,0.0,1016.31,19.97,69.96,Ameno (15-22°C),,,,,,,Sem Dados,0,0
2022-03-22,0.0,1010.78,23.11,66.62,Quente (22-28°C),,,,,,,Sem Dados,0,0
2022-03-23,0.21,1006.05,22.67,76.83,Quente (22-28°C),,,,,,,Sem Dados,0,0
2022-03-24,1.16,1000.55,22.55,86.25,Quente (22-28°C),,,,,,,Sem Dados,0,0
2022-03-25,0.0,1002.22,21.36,65.38,Ameno (15-22°C),,,,,,,Sem Dados,0,0
2022-03-26,0.0,1004.18,19.33,70.33,Ameno (15-22°C),,,,,,,Sem Dados,8,1
2022-03-27,0.0,1008.82,21.61,70.08,Ameno (15-22°C),,,,,,,Sem Dados,0,0
2022-03-28,0.0,1011.57,22.25,71.67,Quente (22-28°C),,,,,,,Sem Dados,0,0
2022-03-29,0.0,1005.3,24.85,68.58,Quente (22-28°C),,,,,,,Sem Dados,0,0
2022-03-30,2.18,1004.96,19.9,82.92,Ameno (15-22°C),,,,,,,Sem Dados,0,0
2022-03-31,0.0,1015.89,15.65,57.29,Ameno (15-22°C),,,,,,,Sem Dados,0,0
2022-04-01,0.13,1019.34,15.77,75.12,Ameno (15-22°C),,,,,,,Sem Dados,11,3
2022-04-02,0.0,1016.43,19.84,70.79,Ameno (15-22°C),,,,,,,Sem Dados,0,0
2022-04-03,1.55,1011.29,19.44,86.96,Ameno (15-22°C),,,,,,,Sem Dados,4,1
2022-04-04,0.44,1008.72,19.85,93.92,Ameno (15-22°C),,,,,,,Sem Dados,7,1
2022-04-05,0.01,1011.85,20.5,82.67,Ameno (15-22°C),,,,,,,Sem Dados,0,0
2022-04-06,0.0,1010.75,20.76,79.5,Ameno (15-22°C),,,,,,,Sem Dados,8,1
2022-04-07,0.0,1008.77,20.49,86.92,Ameno (15-22°C),,,,,,,Sem Dados,0,0
2022-04-08,0.18,1007.8,20.86,88.46,Ameno (15-22°C),,,,,,,Sem Dados,7,2
2022-04-09,0.01,1009.15,21.03,86.25,Ameno (15-22°C),,,,,,,Sem Dados,0,0
2022-04-10,0.0,1007.53,22.78,82.33,Quente (22-28°C),,,,,,,Sem Dados,5,1
2022-04-11,0.03,1003.61,22.1,79.96,Quente (22-28°C),,,,,,,Sem Dados,0,0
2022-04-12,0.04,1003.71,21.85,85.71,Ameno (15-22°C),,,,,,,Sem Dados,9,1
2022-04-13,0.0,1007.47,20.93,78.29,Ameno (15-22°C),,,,,,,Sem Dados,0,0
2022-04-14,0.01,1012.26,18.68,60.83,Ameno (15-22°C),,,,,,,Sem Dados,0,0
2022-04-15,0.02,1013.92,16.03,75.79,Ameno (15-22°C),,,,,,,Sem Dados,0,0
2022-04-16,0.0,1015.15,17.08,77.46,Ameno (15-22°C),,,,,,,Sem Dados,0,0
2022-04-17,0.0,1015.21,18.45,78.62,Ameno (15-22°C),,,,,,,Sem Dados,6,1
2022-04-18,0.0,1013.65,20.18,73.29,Ameno (15-22°C),,,,,,,Sem Dados,7,2
2022-04-19,0.0,1012.48,20.45,70.71,Ameno (15-22°C),,,,,,,Sem Dados,0,0
2022-04-20,0.0,1011.86,19.75,78.46,Ameno (15-22°C),,,,,,,Sem Dados,0,0
2022-04-21,0.01,1006.75,19.92,78.38,Ameno (15-22°C),,,,,,,Sem Dados,0,0
2022-04-22,0.01,1000.8,21.35,73.42,Ameno (15-22°C),,,,,,,Sem Dados,6,2
2022-04-23,0.02,1002.17,18.31,73.0,Ameno (15-22°C),,,,,,,Sem Dados,3,1
2022-04-24,0.0,1009.71,18.3,72.12,Ameno (15-22°C),,,,,,,Sem Dados,0,0
2022-04-25,0.64,1006.71,21.82,72.83,Ameno (15-22°C),,,,,,,Sem Dados,0,0
2022-04-26,0.39,1006.2,21.67,89.54,Ameno (15-22°C),,,,,,,Sem Dados,11,1
2022-04-27,0.0,1002.44,25.4,73.04,Quente (22-28°C),,,,,,,Sem Dados,7,1
2022-04-28,1.34,1008.46,18.72,93.21,Ameno (15-22°C),,,,,,,Sem Dados,11,1
2022-04-29,0.01,1017.76,16.03,80.12,Ameno (15-22°C),,,,,,,Sem Dados,7,1
2022-04-30,0.21,1013.69,15.93,77.0,Ameno (15-22°C),,,,,,,Sem Dados,0,0
2022-05-01,0.33,1008.57,17.79,89.12,Ameno (15-22°C),,,,,,,Sem Dados,9,2
2022-05-02,0.7,1011.66,15.15,88.58,Ameno (15-22°C),,,,,,,Sem Dados,0,0
2022-05-03,0.16,1008.46,17.01,92.17,Ameno (15-22°C),,,,,,,Sem Dados,0,0
2022-05-04,1.42,1009.26,18.3,93.38,Ameno (15-22°C),,,,,,,Sem Dados,13,3
2022-05-05,0.03,1014.35,17.77,81.08,Ameno (15-22°C),,,,,,,Sem Dados,0,0
2022-05-06,0.0,1017.2,17.12,78.38,Ameno (15-22°C),,,,,,,Sem Dados,6,1
2022-05-07,0.0,1017.87,16.18,82.58,Ameno (15-22°C),,,,,,,Sem Dados,5,1
2022-05-08,0.01,1015.47,16.79,80.5,Ameno (15-22°C),,,,,,,Sem Dados,0,0
2022-05-09,0.0,1014.02,18.12,78.75,Ameno (15-22°C),,,,,,,Sem Dados,0,0
2022-05-10,0.27,1009.92,17.07,89.71,Ameno (15-22°C),,,,,,,Sem Dados,0,0
2022-05-11,0.26,1009.47,16.73,90.75,Ameno (15-22°C),,,,,,,Sem Dados,0,0
2022-05-12,0.01,1012.63,15.66,81.12,Ameno (15-22°C),,,,,,,Sem Dados,0,0
2022-05-13,0.0,1013.52,15.05,81.12,Ameno (15-22°C),,,,,,,Sem Dados,0,0
2022-05-14,0.31,1010.3,16.43,85.54,Ameno (15-22°C),,,,,,,Sem Dados,0,0
2022-05-15,0.43,1008.21,16.05,92.71,Ameno (15-22°C),,,,,,,Sem Dados,0,0
2022-05-16,0.0,1011.31,12.38,70.08,Frio (<15°C),,,,,,,Sem Dados,0,0
2022-05-17,0.26,1005.33,11.17,77.21,Frio (<15°C),,,,,,,Sem Dados,0,0
2022-05-18,0.81,1005.73,13.69,87.42,Frio (<15°C),,,,,,,Sem Dados,0,0
2022-05-19,0.0,1013.22,13.32,86.83,Frio (<15°C),,,,,,,Sem Dados,0,0
2022-05-20,0.0,1015.36,12.39,87.67,Frio (<15°C),,,,,,,Sem Dados,0,0
2022-05-21,0.01,1016.76,12.57,82.21,Frio (<15°C),,,,,,,Sem Dados,0,0
2022-05-22,0.0,1015.69,13.89,82.96,Frio (<15°C),,,,,,,Sem Dados,7,1
2022-05-23,0.01,1013.33,15.62,83.46,Ameno (15-22°C),,,,,2.72,12.0,Boa,8,1
2022-05-24,0.0,1012.5,18.13,77.04,Ameno (15-22°C),,9.49,42.79,27.11,2.47,28.0,Boa,14,1
2022-05-25,0.01,1012.09,20.06,73.71,Ameno (15-22°C),,4.48,38.8,28.74,2.48,25.0,Boa,8,1
2022-05-26,0.07,1014.9,17.68,90.38,Ameno (15-22°C),,4.64,26.47,16.51,1.81,14.0,Boa,0,0
2022-05-27,0.62,1010.61,16.89,95.67,Ameno (15-22°C),,3.78,34.23,8.35,2.49,16.0,Boa,0,0
2022-05-28,0.08,1007.66,17.33,93.92,Ameno (15-22°C),,3.3,24.47,10.36,2.01,19.0,Boa,8,1
2022-05-29,0.41,1003.65,16.28,92.83,Ameno (15-22°C),,3.08,11.37,17.27,1.57,12.0,Boa,0,0
2022-05-30,0.01,1010.28,12.6,75.54,Frio (<15°C),,3.5,14.3,18.74,1.38,12.0,Boa,0,0
2022-05-31,0.0,1015.43,8.55,73.17,Frio (<15°C),,11.95,22.27,13.29,1.85,14.0,Boa,13,1
2022-06-01,0.0,1014.11,9.05,83.33,Frio (<15°C),,,,,,,Sem Dados,11,2
2022-06-02,0.0,1015.01,11.09,76.92,Frio (<15°C),,,,,,,Sem Dados,8,2
2022-06-03,0.0,1019.24,10.89,78.79,Frio (<15°C),,,,,,,Sem Dados,5,1
2022-06-04,0.0,1016.09,14.4,80.46,Frio (<15°C),,,,,,,Sem Dados,4,2
2022-06-05,0.3,1011.26,15.84,88.42,Ameno (15-22°C),,,,,,,Sem Dados,0,0
2022-06-06,0.96,1008.01,16.78,95.92,Ameno (15-22°C),,,,,,,Sem Dados,6,2
2022-06-07,0.0,1009.77,15.43,92.04,Ameno (15-22°C),,,,,,,Sem Dados,7,1
2022-06-08,0.0,1010.95,15.72,88.17,Ameno (15-22°C),,,,,,,Sem Dados,12,1
2022-06-09,0.01,1011.37,15.72,89.29,Ameno (15-22°C),,,,,,,Sem Dados,9,2
2022-06-10,0.02,1013.34,13.68,79.79,Frio (<15°C),,,,,,,Sem Dados,8,1
2022-06-11,0.0,1016.02,8.37,60.46,Frio (<15°C),,,,,,,Sem Dados,4,1
2022-06-12,0.0,1016.16,9.98,63.42,Frio (<15°C),,,,,,,Sem Dados,0,0
2022-06-13,0.0,1018.82,12.28,76.75,Frio (<15°C),,,,,,,Sem Dados,0,0
2022-06-14,0.0,1015.71,13.97,85.21,Frio (<15°C),,,,,,,Sem Dados,0,0
2022-06-15,0.01,1013.39,13.88,80.54,Frio (<15°C),,,28.57,7.98,1.85,20.0,Boa,8,2
2022-06-16,0.0,1008.75,15.63,77.83,Ameno (15-22°C),,,27.52,15.41,2.07,17.0,Boa,0,0
2022-06-17,1.52,1001.33,15.99,91.75,Ameno (15-22°C),,,15.16,8.22,1.39,12.0,Boa,5,1
2022-06-18,0.0,1014.47,9.81,73.04,Frio (<15°C),,,11.12,21.26,1.46,15.0,Boa,0,0
2022-06-19,0.0,1015.67,9.45,78.0,Frio (<15°C),,,15.82,17.01,1.97,15.0,Boa,2,1
2022-06-20,0.01,1013.1,12.22,81.71,Frio (<15°C),,,17.17,10.44,1.79,12.0,Boa,9,1
2022-06-21,0.34,1008.15,13.53,94.42,Frio (<15°C),,,18.57,3.17,1.64,8.0,Boa,4,1
2022-06-22,0.24,1006.68,14.29,95.42,Frio (<15°C),,3.78,15.01,2.17,,9.0,Boa,0,0
2022-06-23,0.06,1009.86,14.35,96.33,Frio (<15°C),8.94,3.41,14.83,2.05,,8.0,Boa,0,0
2022-06-24,0.18,1013.56,14.55,96.0,Frio (<15°C),15.69,3.41,13.55,2.91,,14.0,Boa,0,0
2022-06-25,0.01,1020.72,12.18,85.04,Frio (<15°C),,3.07,4.75,17.14,,9.0,Boa,0,0
2022-06-26,0.0,1019.03,10.7,84.92,Frio (<15°C),,3.33,7.11,12.12,,8.0,Boa,2,1
2022-06-27,0.0,1012.96,13.9,88.09,Frio (<15°C),41.65,3.83,16.38,0.98,,37.0,Boa,10,1
2022-06-28,0.34,1007.51,16.75,86.62,Ameno (15-22°C),37.84,6.05,19.27,5.7,,34.0,Boa,10,1
2022-06-29,0.13,1011.04,11.63,82.87,Frio (<15°C),10.83,3.68,11.2,16.02,,10.0,Boa,0,0
2022-06-30,0.0,1012.89,11.27,83.57,Frio (<15°C),30.41,6.36,18.23,6.77,,27.0,Boa,0,0
2022-07-01,0.01,1009.94,13.48,78.25,Frio (<15°C),29.42,3.88,17.79,7.6,,26.0,Boa,0,0
2022-07-02,0.0,1007.12,17.61,76.29,Ameno (15-22°C),30.77,8.99,9.45,24.78,,28.0,Boa,0,0
2022-07-03,0.04,1014.88,14.12,88.21,Frio (<15°C),16.6,3.73,4.16,22.29,,15.0,Boa,0,0
2022-07-04,0.16,1010.61,17.32,92.83,Ameno (15-22°C),25.67,3.78,14.58,4.23,,23.0,Boa,0,0
2022-07-05,0.0,1009.32,16.67,92.0,Ameno (15-22°C),24.23,3.84,11.29,7.57,,21.0,Boa,0,0
2022-07-06,0.0,1007.92,17.53,88.67,Ameno (15-22°C),21.34,3.94,11.8,6.84,,19.0,Boa,0,0
2022-07-07,0.22,1009.28,18.43,79.46,Ameno (15-22°C),36.56,4.3,19.03,7.12,,33.0,Boa,9,2
2022-07-08,0.0,1017.75,14.12,83.75,Frio (<15°C),17.43,16.28,9.96,13.26,,16.0,Boa,0,0
2022-07-09,0.0,1012.41,18.55,78.88,Ameno (15-22°C),28.03,42.46,12.55,11.87,,45.0,Moderada,0,0
2022-07-10,0.0,1006.98,19.4,79.75,Ameno (15-22°C),42.36,59.94,15.12,11.9,,86.0,Ruim,0,0
2022-07-11,0.52,998.36,22.92,63.46,Quente (22-28°C),31.6,74.1,14.78,17.0,,93.0,Ruim,8,1
2022-07-12,0.54,1010.43,12.88,77.92,Frio (<15°C),12.45,88.78,7.7,22.48,,101.0,Ruim,0,0
2022-07-13,0.0,1016.4,11.52,79.83,Frio (<15°C),19.76,,13.03,4.79,,18.0,Boa,0,0
2022-07-14,1.3,1009.97,14.25,92.83,Frio (<15°C),22.0,,10.63,4.2,,20.0,Boa,0,0
2022-07-15,1.0,1002.79,17.01,95.79,Ameno (15-22°C),11.76,,7.41,1.92,,11.0,Boa,0,0
2022-07-16,0.82,998.78,18.2,92.04,Ameno (15-22°C),28.08,3.95,5.31,3.89,,25.0,Boa,0,0
2022-07-17,0.0,1015.51,10.95,75.54,Frio (<15°C),6.0,28.41,2.7,21.05,,28.0,Boa,0,0
2022-07-18,0.0,1018.42,10.94,83.96,Frio (<15°C),31.7,25.48,9.63,5.38,,28.0,Boa,0,0
2022-07-19,0.0,1019.38,13.22,85.04,Frio (<15°C),28.97,4.93,7.36,6.21,,26.0,Boa,0,0
2022-07-20,0.01,1013.56,16.22,85.08,Ameno (15-22°C),27.4,7.06,9.4,5.36,,24.0,Boa,0,0
2022-07-21,0.0,1008.49,19.62,81.42,Ameno (15-22°C),31.85,7.29,8.94,6.25,,28.0,Boa,8,1
2022-07-22,0.01,1008.89,19.97,85.17,Ameno (15-22°C),38.43,1.59,13.53,4.05,,34.0,Boa,0,0
2022-07-23,0.62,1010.08,19.37,90.04,Ameno (15-22°C),,0.69,7.78,7.56,,6.0,Boa,0,0
2022-07-24,0.0,1010.72,20.66,83.33,Ameno (15-22°C),,1.87,7.39,11.72,,13.0,Boa,0,0
2022-07-25,0.0,1013.03,19.97,84.21,Ameno (15-22°C),,1.52,6.95,15.63,,13.0,Boa,0,0
2022-07-26,0.0,1014.14,18.54,88.21,Ameno (15-22°C),29.19,6.44,6.27,19.0,,26.0,Boa,5,1
2022-07-27,0.0,1009.81,19.0,83.04,Ameno (15-22°C),38.41,5.69,12.8,10.39,,34.0,Boa,0,0
2022-07-28,1.06,1002.3,17.97,89.48,Ameno (15-22°C),41.35,2.3,12.37,8.52,,36.0,Boa,0,0
2022-07-29,0.0,1009.74,11.85,78.23,Frio (<15°C),7.69,20.59,6.37,16.12,,21.0,Boa,8,1
2022-07-30,0.0,1013.95,11.62,82.04,Frio (<15°C),19.3,31.62,8.14,13.23,,32.0,Boa,4,2
2022-07-31,0.0,1012.62,13.41,83.22,Frio (<15°C),30.9,36.88,8.86,9.71,,37.0,Boa,0,0
2022-08-01,0.01,1011.65,13.73,88.17,Frio (<15°C),32.16,40.22,8.97,10.01,,40.0,Boa,9,2
2022-08-02,0.03,1012.63,14.08,88.17,Frio (<15°C),23.84,36.52,5.14,21.95,2.28,37.0,Boa,0,0
2022-08-03,0.03,1008.4,18.36,83.71,Ameno (15-22°C),34.1,27.46,5.9,18.32,2.07,30.0,Boa,0,0
2022-08-04,0.64,1001.61,18.08,85.96,Ameno (15-22°C),21.97,22.15,7.84,18.01,2.02,22.0,Boa,0,0
2022-08-05,0.17,1010.99,14.03,82.04,Frio (<15°C),8.16,31.2,4.97,23.32,1.96,31.0,Boa,0,0
2022-08-06,0.0,1014.49,11.48,80.33,Frio (<15°C),,80.55,3.52,21.36,1.99,97.0,Ruim,2,1
2022-08-07,0.01,1011.7,14.22,85.0,Frio (<15°C),,65.97,1.75,26.9,1.98,89.0,Ruim,0,0
2022-08-08,0.12,1015.38,14.28,90.71,Frio (<15°C),6.0,81.51,2.34,31.08,1.91,97.0,Ruim,6,1
2022-08-09,0.76,1017.83,13.06,93.92,Frio (<15°C),6.58,72.74,3.41,28.08,1.88,93.0,Ruim,0,0
2022-08-10,0.32,1017.48,13.56,83.88,Frio (<15°C),9.39,,6.93,23.26,2.09,12.0,Boa,0,0
2022-08-11,0.03,1018.83,13.99,87.08,Frio (<15°C),18.62,,8.82,12.65,2.18,17.0,Boa,0,0
2022-08-12,0.0,1016.18,16.18,76.42,Ameno (15-22°C),14.67,,9.07,12.52,2.3,13.0,Boa,7,1
2022-08-13,0.0,1014.23,16.82,73.42,Ameno (15-22°C),27.02,,10.83,11.53,2.61,24.0,Boa,3,1
2022-08-14,0.05,1010.2,18.19,78.46,Ameno (15-22°C),41.34,0.65,8.88,14.84,3.18,36.0,Boa,0,0
2022-08-15,1.34,999.49,17.88,91.62,Ameno (15-22°C),26.9,0.65,7.71,14.72,2.25,24.0,Boa,10,1
2022-08-16,0.0,1005.69,14.66,84.54,Frio (<15°C),11.32,,7.89,19.39,2.36,13.0,Boa,0,0
2022-08-17,0.0,1002.95,17.24,82.38,Ameno (15-22°C),13.12,7.41,7.78,15.39,2.46,13.0,Boa,0,0
2022-08-18,0.27,1009.09,12.6,77.75,Frio (<15°C),15.91,7.31,6.46,17.41,1.79,14.0,Boa,0,0
2022-08-19,0.0,1025.21,9.33,66.08,Frio (<15°C),11.25,10.44,8.53,16.56,2.0,12.0,Boa,0,0
2022-08-20,0.0,1024.81,10.8,69.54,Frio (<15°C),21.36,7.79,7.46,17.75,2.32,19.0,Boa,0,0
2022-08-21,0.0,1021.33,12.86,75.62,Frio (<15°C),29.79,10.83,5.89,18.46,2.33,27.0,Boa,0,0
2022-08-22,0.0,1019.42,13.45,83.42,Frio (<15°C),30.82,8.2,6.76,17.34,2.07,28.0,Boa,5,1
2022-08-23,0.0,1017.01,16.7,78.17,Ameno (15-22°C),24.38,7.77,7.68,20.42,2.03,21.0,Boa,0,0
2022-08-24,0.0,1014.58,18.55,72.29,Ameno (15-22°C),42.17,13.36,13.95,17.7,2.6,37.0,Boa,8,1
2022-08-25,0.0,1013.23,20.74,67.67,Ameno (15-22°C),34.07,7.97,10.84,20.64,2.37,30.0,Boa,0,0
2022-08-26,0.0,1011.79,21.05,69.96,Ameno (15-22°C),38.05,14.64,13.13,23.19,2.43,34.0,Boa,2,1
2022-08-27,0.0,1006.3,22.75,61.17,Quente (22-28°C),28.52,29.32,10.55,25.06,2.44,29.0,Boa,7,1
2022-08-28,0.53,1020.28,11.95,68.75,Frio (<15°C),14.11,7.32,0.94,32.23,1.82,16.0,Boa,8,1
2022-08-29,0.0,1027.15,10.34,68.62,Frio (<15°C),17.48,7.64,8.48,19.36,2.04,15.0,Boa,0,0
2022-08-30,0.0,1022.64,12.94,78.29,Frio (<15°C),14.95,7.76,4.45,17.94,1.96,13.0,Boa,0,0
2022-08-31,0.0,1015.69,16.02,67.08,Ameno (15-22°C),22.09,17.53,11.2,14.21,2.74,20.0,Boa,0,0
2022-09-01,0.0,1007.69,18.81,67.25,Ameno (15-22°C),24.1,8.1,9.07,12.68,2.29,21.0,Boa,6,1
2022-09-02,0.49,1009.08,16.1,86.25,Ameno (15-22°C),17.78,8.05,9.81,13.25,2.01,16.0,Boa,0,0
2022-09-03,0.0,1019.62,11.69,68.62,Frio (<15°C),12.67,7.62,3.68,24.03,1.98,14.0,Boa,0,0
2022-09-04,0.0,1021.27,11.81,79.29,Frio (<15°C),21.66,19.07,5.69,17.67,2.11,20.0,Boa,3,2
2022-09-05,0.0,1019.42,15.1,76.5,Ameno (15-22°C),13.61,8.04,5.04,19.42,2.06,14.0,Boa,0,0
2022-09-06,0.01,1016.04,17.42,79.54,Ameno (15-22°C),14.78,8.08,9.18,12.51,2.27,13.0,Boa,0,0
2022-09-07,0.01,1008.28,19.64,74.12,Ameno (15-22°C),10.54,10.88,7.49,17.39,2.27,16.0,Boa,0,0
2022-09-08,0.0,1003.49,20.67,70.21,Ameno (15-22°C),22.31,8.1,9.31,20.64,2.3,20.0,Boa,0,0
2022-09-09,0.82,1001.22,21.22,79.54,Ameno (15-22°C),,7.8,9.18,23.8,2.22,14.0,Boa,0,0
2022-09-10,0.03,1015.45,12.45,67.0,Frio (<15°C),9.09,8.23,3.92,24.3,1.81,13.0,Boa,0,0
2022-09-11,0.0,1015.42,12.53,74.75,Frio (<15°C),13.39,9.24,2.8,20.21,1.99,14.0,Boa,4,1
2022-09-12,0.0,1008.31,16.14,75.29,Ameno (15-22°C),21.72,8.69,11.56,11.5,2.31,20.0,Boa,0,0
2022-09-13,0.0,1008.6,17.4,77.96,Ameno (15-22°C),12.51,11.56,6.9,16.59,1.96,12.0,Boa,0,0
2022-09-14,0.09,1014.52,16.43,81.62,Ameno (15-22°C),10.28,7.25,3.14,24.7,1.87,13.0,Boa,0,0
2022-09-15,0.07,1017.52,16.63,83.33,Ameno (15-22°C),7.31,7.14,3.39,22.4,1.88,12.0,Boa,0,0
2022-09-16,0.01,1018.91,17.02,75.0,Ameno (15-22°C),10.25,7.45,3.06,23.56,2.03,14.0,Boa,0,0
2022-09-17,0.0,1017.2,17.4,70.71,Ameno (15-22°C),15.0,7.39,2.23,24.2,1.82,14.0,Boa,0,0
2022-09-18,0.0,1011.25,17.89,65.79,Ameno (15-22°C),18.48,7.67,3.37,22.69,1.97,16.0,Boa,0,0
2022-09-19,0.58,1007.77,16.85,83.67,Ameno (15-22°C),13.37,12.49,8.68,10.05,2.07,12.0,Boa,0,0
2022-09-20,0.31,1008.59,17.52,82.88,Ameno (15-22°C),10.78,8.23,2.6,25.08,1.94,14.0,Boa,0,0
2022-09-21,0.02,1007.73,16.4,85.08,Ameno (15-22°C),7.87,7.66,2.66,26.95,2.0,14.0,Boa,0,0
2022-09-22,0.34,1005.6,14.98,84.83,Frio (<15°C),7.74,8.01,3.34,20.75,1.89,11.0,Boa,0,0
2022-09-23,0.0,1012.6,13.4,64.92,Frio (<15°C),8.67,8.98,5.29,25.02,1.96,14.0,Boa,0,0
2022-09-24,0.0,1015.48,14.0,69.67,Frio (<15°C),17.94,10.51,6.26,23.03,2.03,18.0,Boa,0,0
2022-09-25,0.0,1011.07,17.19,77.17,Ameno (15-22°C),17.79,8.28,3.42,19.09,1.97,16.0,Boa,2,1
2022-09-26,0.0,1008.46,19.91,74.0,Ameno (15-22°C),22.02,22.2,11.0,15.24,2.32,22.0,Boa,0,0
2022-09-27,0.0,1012.38,19.1,72.25,Ameno (15-22°C),31.44,8.0,11.96,23.69,2.01,28.0,Boa,4,1
2022-09-28,0.0,1018.99,16.99,74.21,Ameno (15-22°C),16.13,7.7,5.0,30.29,1.69,14.0,Boa,0,0
2022-09-29,0.0,1018.73,16.08,70.96,Ameno (15-22°C),19.28,7.58,7.29,23.33,1.9,17.0,Boa,0,0
2022-09-30,0.28,1014.87,17.01,77.42,Ameno (15-22°C),16.05,7.74,9.69,20.36,1.96,14.0,Boa,0,0
2022-10-01,0.01,1013.59,17.29,84.62,Ameno (15-22°C),13.9,8.02,9.8,18.34,1.98,13.0,Boa,10,1
2022-10-02,0.01,1015.03,16.7,82.71,Ameno (15-22°C),9.05,8.12,6.35,24.54,2.01,14.0,Boa,0,0
2022-10-03,0.0,1012.9,15.84,79.29,Ameno (15-22°C),14.24,12.33,9.88,18.47,1.9,14.0,Boa,0,0
2022-10-04,0.0,1010.96,15.15,73.62,Ameno (15-22°C),18.1,8.42,8.78,20.96,1.89,16.0,Boa,0,0
2022-10-05,0.0,1008.57,17.77,69.46,Ameno (15-22°C),20.16,8.24,8.19,22.4,1.85,18.0,Boa,0,0
2022-10-06,0.51,1000.49,18.58,89.5,Ameno (15-22°C),19.16,8.25,12.29,10.87,2.17,17.0,Boa,0,0
2022-10-07,0.21,1001.72,19.13,71.67,Ameno (15-22°C),14.76,10.98,12.24,20.52,1.8,13.0,Boa,0,0
2022-10-08,0.0,1003.55,20.04,63.67,Ameno (15-22°C),23.4,13.57,15.21,19.03,2.38,20.0,Boa,4,1
2022-10-09,0.01,1013.32,13.69,64.0,Frio (<15°C),17.22,8.46,4.89,26.05,1.56,15.0,Boa,6,1
2022-10-10,0.19,1017.37,13.39,71.67,Frio (<15°C),11.0,8.1,5.75,26.29,1.87,13.0,Boa,0,0
2022-10-11,0.18,1009.75,16.69,92.33,Ameno (15-22°C),16.72,9.04,15.37,10.33,2.28,15.0,Boa,0,0
2022-10-12,0.12,1009.34,17.37,88.62,Ameno (15-22°C),10.47,9.83,9.11,13.3,2.12,11.0,Boa,0,0
2022-10-13,0.0,1011.1,19.34,77.71,Ameno (15-22°C),12.34,15.14,9.32,23.19,2.14,17.0,Boa,6,1
2022-10-14,0.0,1020.63,16.63,72.5,Ameno (15-22°C),27.88,8.41,3.96,29.81,1.7,25.0,Boa,0,0
2022-10-15,0.0,1019.5,17.66,75.0,Ameno (15-22°C),19.7,8.42,3.54,28.87,1.85,18.0,Boa,0,0
2022-10-16,0.07,1011.71,19.82,79.79,Ameno (15-22°C),8.93,9.22,4.42,22.05,1.92,12.0,Boa,0,0
2022-10-17,0.0,1012.89,18.96,76.95,Ameno (15-22°C),12.21,9.07,6.29,25.91,1.87,17.0,Boa,6,1
2022-10-18,0.0,1014.78,19.21,83.96,Ameno (15-22°C),9.52,8.56,4.58,27.16,1.8,14.0,Boa,0,0
2022-10-19,0.0,1010.69,20.46,80.46,Ameno (15-22°C),7.05,8.64,4.62,23.03,1.82,11.0,Boa,0,0
2022-10-20,0.01,1003.89,20.13,85.04,Ameno (15-22°C),13.04,8.69,6.05,18.75,1.89,12.0,Boa,0,0
2022-10-21,0.02,1001.04,21.4,80.54,Ameno (15-22°C),13.18,10.96,8.19,22.24,1.93,17.0,Boa,3,1
2022-10-22,0.02,1009.75,19.83,73.62,Ameno (15-22°C),8.56,8.78,4.9,22.6,1.76,14.0,Boa,0,0
2022-10-23,0.0,1011.62,18.76,76.25,Ameno (15-22°C),16.75,9.58,6.51,17.27,1.84,15.0,Boa,2,1
2022-10-24,0.0,1013.11,18.82,75.54,Ameno (15-22°C),14.95,15.14,8.46,17.46,1.91,15.0,Boa,0,0
2022-10-25,0.0,1009.87,20.25,71.67,Ameno (15-22°C),12.22,8.64,6.45,19.6,1.84,14.0,Boa,0,0
2022-10-26,0.38,1002.9,23.84,67.58,Quente (22-28°C),22.44,11.98,9.67,27.32,1.87,20.0,Boa,6,1
2022-10-27,0.08,1003.08,23.2,62.33,Quente (22-28°C),13.18,17.84,13.83,27.94,1.82,18.0,Boa,0,0
2022-10-28,0.0,1005.32,23.09,55.0,Quente (22-28°C),27.21,16.11,12.26,28.69,1.94,24.0,Boa,0,0
2022-10-29,0.0,1000.46,24.94,64.29,Quente (22-28°C),33.64,17.91,13.25,26.15,2.26,30.0,Boa,0,0
2022-10-30,0.39,996.1,26.38,60.58,Quente (22-28°C),17.88,29.04,10.14,34.33,2.18,29.0,Boa,3,1
2022-10-31,1.81,1010.11,15.01,91.25,Ameno (15-22°C),8.41,8.99,6.28,20.65,1.87,14.0,Boa,0,0
2022-11-01,0.0,1021.87,13.97,61.17,Frio (<15°C),11.14,10.5,7.32,17.51,1.85,11.0,Boa,0,0
2022-11-02,0.0,1023.88,15.25,62.71,Ameno (15-22°C),14.88,9.32,7.04,18.83,1.89,15.0,Boa,5,1
2022-11-03,0.0,1020.69,16.46,63.0,Ameno (15-22°C),16.71,15.08,9.29,19.98,1.9,16.0,Boa,0,0
2022-11-04,0.0,1018.14,17.58,67.42,Ameno (15-22°C),17.76,9.29,7.52,17.14,1.8,16.0,Boa,0,0
2022-11-05,0.01,1016.48,18.52,70.33,Ameno (15-22°C),18.95,9.25,6.6,17.36,2.0,17.0,Boa,0,0
2022-11-06,0.03,1017.73,18.46,70.83,Ameno (15-22°C),12.58,9.14,3.85,18.18,1.81,12.0,Boa,6,1
2022-11-07,0.4,1017.06,16.65,83.42,Ameno (15-22°C),11.54,9.3,7.19,11.89,1.85,11.0,Boa,3,1
2022-11-08,0.03,1014.3,16.7,84.7,Ameno (15-22°C),10.81,10.41,9.04,10.59,1.99,10.0,Boa,0,0
2022-11-09,0.05,1011.56,17.74,81.09,Ameno (15-22°C),12.13,9.59,10.8,9.81,2.32,12.0,Boa,0,0
2022-11-10,0.0,1009.98,19.74,75.54,Ameno (15-22°C),15.04,10.23,7.4,16.07,1.86,13.0,Boa,0,0
2022-11-11,0.0,1007.97,20.82,77.83,Ameno (15-22°C),16.19,14.15,10.06,22.34,1.9,17.0,Boa,0,0
2022-11-12,0.0,1005.43,23.75,73.67,Quente (22-28°C),19.4,9.56,7.23,25.84,1.95,19.0,Boa,0,0
2022-11-13,0.15,1001.3,22.74,84.21,Quente (22-28°C),22.74,9.1,6.35,17.76,2.02,20.0,Boa,0,0
2022-11-14,0.63,999.81,22.92,75.17,Quente (22-28°C),9.99,23.98,12.38,24.85,1.99,24.0,Boa,0,0
2022-11-15,0.0,1006.42,22.96,52.25,Quente (22-28°C),18.11,102.65,12.11,25.88,1.84,108.0,Ruim,0,0
2022-11-16,0.0,1011.59,23.25,51.12,Quente (22-28°C),22.9,14.01,14.22,19.28,1.96,20.0,Boa,0,0
2022-11-17,0.0,1012.36,22.74,53.08,Quente (22-28°C),31.25,10.23,12.8,21.8,1.9,28.0,Boa,0,0
2022-11-18,0.0,1010.89,23.02,66.25,Quente (22-28°C),24.37,13.09,9.06,18.97,1.88,21.0,Boa,5,1
2022-11-19,0.0,1008.25,24.04,61.58,Quente (22-28°C),26.11,9.97,6.03,24.87,1.86,23.0,Boa,0,0
2022-11-20,0.0,1006.09,24.93,61.95,Quente (22-28°C),30.55,9.76,5.56,24.25,1.8,28.0,Boa,0,0
2022-11-21,0.0,1004.7,25.18,67.88,Quente (22-28°C),31.47,12.12,12.63,20.15,1.89,28.0,Boa,0,0
2022-11-22,0.86,1005.51,20.52,90.67,Ameno (15-22°C),23.26,14.45,10.12,16.14,2.19,20.0,Boa,5,1
2022-11-23,0.0,1007.3,21.83,72.52,Ameno (15-22°C),20.27,10.07,2.86,25.76,1.78,18.0,Boa,0,0
2022-11-24,0.0,1009.15,21.78,69.04,Ameno (15-22°C),20.19,9.73,2.46,28.57,1.75,20.0,Boa,0,0
2022-11-25,0.0,1012.22,22.0,65.52,Quente (22-28°C),27.21,9.71,2.36,26.24,1.87,24.0,Boa,0,0
2022-11-26,0.01,1013.3,22.97,75.25,Quente (22-28°C),11.99,9.61,1.04,20.73,1.71,12.0,Boa,0,0
2022-11-27,0.0,1012.57,23.86,74.46,Quente (22-28°C),22.25,9.59,0.47,21.46,1.65,20.0,Boa,0,0
2022-11-28,0.02,1009.26,22.84,76.29,Quente (22-28°C),16.05,9.7,0.85,19.77,1.64,14.0,Boa,0,0
2022-11-29,0.0,1004.25,23.38,75.79,Quente (22-28°C),17.26,9.61,0.99,20.67,1.62,15.0,Boa,0,0
2022-11-30,0.0,1001.01,24.38,74.58,Quente (22-28°C),12.21,9.89,1.66,22.25,1.73,13.0,Boa,0,0
2022-12-01,0.02,999.88,26.01,74.29,Quente (22-28°C),13.31,10.76,3.66,27.65,2.06,19.0,Boa,10,1
2022-12-02,0.02,1003.0,27.16,70.38,Quente (22-28°C),28.5,13.25,4.46,35.48,2.09,27.0,Boa,0,0
2022-12-03,0.08,1004.52,25.6,81.43,Quente (22-28°C),23.11,10.27,2.3,27.32,1.93,20.0,Boa,0,0
2022-12-04,0.23,1003.07,24.88,85.61,Quente (22-28°C),21.99,10.34,2.21,23.21,2.03,20.0,Boa,0,0
2022-12-05,0.0,1006.24,24.65,80.21,Quente (22-28°C),9.86,10.22,1.62,17.26,1.72,10.0,Boa,0,0
2022-12-06,0.0,1007.57,24.26,77.75,Quente (22-28°C),6.87,10.16,1.56,22.53,1.77,14.0,Boa,0,0
2022-12-07,0.0,1006.59,24.46,69.46,Quente (22-28°C),8.58,10.28,2.82,25.06,1.79,16.0,Boa,1,1
2022-12-08,0.0,1001.53,26.37,64.0,Quente (22-28°C),22.68,15.62,6.04,41.44,1.83,36.0,Boa,0,0
2022-12-09,0.0,1002.19,26.09,69.54,Quente (22-28°C),25.07,10.3,4.84,33.4,1.9,26.0,Boa,0,0
2022-12-10,0.0,1003.03,26.28,75.21,Quente (22-28°C),33.33,11.08,3.73,36.32,2.04,29.0,Boa,0,0
2022-12-11,0.0,1002.42,27.06,71.75,Quente (22-28°C),19.54,10.39,1.52,35.28,2.0,22.0,Boa,0,0
2022-12-12,0.89,997.78,24.52,79.21,Quente (22-28°C),31.6,30.06,6.45,24.36,2.02,30.0,Boa,4,1
2022-12-13,0.01,1004.63,21.41,65.58,Ameno (15-22°C),16.08,10.71,3.32,17.3,1.71,14.0,Boa,0,0
2022-12-14,0.0,1007.03,22.34,59.33,Quente (22-28°C),17.62,10.18,3.11,17.08,1.94,16.0,Boa,0,0
2022-12-15,0.0,1004.51,24.57,60.96,Quente (22-28°C),26.03,14.84,3.69,32.2,1.78,24.0,Boa,0,0
2022-12-16,0.0,1005.81,22.45,66.25,Quente (22-28°C),22.38,10.16,1.63,27.06,1.63,20.0,Boa,0,0
2022-12-17,0.0,1006.43,21.56,61.96,Ameno (15-22°C),22.33,10.08,2.16,18.85,1.88,20.0,Boa,0,0
2022-12-18,0.03,1008.91,21.03,74.5,Ameno (15-22°C),18.9,10.11,0.71,20.16,1.91,17.0,Boa,0,0
2022-12-19,0.28,1009.9,20.45,80.96,Ameno (15-22°C),9.04,10.06,0.9,18.92,1.7,10.0,Boa,0,0
2022-12-20,0.0,1009.05,22.9,73.08,Quente (22-28°C),10.16,10.18,1.38,22.89,1.78,14.0,Boa,0,0
2022-12-21,0.0,1010.17,23.19,69.17,Quente (22-28°C),11.11,10.13,0.97,18.34,1.65,10.0,Boa,4,1
2022-12-22,0.0,1009.28,23.06,65.71,Quente (22-28°C),16.77,10.24,1.63,14.72,1.66,15.0,Boa,5,1
2022-12-23,0.0,1006.63,24.42,63.83,Quente (22-28°C),22.21,12.14,2.66,18.24,1.95,20.0,Boa,0,0
2022-12-24,0.0,1005.96,26.03,58.58,Quente (22-28°C),24.29,12.44,2.82,22.41,1.87,21.0,Boa,0,0
2022-12-25,0.0,1007.28,24.57,72.46,Quente (22-28°C),30.93,14.3,2.54,20.27,1.93,28.0,Boa,0,0
2022-12-26,0.0,1008.04,21.97,75.96,Ameno (15-22°C),16.67,10.27,1.06,19.71,1.62,15.0,Boa,4,1
2022-12-27,0.04,1007.02,22.92,62.75,Quente (22-28°C),19.08,10.47,1.69,18.45,1.68,17.0,Boa,0,0
2022-12-28,1.08,1003.39,21.58,75.83,Ameno (15-22°C),7.57,10.82,2.3,15.75,1.71,11.0,Boa,0,0
2022-12-29,0.0,1007.13,23.11,61.17,Quente (22-28°C),14.93,10.85,2.15,27.03,1.67,17.0,Boa,0,0
2022-12-30,0.0,1008.27,24.45,55.39,Quente (22-28°C),20.19,17.7,4.08,29.62,1.77,20.0,Boa,0,0
2022-12-31,0.0,1006.88,27.62,55.88,Quente (22-28°C),25.69,11.79,2.62,33.27,1.93,24.0,Boa,0,0
2023-01-01,0.0,1004.91,28.2,59.67,Muito Quente (>28°C),26.76,10.78,1.13,29.02,1.86,24.0,Boa,0,0
2023-01-02,0.42,1000.7,27.7,70.29,Quente (22-28°C),23.06,16.17,3.57,21.32,1.87,20.0,Boa,6,1
2023-01-03,0.01,1002.85,24.65,69.62,Quente (22-28°C),10.62,10.66,0.84,25.98,1.61,16.0,Boa,9,2
2023-01-04,0.0,1005.09,25.03,62.38,Quente (22-28°C),15.74,14.71,2.9,24.17,1.76,19.0,Boa,4,1
2023-01-05,0.0,1008.67,25.05,61.71,Quente (22-28°C),16.85,10.78,2.97,25.24,1.72,19.0,Boa,0,0
2023-01-06,0.0,1013.08,24.21,63.96,Quente (22-28°C),23.52,10.66,2.92,20.96,1.72,21.0,Boa,0,0
2023-01-07,0.0,1015.14,23.88,65.12,Quente (22-28°C),25.64,10.74,2.0,14.52,1.81,23.0,Boa,1,1
2023-01-08,0.0,1013.18,24.1,66.17,Quente (22-28°C),18.09,10.78,1.97,13.83,2.04,16.0,Boa,2,2
2023-01-09,0.0,1009.11,24.24,68.75,Quente (22-28°C),16.95,11.47,3.69,18.3,1.71,15.0,Boa,3,1
2023-01-10,0.02,1006.7,24.61,69.92,Quente (22-28°C),21.4,11.87,12.46,20.43,1.84,19.0,Boa,0,0
2023-01-11,0.01,1004.93,26.2,61.59,Quente (22-28°C),23.91,15.09,14.42,27.85,1.9,22.0,Boa,0,0
2023-01-12,0.0,1001.31,28.3,55.54,Muito Quente (>28°C),36.99,20.75,18.59,37.25,1.95,33.0,Boa,0,0
2023-01-13,0.61,1000.41,26.4,71.75,Quente (22-28°C),29.01,20.02,19.74,31.92,2.04,26.0,Boa,0,0
2023-01-14,0.0,1003.98,24.8,74.04,Quente (22-28°C),14.34,25.85,10.39,22.84,1.72,26.0,Boa,0,0
2023-01-15,0.0,1008.36,24.0,79.12,Quente (22-28°C),12.9,10.8,4.54,21.38,1.84,12.0,Boa,0,0
2023-01-16,0.0,1008.29,26.46,72.0,Quente (22-28°C),11.21,10.95,6.2,26.46,1.9,16.0,Boa,0,0
2023-01-17,0.0,1009.79,26.0,72.17,Quente (22-28°C),12.54,14.14,5.41,29.07,1.73,16.0,Boa,2,1
2023-01-18,0.01,1012.37,24.07,83.91,Quente (22-28°C),10.69,12.57,4.58,25.97,1.66,14.0,Boa,0,0
2023-01-19,0.0,1010.63,25.62,78.88,Quente (22-28°C),7.71,13.07,3.4,23.05,1.69,13.0,Boa,0,0
2023-01-20,0.0,1005.22,26.57,72.92,Quente (22-28°C),10.15,13.15,5.12,22.32,1.78,15.0,Boa,0,0
2023-01-21,0.43,1000.41,26.34,75.57,Quente (22-28°C),22.28,14.8,10.08,33.39,1.94,25.0,Boa,0,0
2023-01-22,0.0,999.99,26.8,72.21,Quente (22-28°C),14.99,17.75,9.49,45.38,1.78,31.0,Boa,0,0
2023-01-23,0.0,1002.86,26.97,67.33,Quente (22-28°C),23.15,17.31,22.46,54.73,1.92,49.0,Moderada,0,0
2023-01-24,0.0,1002.71,27.24,69.21,Quente (22-28°C),21.98,23.41,16.32,51.92,1.78,40.0,Boa,0,0
2023-01-25,0.0,1004.07,28.16,71.58,Muito Quente (>28°C),27.38,18.32,15.59,56.47,1.78,48.0,Moderada,0,0
2023-01-26,0.3,1004.56,27.95,71.0,Quente (22-28°C),22.3,13.47,12.07,51.77,1.83,35.0,Boa,0,0
2023-01-27,0.0,1004.34,27.72,65.04,Quente (22-28°C),20.24,15.61,15.6,60.16,1.88,52.0,Moderada,1,1
2023-01-28,0.45,1005.28,27.43,71.88,Quente (22-28°C),31.13,19.23,16.55,52.26,1.99,40.0,Boa,0,0
2023-01-29,0.0,1005.78,26.28,76.79,Quente (22-28°C),17.45,13.61,10.54,34.89,1.88,24.0,Boa,0,0
2023-01-30,0.0,1002.98,26.61,71.83,Quente (22-28°C),18.18,13.67,11.49,39.8,1.9,30.0,Boa,0,0
2023-01-31,0.0,1002.12,27.75,65.7,Quente (22-28°C),20.46,17.39,17.63,51.22,1.9,41.0,Moderada,0,0
2023-02-01,0.0,1004.91,27.91,69.88,Quente (22-28°C),24.67,13.68,12.52,45.3,1.92,33.0,Boa,0,0
2023-02-02,0.0,1005.38,27.13,73.75,Quente (22-28°C),16.41,13.51,6.95,34.47,1.85,22.0,Boa,0,0
2023-02-03,0.51,1001.94,25.37,83.71,Quente (22-28°C),12.13,14.36,12.09,26.4,1.99,16.0,Boa,0,0
2023-02-04,0.06,1004.04,24.28,76.92,Quente (22-28°C),8.79,14.85,10.74,27.84,1.88,17.0,Boa,0,0
2023-02-05,0.0,1005.35,23.78,69.21,Quente (22-28°C),14.83,18.41,10.68,31.59,1.74,20.0,Boa,0,0
2023-02-06,0.0,1006.19,26.52,61.74,Quente (22-28°C),16.99,21.77,16.27,46.02,1.77,34.0,Boa,0,0
2023-02-07,0.0,1007.07,26.54,55.38,Quente (22-28°C),20.48,13.82,11.12,43.46,1.78,31.0,Boa,0,0
2023-02-08,0.0,1005.69,27.4,66.83,Quente (22-28°C),19.4,17.69,5.91,34.88,1.86,54.0,Moderada,0,0
2023-02-09,0.01,1005.78,26.78,70.96,Quente (22-28°C),23.22,12.61,6.5,,1.79,20.0,Boa,0,0
2023-02-10,0.0,1006.16,27.75,66.96,Quente (22-28°C),26.37,11.46,7.14,91.75,2.01,116.0,Ruim,0,0
2023-02-11,0.0,1006.6,27.28,62.95,Quente (22-28°C),23.13,11.46,6.49,60.6,1.92,60.0,Moderada,0,0
2023-02-12,0.0,1005.0,27.27,62.83,Quente (22-28°C),20.86,10.84,3.13,63.67,1.8,67.0,Moderada,0,0
2023-02-13,0.0,1002.32,29.7,57.22,Muito Quente (>28°C),29.15,11.31,7.06,70.79,1.87,76.0,Moderada,5,1
2023-02-14,2.7,1000.54,27.6,69.92,Quente (22-28°C),29.95,10.99,7.29,63.0,1.82,39.0,Boa,0,0
2023-02-15,0.09,1000.08,23.84,83.67,Quente (22-28°C),14.03,10.91,8.41,47.65,1.89,30.0,Boa,2,2
2023-02-16,0.0,996.37,25.55,77.42,Quente (22-28°C),15.47,11.0,6.29,48.23,2.0,34.0,Boa,0,0
2023-02-17,0.3,999.63,22.19,73.61,Quente (22-28°C),10.93,10.98,5.82,42.3,1.65,20.0,Boa,0,0
2023-02-18,0.0,1013.88,17.82,53.29,Ameno (15-22°C),16.34,11.82,4.51,37.61,1.7,24.0,Boa,0,0
2023-02-19,0.0,1015.66,19.91,57.33,Ameno (15-22°C),16.88,10.86,2.88,34.76,1.84,22.0,Boa,4,1
2023-02-20,0.56,1011.08,20.39,84.5,Ameno (15-22°C),15.81,10.86,5.29,22.72,1.79,16.0,Boa,0,0
2023-02-21,0.22,1009.64,22.44,81.5,Quente (22-28°C),8.77,12.23,3.52,35.36,1.8,22.0,Boa,0,0
2023-02-22,0.0,1011.68,23.27,75.75,Quente (22-28°C),14.68,10.89,3.38,31.22,1.86,22.0,Boa,0,0
2023-02-23,0.0,1009.25,24.51,73.38,Quente (22-28°C),14.14,12.74,6.28,29.43,1.93,21.0,Boa,0,0
2023-02-24,0.03,1005.02,22.97,84.79,Quente (22-28°C),21.15,14.53,9.58,25.15,2.04,21.0,Boa,2,1
2023-02-25,0.38,1002.19,21.44,89.38,Ameno (15-22°C),17.49,13.1,7.71,31.35,2.07,23.0,Boa,5,1
2023-02-26,0.0,1007.06,22.61,80.67,Quente (22-28°C),29.23,22.03,9.54,18.68,2.1,26.0,Boa,0,0
2023-02-27,0.0,1012.98,24.82,78.39,Quente (22-28°C),,,,,,,Sem Dados,2,1
2023-02-28,0.0,1011.97,25.61,67.25,Quente (22-28°C),,,,,,,Sem Dados,0,0
2023-03-01,0.0,1007.9,26.15,70.08,Quente (22-28°C),,13.55,14.31,13.54,3.72,16.0,Boa,8,1
2023-03-02,0.0,1005.66,26.06,72.71,Quente (22-28°C),,26.48,11.43,43.71,2.03,34.0,Boa,0,0
2023-03-03,0.02,1005.37,24.92,80.17,Quente (22-28°C),,13.01,12.41,35.46,2.17,26.0,Boa,0,0
2023-03-04,0.39,1003.45,24.58,87.38,Quente (22-28°C),,13.17,6.79,23.85,2.05,18.0,Boa,0,0
2023-03-05,0.18,1005.55,23.96,82.17,Quente (22-28°C),,12.18,2.46,43.24,1.79,23.0,Boa,0,0
2023-03-06,0.31,1004.05,23.65,86.88,Quente (22-28°C),,12.41,4.43,37.6,1.88,19.0,Boa,0,0
2023-03-07,0.2,1001.63,24.44,86.58,Quente (22-28°C),,13.68,7.87,30.28,2.17,19.0,Boa,0,0
2023-03-08,0.0,1003.62,26.53,74.04,Quente (22-28°C),,15.79,9.72,36.43,2.29,29.0,Boa,0,0
2023-03-09,0.13,1007.33,26.42,77.17,Quente (22-28°C),,16.18,9.72,42.94,1.98,34.0,Boa,6,1
2023-03-10,0.0,1008.48,26.68,78.57,Quente (22-28°C),,12.05,4.59,38.7,2.13,24.0,Boa,0,0
2023-03-11,0.0,1009.01,26.61,77.5,Quente (22-28°C),,24.77,6.03,52.44,1.88,36.0,Boa,4,1
2023-03-12,0.0,1010.38,26.62,76.82,Quente (22-28°C),,12.02,2.28,34.03,1.81,24.0,Boa,0,0
2023-03-13,0.0,1009.97,26.71,74.96,Quente (22-28°C),,12.08,3.61,28.19,1.86,20.0,Boa,0,0
2023-03-14,0.0,1009.14,27.26,71.33,Quente (22-28°C),,18.63,4.52,29.66,1.74,22.0,Boa,0,0
2023-03-15,0.0,1008.72,27.76,67.42,Quente (22-28°C),,10.14,4.64,33.3,1.79,25.0,Boa,0,0
2023-03-16,0.0,1007.92,27.23,66.58,Quente (22-28°C),,14.37,5.94,37.67,1.86,30.0,Boa,0,0
2023-03-17,0.0,1008.0,27.36,68.39,Quente (22-28°C),,11.12,7.79,26.83,2.07,22.0,Boa,0,0
2023-03-18,0.0,1007.97,27.66,67.29,Quente (22-28°C),,16.85,6.44,27.03,2.12,23.0,Boa,0,0
2023-03-19,0.0,1006.68,26.43,66.12,Quente (22-28°C),,15.8,5.6,26.92,1.86,20.0,Boa,0,0
2023-03-20,0.97,1006.92,25.44,75.58,Quente (22-28°C),,17.72,12.48,21.77,1.97,19.0,Boa,0,0
2023-03-21,0.0,1010.51,24.82,81.7,Quente (22-28°C),,9.99,5.25,28.08,1.72,18.0,Boa,0,0
2023-03-22,0.0,1012.23,24.76,76.04,Quente (22-28°C),,9.84,3.06,27.99,1.87,17.0,Boa,5,1
2023-03-23,0.0,1009.66,26.53,71.83,Quente (22-28°C),,11.8,3.99,37.87,1.82,26.0,Boa,0,0
2023-03-24,0.0,1010.22,25.29,78.04,Quente (22-28°C),,11.07,5.28,24.21,1.85,15.0,Boa,0,0
2023-03-25,0.19,1006.41,24.1,82.75,Quente (22-28°C),,10.94,4.81,18.47,1.96,11.0,Boa,0,0
2023-03-26,0.03,1007.59,23.41,75.79,Quente (22-28°C),,15.4,4.31,28.81,1.76,17.0,Boa,0,0
2023-03-27,0.0,1012.0,21.97,68.21,Ameno (15-22°C),,10.71,5.81,21.49,1.75,15.0,Boa,0,0
2023-03-28,0.0,1007.81,23.64,65.79,Quente (22-28°C),,10.81,7.06,25.75,1.87,18.0,Boa,4,1
2023-03-29,1.27,1005.12,24.88,76.21,Quente (22-28°C),,14.47,8.9,27.86,1.9,20.0,Boa,4,1
2023-03-30,0.06,1008.2,23.24,83.33,Quente (22-28°C),,21.57,7.68,52.21,1.93,34.0,Boa,0,0
2023-03-31,0.01,1008.16,24.35,78.5,Quente (22-28°C),,19.97,6.9,35.87,1.92,25.0,Boa,6,2
2023-04-01,0.0,1011.68,19.29,60.0,Ameno (15-22°C),,10.95,3.54,27.33,1.8,14.0,Boa,7,2
2023-04-02,0.0,1011.78,19.61,72.25,Ameno (15-22°C),,14.01,5.4,24.31,1.8,18.0,Boa,0,0
2023-04-03,0.0,1008.18,21.59,69.25,Ameno (15-22°C),,11.75,7.05,30.36,1.87,24.0,Boa,0,0
2023-04-04,0.0,1008.16,21.75,80.75,Ameno (15-22°C),,12.47,8.0,24.51,1.84,17.0,Boa,4,1
2023-04-05,0.0,1011.25,22.18,73.08,Quente (22-28°C),,11.45,4.93,22.21,1.85,14.0,Boa,0,0
2023-04-06,0.0,1012.0,20.95,71.08,Ameno (15-22°C),,10.72,3.84,27.43,1.73,12.0,Boa,3,1
2023-04-07,0.0,1011.29,20.55,77.96,Ameno (15-22°C),,10.84,1.21,27.02,1.65,14.0,Boa,7,1
2023-04-08,0.0,1012.37,21.15,74.88,Ameno (15-22°C),,10.89,2.18,24.84,1.66,12.0,Boa,0,0
2023-04-09,0.0,1011.84,22.77,73.62,Quente (22-28°C),,15.36,3.73,24.49,1.81,18.0,Boa,0,0
2023-04-10,0.0,1011.38,24.45,70.71,Quente (22-28°C),,15.47,6.42,28.24,1.86,23.0,Boa,0,0
2023-04-11,0.0,1007.86,25.5,64.96,Quente (22-28°C),,23.18,11.89,22.02,2.14,23.0,Boa,6,1
2023-04-12,0.0,1004.59,24.89,69.62,Quente (22-28°C),,21.21,10.15,29.07,1.94,21.0,Boa,0,0
2023-04-13,0.43,1006.91,19.79,85.0,Ameno (15-22°C),,11.5,4.58,23.85,1.73,15.0,Boa,5,1
2023-04-14,0.0,1011.1,19.15,68.46,Ameno (15-22°C),,11.24,2.82,23.45,1.58,11.0,Boa,0,0
2023-04-15,0.0,1011.6,20.59,78.42,Ameno (15-22°C),,10.82,3.25,20.96,1.74,12.0,Boa,0,0
2023-04-16,0.54,1006.98,20.98,86.29,Ameno (15-22°C),,12.13,4.04,17.42,2.27,12.0,Boa,0,0
2023-04-17,0.01,1002.22,19.37,82.83,Ameno (15-22°C),,10.99,5.83,13.46,1.8,12.0,Boa,0,0
2023-04-18,0.0,999.4,19.32,69.12,Ameno (15-22°C),,20.52,10.69,19.61,1.89,21.0,Boa,0,0
2023-04-19,0.02,1001.49,15.51,57.96,Ameno (15-22°C),,24.11,9.5,20.48,1.88,24.0,Boa,6,1
2023-04-20,0.0,1012.04,14.85,72.96,Frio (<15°C),,19.5,10.84,16.67,1.78,19.0,Boa,0,0
2023-04-21,0.0,1014.08,17.82,72.79,Ameno (15-22°C),,16.73,7.83,24.95,1.83,20.0,Boa,0,0
2023-04-22,0.0,1014.06,20.15,68.38,Ameno (15-22°C),,13.92,5.69,25.03,1.84,20.0,Boa,3,1
2023-04-23,0.01,1014.75,20.62,74.46,Ameno (15-22°C),,11.82,4.19,23.41,1.99,18.0,Boa,0,0
2023-04-24,0.0,1013.7,22.28,73.12,Quente (22-28°C),,12.54,6.85,22.1,2.08,17.0,Boa,0,0
2023-04-25,0.0,1011.06,22.27,70.79,Quente (22-28°C),,13.29,9.92,18.27,2.03,13.0,Boa,0,0
2023-04-26,0.46,1007.48,20.25,83.17,Ameno (15-22°C),,14.16,9.26,24.27,1.89,14.0,Boa,0,0
2023-04-27,0.0,1008.87,19.41,80.5,Ameno (15-22°C),,10.7,10.18,21.96,1.45,15.0,Boa,0,0
2023-04-28,0.0,1011.72,19.03,74.12,Ameno (15-22°C),,5.65,12.5,24.62,0.76,20.0,Boa,0,0
2023-04-29,0.0,1011.17,20.09,71.46,Ameno (15-22°C),,4.39,7.61,25.31,0.68,19.0,Boa,0,0
2023-04-30,0.0,1009.0,21.82,69.25,Ameno (15-22°C),,4.36,7.03,18.18,0.81,16.0,Boa,4,1
2023-05-01,0.0,1009.52,20.69,76.62,Ameno (15-22°C),,4.29,4.32,25.96,0.44,16.0,Boa,0,0
2023-05-02,0.41,1010.28,18.51,93.0,Ameno (15-22°C),,4.22,2.8,26.38,0.38,14.0,Boa,5,2
2023-05-03,0.32,1009.52,18.15,94.82,Ameno (15-22°C),,4.22,3.21,28.77,0.37,14.0,Boa,5,1
2023-05-04,0.19,1009.95,20.7,94.67,Ameno (15-22°C),,4.8,7.73,13.5,0.74,10.0,Boa,0,0
2023-05-05,1.94,1012.7,20.28,96.88,Ameno (15-22°C),,5.35,9.34,7.96,0.76,5.0,Boa,0,0
2023-05-06,0.65,1010.85,20.82,94.54,Ameno (15-22°C),,5.04,4.33,12.48,0.7,6.0,Boa,0,0
2023-05-07,0.82,1007.92,22.31,90.83,Quente (22-28°C),,5.36,4.13,15.73,0.72,10.0,Boa,2,1
2023-05-08,0.02,1010.78,19.41,80.71,Ameno (15-22°C),,5.63,6.51,20.89,0.42,12.0,Boa,8,1
2023-05-09,0.01,1013.46,17.21,78.96,Ameno (15-22°C),,10.94,11.11,18.92,0.83,15.0,Boa,0,0
2023-05-10,0.0,1012.88,16.02,81.04,Ameno (15-22°C),,6.93,12.78,20.92,0.76,13.0,Boa,0,0
2023-05-11,0.01,1013.24,15.13,77.96,Ameno (15-22°C),,5.29,9.93,16.39,0.7,13.0,Boa,0,0
2023-05-12,0.03,1015.34,15.48,79.3,Ameno (15-22°C),,6.48,14.31,12.15,0.88,11.0,Boa,0,0
2023-05-13,0.0,1013.73,14.6,78.33,Frio (<15°C),,7.89,12.47,12.28,1.3,14.0,Boa,0,0
2023-05-14,0.0,1014.03,16.51,73.92,Ameno (15-22°C),,7.72,11.07,13.41,0.95,14.0,Boa,0,0
2023-05-15,0.01,1013.87,17.45,77.04,Ameno (15-22°C),,7.28,14.46,15.24,1.31,15.0,Boa,0,0
2023-05-16,0.0,1014.95,16.62,82.17,Ameno (15-22°C),,7.28,12.38,20.88,0.92,22.0,Boa,0,0
2023-05-17,0.0,1013.11,17.39,75.96,Ameno (15-22°C),,6.52,12.24,16.5,0.76,17.0,Boa,6,1
2023-05-18,0.01,1013.5,17.46,76.75,Ameno (15-22°C),,9.87,15.36,12.24,1.17,14.0,Boa,5,2
2023-05-19,0.0,1011.94,17.13,80.79,Ameno (15-22°C),,15.19,18.23,28.89,1.42,32.0,Boa,0,0
2023-05-20,0.01,1011.5,18.08,80.88,Ameno (15-22°C),,8.99,12.09,15.32,1.4,16.0,Boa,4,1
2023-05-21,0.0,1010.05,19.0,88.58,Ameno (15-22°C),,6.2,4.23,18.12,0.81,12.0,Boa,0,0
2023-05-22,0.02,1010.71,18.68,85.62,Ameno (15-22°C),,7.44,10.13,4.85,1.08,7.0,Boa,10,1
2023-05-23,0.0,1012.52,20.62,77.75,Ameno (15-22°C),,7.93,11.88,21.41,1.15,20.0,Boa,0,0
2023-05-24,0.0,1011.47,21.6,71.17,Ameno (15-22°C),,7.53,13.63,17.74,1.13,18.0,Boa,0,0
2023-05-25,0.0,1011.22,21.49,71.17,Ameno (15-22°C),,7.52,13.35,20.38,0.91,20.0,Boa,0,0
2023-05-26,0.0,1007.76,22.2,67.75,Quente (22-28°C),,7.66,14.42,14.59,1.2,11.0,Boa,0,0
2023-05-27,1.2,1008.85,20.9,85.5,Ameno (15-22°C),,5.61,4.16,17.87,0.59,10.0,Boa,0,0
2023-05-28,0.0,1017.92,15.74,64.25,Ameno (15-22°C),,5.4,2.08,25.17,0.44,12.0,Boa,4,1
2023-05-29,0.0,1017.46,14.8,78.21,Frio (<15°C),,5.57,5.15,14.88,0.53,11.0,Boa,0,0
2023-05-30,0.0,1015.2,17.08,76.25,Ameno (15-22°C),,6.87,7.23,10.91,0.85,8.0,Boa,0,0
2023-05-31,0.01,1014.39,16.63,83.21,Ameno (15-22°C),,7.42,10.85,10.02,1.09,10.0,Boa,0,0
2023-06-01,0.0,1014.95,16.78,84.29,Ameno (15-22°C),,8.33,12.08,14.52,1.1,14.0,Boa,0,0
2023-06-02,0.01,1012.95,18.62,77.33,Ameno (15-22°C),,5.7,12.93,17.95,1.19,18.0,Boa,0,0
2023-06-03,0.0,1011.38,18.4,73.33,Ameno (15-22°C),,11.26,9.41,13.65,1.15,13.0,Boa,8,1
2023-06-04,0.0,1013.57,18.8,79.42,Ameno (15-22°C),,6.83,7.55,14.36,1.21,14.0,Boa,0,0
2023-06-05,0.0,1016.71,17.81,79.67,Ameno (15-22°C),,5.07,6.33,17.06,0.49,12.0,Boa,0,0
2023-06-06,0.0,1014.29,16.7,78.5,Ameno (15-22°C),,5.13,7.31,12.9,0.89,11.0,Boa,0,0
2023-06-07,0.0,1012.95,18.68,79.67,Ameno (15-22°C),,10.59,9.71,13.31,1.27,14.0,Boa,0,0
2023-06-08,0.01,1011.56,19.97,78.21,Ameno (15-22°C),,5.57,10.17,15.4,1.21,16.0,Boa,0,0
2023-06-09,0.0,1007.34,21.62,65.08,Ameno (15-22°C),,10.09,15.9,15.37,1.3,15.0,Boa,0,0
2023-06-10,1.36,1004.95,20.2,75.04,Ameno (15-22°C),,5.99,8.3,20.92,0.78,15.0,Boa,6,2
2023-06-11,1.38,1011.83,12.18,81.75,Frio (<15°C),,5.15,1.3,28.2,0.42,16.0,Boa,0,0
2023-06-12,0.0,1019.11,9.54,68.58,Frio (<15°C),,5.0,6.95,15.36,0.66,10.0,Boa,7,1
2023-06-13,0.0,1023.41,10.6,72.79,Frio (<15°C),,5.5,8.54,12.65,0.9,11.0,Boa,8,1
2023-06-14,0.06,1020.45,13.83,83.33,Frio (<15°C),,4.81,5.16,15.76,0.63,12.0,Boa,0,0
2023-06-15,2.73,1013.14,14.77,95.25,Frio (<15°C),,4.77,2.61,32.02,0.33,14.0,Boa,6,1
2023-06-16,4.1,1009.57,14.54,94.17,Frio (<15°C),,5.03,6.98,28.47,0.3,18.0,Boa,0,0
2023-06-17,0.0,1017.63,13.22,78.12,Frio (<15°C),,5.48,7.01,19.27,0.63,12.0,Boa,0,0
2023-06-18,0.0,1019.01,10.9,79.88,Frio (<15°C),,5.58,7.29,15.5,1.03,14.0,Boa,3,1
2023-06-19,0.01,1018.37,11.34,78.75,Frio (<15°C),,5.35,13.9,10.78,1.34,11.0,Boa,0,0
2023-06-20,0.0,1015.19,13.8,82.71,Frio (<15°C),,6.59,19.06,7.22,1.51,8.0,Boa,0,0
2023-06-21,0.28,1011.35,14.63,90.04,Frio (<15°C),,31.04,19.31,5.05,1.67,31.0,Boa,0,0
2023-06-22,0.01,1008.71,16.37,88.71,Ameno (15-22°C),,3.43,6.98,12.75,0.38,7.0,Boa,0,0
2023-06-23,0.16,1007.34,17.09,91.46,Ameno (15-22°C),,3.48,13.45,9.65,1.26,10.0,Boa,0,0
2023-06-24,0.0,1006.6,20.12,84.12,Ameno (15-22°C),,4.7,12.52,13.46,1.63,12.0,Boa,0,0
2023-06-25,0.06,1008.95,19.92,86.46,Ameno (15-22°C),,3.84,10.78,15.15,1.21,14.0,Boa,3,1
2023-06-26,0.0,1009.44,21.73,77.79,Ameno (15-22°C),,3.68,13.79,21.09,0.83,15.0,Boa,0,0
2023-06-27,0.0,1008.11,22.64,63.71,Quente (22-28°C),,5.3,18.92,33.64,0.87,23.0,Boa,0,0
2023-06-28,0.16,1012.58,17.5,77.83,Ameno (15-22°C),,3.82,10.85,24.33,0.5,12.0,Boa,0,0
2023-06-29,0.0,1020.7,11.97,78.17,Frio (<15°C),,3.68,9.83,16.68,0.73,14.0,Boa,3,1
2023-06-30,0.0,1018.08,14.54,78.42,Frio (<15°C),,5.39,11.75,15.1,0.68,8.0,Boa,0,0
2023-07-01,0.01,1016.14,14.65,91.25,Frio (<15°C),,3.62,8.4,10.03,1.19,9.0,Boa,9,1
2023-07-02,0.0,1014.7,16.19,90.04,Ameno (15-22°C),,3.74,4.5,15.39,1.05,13.0,Boa,0,0
2023-07-03,0.0,1014.53,17.98,80.5,Ameno (15-22°C),,3.67,10.64,12.83,0.78,12.0,Boa,0,0
2023-07-04,0.0,1013.52,18.36,75.79,Ameno (15-22°C),,3.9,15.53,16.15,1.33,15.0,Boa,0,0
2023-07-05,0.0,1012.02,17.13,73.42,Ameno (15-22°C),,5.43,17.27,14.45,1.09,8.0,Boa,0,0
2023-07-06,0.01,1008.09,18.15,77.0,Ameno (15-22°C),,4.99,15.44,29.3,1.12,22.0,Boa,0,0
2023-07-07,1.46,1008.42,16.79,94.83,Ameno (15-22°C),,3.13,8.03,32.16,0.42,17.0,Boa,0,0
2023-07-08,0.41,1008.66,16.57,88.46,Ameno (15-22°C),,3.05,2.23,48.14,0.36,22.0,Boa,0,0
2023-07-09,0.0,1010.09,17.15,83.17,Ameno (15-22°C),,3.19,5.99,24.72,0.66,17.0,Boa,0,0
2023-07-10,0.0,1009.7,16.34,87.71,Ameno (15-22°C),,3.43,9.28,18.88,0.65,13.0,Boa,0,0
2023-07-11,0.08,1011.14,15.69,84.17,Ameno (15-22°C),,3.1,2.83,36.68,0.27,16.0,Boa,3,1
2023-07-12,2.34,1000.04,16.34,95.54,Ameno (15-22°C),,3.24,4.32,36.92,0.38,19.0,Boa,0,0
2023-07-13,1.35,1000.85,12.99,88.08,Frio (<15°C),,6.72,5.43,34.97,0.15,18.0,Boa,0,0
2023-07-14,0.12,1016.22,10.48,78.33,Frio (<15°C),,3.49,7.16,32.22,0.43,18.0,Boa,0,0
2023-07-15,0.0,1014.62,10.64,80.29,Frio (<15°C),,3.62,9.86,19.52,0.99,16.0,Boa,0,0
2023-07-16,0.0,1013.29,12.22,82.5,Frio (<15°C),,4.21,5.75,20.68,0.76,15.0,Boa,0,0
2023-07-17,0.0,1017.35,10.31,72.33,Frio (<15°C),,3.55,6.56,20.34,0.69,16.0,Boa,2,1
2023-07-18,0.0,1023.43,9.32,76.5,Frio (<15°C),,3.68,9.53,19.31,0.9,15.0,Boa,0,0
2023-07-19,0.0,1025.81,11.52,71.08,Frio (<15°C),,3.54,6.63,23.98,0.66,17.0,Boa,0,0
2023-07-20,0.17,1019.94,17.26,72.25,Ameno (15-22°C),,3.51,9.71,20.95,0.66,13.0,Boa,0,0
2023-07-21,0.26,1015.25,20.31,77.08,Ameno (15-22°C),,3.66,11.89,21.93,1.0,15.0,Boa,0,0
2023-07-22,0.0,1011.58,21.56,67.46,Ameno (15-22°C),,3.66,12.11,20.64,1.13,15.0,Boa,0,0
2023-07-23,0.0,1013.43,21.4,69.04,Ameno (15-22°C),,13.44,4.42,32.15,0.38,13.0,Boa,6,1
2023-07-24,0.01,1016.62,16.56,87.12,Ameno (15-22°C),,3.46,2.91,30.7,0.3,14.0,Boa,0,0
2023-07-25,1.34,1011.14,16.62,96.08,Ameno (15-22°C),,3.82,12.8,16.76,0.67,11.0,Boa,0,0
2023-07-26,0.01,1008.1,18.15,87.25,Ameno (15-22°C),,4.06,7.32,18.95,0.49,12.0,Boa,8,1
2023-07-27,0.0,1016.84,13.59,76.67,Frio (<15°C),,3.9,6.18,28.29,0.43,17.0,Boa,0,0
2023-07-28,1.22,1019.45,12.56,83.33,Frio (<15°C),,3.63,5.18,31.09,0.34,15.0,Boa,0,0
2023-07-29,0.0,1020.94,11.73,80.46,Frio (<15°C),,3.55,6.39,24.83,0.58,17.0,Boa,0,0
2023-07-30,0.0,1016.42,14.0,79.29,Frio (<15°C),,4.62,10.57,20.68,1.19,17.0,Boa,0,0
2023-07-31,0.0,1016.38,16.76,80.04,Ameno (15-22°C),,4.1,10.87,20.0,0.85,14.0,Boa,7,1
2023-08-01,0.0,1014.3,18.69,78.58,Ameno (15-22°C),,4.37,14.89,20.17,1.05,17.0,Boa,11,1
2023-08-02,0.0,1011.26,20.18,80.33,Ameno (15-22°C),,6.7,16.14,20.24,1.5,17.0,Boa,0,0
2023-08-03,0.01,1014.16,17.16,83.5,Ameno (15-22°C),,3.84,6.49,26.51,0.33,14.0,Boa,0,0
2023-08-04,0.0,1011.59,18.09,81.96,Ameno (15-22°C),,4.44,12.03,22.36,0.74,13.0,Boa,0,0
2023-08-05,0.0,1014.06,17.41,87.04,Ameno (15-22°C),,3.69,2.92,26.46,0.34,12.0,Boa,0,0
2023-08-06,0.0,1008.47,21.8,71.38,Ameno (15-22°C),,4.2,8.21,25.45,0.94,17.0,Boa,0,0
2023-08-07,0.45,1013.8,16.35,81.71,Ameno (15-22°C),,4.01,8.19,25.36,0.4,12.0,Boa,0,0
2023-08-08,0.0,1021.54,15.51,67.79,Ameno (15-22°C),,3.79,4.01,32.54,0.34,16.0,Boa,0,0
2023-08-09,0.66,1014.52,15.88,82.67,Ameno (15-22°C),,3.86,8.26,22.77,0.5,14.0,Boa,0,0
2023-08-10,0.19,1007.73,19.92,81.88,Ameno (15-22°C),,3.76,8.26,23.47,0.53,13.0,Boa,5,1
2023-08-11,1.29,1005.71,20.24,81.71,Ameno (15-22°C),,5.24,8.08,26.46,0.43,14.0,Boa,7,2
2023-08-12,0.0,1015.76,15.03,53.38,Ameno (15-22°C),,3.85,3.46,30.16,0.31,14.0,Boa,4,1
2023-08-13,0.0,1019.8,10.67,54.0,Frio (<15°C),,4.27,5.76,22.24,0.41,14.0,Boa,0,0
2023-08-14,0.0,1015.88,12.88,70.17,Frio (<15°C),,5.62,15.25,17.61,0.76,13.0,Boa,0,0
2023-08-15,0.0,1012.45,16.9,73.08,Ameno (15-22°C),,4.22,12.35,17.67,0.63,12.0,Boa,0,0
2023-08-16,0.0,1010.17,20.6,66.83,Ameno (15-22°C),,5.03,18.36,18.38,1.09,15.0,Boa,0,0
2023-08-17,0.0,1005.23,23.86,67.29,Quente (22-28°C),,9.61,15.81,17.78,0.86,12.0,Boa,0,0
2023-08-18,0.22,1000.99,18.39,86.83,Ameno (15-22°C),,4.74,7.47,19.93,0.51,10.0,Boa,0,0
2023-08-19,0.06,1005.31,15.12,61.38,Ameno (15-22°C),,6.69,6.24,18.21,0.45,9.0,Boa,0,0
2023-08-20,0.0,1003.78,16.07,73.0,Ameno (15-22°C),,5.45,8.18,14.1,0.79,8.0,Boa,0,0
2023-08-21,0.0,1004.22,17.95,79.21,Ameno (15-22°C),,4.85,8.75,15.27,0.52,9.0,Boa,12,1
2023-08-22,0.02,995.2,23.47,69.25,Quente (22-28°C),,7.88,9.6,31.24,0.63,22.0,Boa,0,0
2023-08-23,0.27,997.24,17.34,90.58,Ameno (15-22°C),,4.33,4.54,33.47,0.36,16.0,Boa,2,1
2023-08-24,0.03,1006.37,15.11,75.96,Ameno (15-22°C),,3.95,3.95,38.49,0.29,20.0,Boa,0,0
2023-08-25,0.0,1012.56,11.8,67.88,Frio (<15°C),,4.31,10.11,28.42,0.71,23.0,Boa,0,0
2023-08-26,0.0,1016.78,10.74,65.42,Frio (<15°C),,4.98,7.57,30.87,0.52,22.0,Boa,0,0
2023-08-27,0.0,1020.35,9.58,69.17,Frio (<15°C),,4.57,4.9,31.51,0.54,22.0,Boa,0,0
2023-08-28,0.0,1019.48,10.61,71.92,Frio (<15°C),,4.04,5.73,23.41,0.51,15.0,Boa,3,1
2023-08-29,0.0,1016.15,14.45,72.0,Frio (<15°C),,4.17,7.81,20.79,0.49,18.0,Boa,0,0
2023-08-30,0.0,1011.02,17.68,69.54,Ameno (15-22°C),,5.01,11.13,22.93,0.83,21.0,Boa,0,0
2023-08-31,0.0,1012.09,18.06,74.29,Ameno (15-22°C),,5.17,8.74,27.7,0.7,23.0,Boa,0,0
2023-09-01,0.03,1010.08,18.87,78.0,Ameno (15-22°C),,4.77,9.0,31.83,0.62,19.0,Boa,0,0
2023-09-02,0.01,1004.18,21.2,75.21,Ameno (15-22°C),,5.78,9.64,23.69,0.9,18.0,Boa,0,0
2023-09-03,1.03,1004.08,18.93,92.33,Ameno (15-22°C),,4.15,7.08,8.72,0.89,7.0,Boa,0,0
2023-09-04,2.89,1001.56,17.9,96.38,Ameno (15-22°C),,4.08,7.35,21.36,0.55,14.0,Boa,0,0
2023-09-05,0.08,1017.64,13.38,80.21,Frio (<15°C),,4.11,1.32,36.76,0.13,16.0,Boa,5,1
2023-09-06,0.0,1019.52,15.09,76.67,Ameno (15-22°C),,4.09,2.41,38.75,0.39,18.0,Boa,0,0
2023-09-07,0.1,1009.6,17.93,80.12,Ameno (15-22°C),,4.08,4.06,21.39,0.48,13.0,Boa,0,0
2023-09-08,1.08,1007.7,18.94,88.71,Ameno (15-22°C),,4.22,5.67,23.89,0.45,12.0,Boa,0,0
2023-09-09,0.37,1011.95,15.13,89.96,Ameno (15-22°C),,4.08,1.83,27.49,0.23,12.0,Boa,3,1
2023-09-10,0.0,1011.26,18.99,81.12,Ameno (15-22°C),,4.19,2.45,24.54,0.38,14.0,Boa,4,1
2023-09-11,0.0,1004.27,25.27,69.04,Quente (22-28°C),,4.3,12.13,24.11,0.91,23.0,Boa,0,0
2023-09-12,0.74,1008.66,17.18,89.83,Ameno (15-22°C),,4.29,4.83,30.62,0.49,17.0,Boa,0,0
2023-09-13,2.78,1005.14,14.11,95.62,Frio (<15°C),,4.33,3.05,38.66,0.3,16.0,Boa,0,0
2023-09-14,0.83,1012.96,12.4,83.71,Frio (<15°C),,4.34,5.98,31.37,0.37,18.0,Boa,4,1
2023-09-15,0.01,1013.11,14.0,72.17,Frio (<15°C),,5.36,8.88,19.95,0.74,18.0,Boa,0,0
2023-09-16,0.0,1005.34,19.52,62.5,Ameno (15-22°C),,11.38,10.91,19.77,0.95,20.0,Boa,0,0
2023-09-17,0.0,1003.88,24.85,61.58,Quente (22-28°C),,6.6,7.99,27.18,0.92,25.0,Boa,0,0
2023-09-18,0.67,1006.03,22.04,79.04,Quente (22-28°C),,4.6,7.27,35.45,0.45,22.0,Boa,0,0
2023-09-19,0.33,1009.81,19.51,91.54,Ameno (15-22°C),,6.08,5.36,31.9,0.6,19.0,Boa,0,0
2023-09-20,0.0,1009.85,22.22,84.88,Quente (22-28°C),,3.99,1.42,30.86,0.59,22.0,Boa,0,0
2023-09-21,0.0,1006.27,22.65,83.71,Quente (22-28°C),,4.13,6.92,29.27,0.73,18.0,Boa,0,0
2023-09-22,1.61,1006.2,20.24,90.75,Ameno (15-22°C),,4.28,6.5,30.8,0.56,16.0,Boa,0,0
2023-09-23,0.92,1004.68,19.63,94.21,Ameno (15-22°C),,3.6,3.57,30.96,0.68,17.0,Boa,0,0
2023-09-24,0.38,1005.33,18.76,91.79,Ameno (15-22°C),,3.61,2.56,19.7,0.64,13.0,Boa,6,1
2023-09-25,0.33,1008.5,16.08,90.92,Ameno (15-22°C),,3.52,1.9,31.61,0.35,13.0,Boa,0,0
2023-09-26,2.01,1001.84,15.85,95.5,Ameno (15-22°C),,3.67,1.49,39.66,0.48,17.0,Boa,0,0
2023-09-27,0.27,1008.06,15.34,85.25,Ameno (15-22°C),,3.67,1.93,38.45,0.3,18.0,Boa,0,0
2023-09-28,0.0,1013.65,16.24,77.67,Ameno (15-22°C),,3.69,5.21,26.41,0.55,20.0,Boa,0,0
2023-09-29,0.0,1011.97,19.53,74.54,Ameno (15-22°C),,3.75,5.69,26.6,0.54,18.0,Boa,0,0
2023-09-30,0.0,1011.72,17.79,81.96,Ameno (15-22°C),,3.72,3.95,23.45,0.55,16.0,Boa,0,0
2023-10-01,0.0,1011.08,15.98,70.96,Ameno (15-22°C),,3.99,1.31,39.62,0.41,18.0,Boa,0,0
2023-10-02,0.0,1008.74,14.76,69.5,Frio (<15°C),,3.71,3.75,29.51,0.47,18.0,Boa,0,0
2023-10-03,0.0,1004.25,17.34,69.75,Ameno (15-22°C),,3.86,5.34,26.6,0.56,18.0,Boa,7,1
2023-10-04,0.49,1001.19,17.51,91.42,Ameno (15-22°C),,4.02,6.53,24.69,0.57,13.0,Boa,4,1
2023-10-05,0.01,1005.15,17.48,72.62,Ameno (15-22°C),,3.93,2.91,35.43,0.45,21.0,Boa,0,0
2023-10-06,0.01,1005.33,18.98,79.21,Ameno (15-22°C),,3.48,3.98,24.27,0.65,15.0,Boa,0,0
2023-10-07,0.25,1008.77,18.88,89.83,Ameno (15-22°C),,3.27,1.37,28.31,0.39,14.0,Boa,0,0
2023-10-08,0.12,1011.52,17.3,87.21,Ameno (15-22°C),,3.35,0.85,27.36,0.38,13.0,Boa,0,0
2023-10-09,0.06,1012.89,18.38,80.08,Ameno (15-22°C),,3.36,2.78,36.01,0.38,16.0,Boa,0,0
2023-10-10,0.0,1009.87,20.21,73.09,Ameno (15-22°C),,3.62,4.92,23.0,0.52,16.0,Boa,0,0
2023-10-11,0.79,1005.82,18.98,86.33,Ameno (15-22°C),,3.97,8.15,13.97,0.6,9.0,Boa,0,0
2023-10-12,0.34,1011.67,14.55,81.67,Frio (<15°C),,3.52,2.79,22.85,0.38,10.0,Boa,0,0
2023-10-13,0.0,1016.83,15.09,72.58,Ameno (15-22°C),,3.8,4.82,20.15,0.4,10.0,Boa,0,0
2023-10-14,0.0,1016.54,17.16,72.67,Ameno (15-22°C),,3.72,5.17,14.74,0.51,11.0,Boa,0,0
2023-10-15,0.0,1012.74,20.3,70.61,Ameno (15-22°C),,3.46,3.36,18.53,0.42,10.0,Boa,0,0
2023-10-16,2.0,1006.79,19.41,91.91,Ameno (15-22°C),,3.46,8.9,12.38,0.75,8.0,Boa,0,0
2023-10-17,0.0,1009.09,18.65,86.5,Ameno (15-22°C),,3.76,11.27,9.39,0.67,8.0,Boa,8,1
2023-10-18,0.0,1015.61,16.59,72.29,Ameno (15-22°C),,5.11,4.72,22.06,0.4,12.0,Boa,6,1
2023-10-19,0.0,1014.7,17.93,69.21,Ameno (15-22°C),,4.41,3.72,32.31,0.2,16.0,Boa,0,0
2023-10-20,0.0,1012.48,19.54,73.42,Ameno (15-22°C),,4.55,5.89,33.65,0.45,20.0,Boa,0,0
2023-10-21,0.0,1011.38,20.42,79.67,Ameno (15-22°C),,4.7,5.41,34.44,0.52,23.0,Boa,0,0
2023-10-22,0.45,1008.76,21.48,80.29,Ameno (15-22°C),,5.07,4.88,33.85,0.69,22.0,Boa,3,1
2023-10-23,0.02,1005.69,20.76,90.88,Ameno (15-22°C),,5.25,9.92,21.01,0.83,15.0,Boa,0,0
2023-10-24,0.01,1003.58,21.76,85.54,Ameno (15-22°C),,4.88,7.14,37.59,0.6,24.0,Boa,0,0
2023-10-25,0.0,1005.83,19.05,71.79,Ameno (15-22°C),,4.61,5.97,42.28,0.4,23.0,Boa,5,1
2023-10-26,0.0,1005.45,18.29,69.04,Ameno (15-22°C),,4.44,5.11,43.93,0.31,24.0,Boa,0,0
2023-10-27,0.0,1002.69,20.3,70.0,Ameno (15-22°C),,4.96,7.7,41.07,0.52,26.0,Boa,2,1
2023-10-28,0.0,998.35,23.35,73.71,Quente (22-28°C),,8.98,10.41,35.5,0.84,26.0,Boa,0,0
2023-10-29,0.0,998.17,25.28,72.58,Quente (22-28°C),,6.44,6.13,55.82,0.71,34.0,Boa,0,0
2023-10-30,0.07,1002.73,22.05,83.83,Quente (22-28°C),,5.6,8.88,40.17,0.74,27.0,Boa,0,0
2023-10-31,0.05,1007.74,20.52,83.29,Ameno (15-22°C),,4.64,3.4,42.51,0.36,24.0,Boa,0,0
2023-11-01,0.0,1009.44,19.81,80.65,Ameno (15-22°C),,4.34,2.74,44.54,0.3,20.0,Boa,0,0
2023-11-02,1.26,1005.63,18.51,88.0,Ameno (15-22°C),,4.45,2.21,43.52,0.44,19.0,Boa,0,0
2023-11-03,1.43,998.88,18.64,86.92,Ameno (15-22°C),,5.07,6.91,22.28,0.51,15.0,Boa,0,0
2023-11-04,0.01,1006.72,16.43,66.79,Ameno (15-22°C),,5.16,4.29,38.84,0.34,18.0,Boa,0,0
2023-11-05,0.0,1011.67,17.7,68.25,Ameno (15-22°C),,4.99,4.72,38.25,0.55,24.0,Boa,0,0
2023-11-06,0.0,1011.81,20.29,70.75,Ameno (15-22°C),,4.75,4.69,45.28,0.43,25.0,Boa,0,0
2023-11-07,0.0,1007.6,22.91,64.83,Quente (22-28°C),,5.67,8.41,44.78,0.61,34.0,Boa,0,0
2023-11-08,0.0,1005.07,23.51,71.25,Quente (22-28°C),,10.64,11.86,44.09,0.95,31.0,Boa,0,0
2023-11-09,0.02,1008.62,20.52,79.96,Ameno (15-22°C),,5.1,5.89,46.62,0.5,22.0,Boa,0,0
2023-11-10,0.0,1006.63,21.82,76.25,Ameno (15-22°C),,4.59,3.95,46.7,0.48,26.0,Boa,0,0
2023-11-11,2.43,999.85,22.26,87.88,Quente (22-28°C),,5.1,4.82,48.18,0.69,26.0,Boa,0,0
2023-11-12,2.89,1002.87,20.88,94.5,Ameno (15-22°C),,5.11,4.32,56.74,0.66,27.0,Boa,1,1
2023-11-13,0.79,1003.33,21.81,90.91,Ameno (15-22°C),,5.33,8.65,50.73,0.82,24.0,Boa,0,0
2023-11-14,0.0,1004.04,21.94,89.0,Ameno (15-22°C),,6.0,9.66,35.25,0.82,20.0,Boa,4,1
2023-11-15,1.07,1000.65,21.8,91.21,Ameno (15-22°C),,5.41,6.1,41.61,0.84,18.0,Boa,5,2
2023-11-16,0.0,999.25,22.89,86.0,Quente (22-28°C),,4.53,8.8,33.2,0.9,18.0,Boa,7,1
2023-11-17,0.73,997.76,21.58,88.38,Ameno (15-22°C),,3.87,6.93,51.71,0.5,22.0,Boa,0,0
2023-11-18,1.7,998.42,21.25,88.88,Ameno (15-22°C),,7.16,7.55,68.74,0.48,34.0,Boa,0,0
2023-11-19,0.0,1008.79,20.71,67.33,Ameno (15-22°C),,4.41,4.47,52.14,0.22,26.0,Boa,0,0
2023-11-20,0.0,1008.29,21.43,56.88,Ameno (15-22°C),,3.87,9.05,38.47,0.32,27.0,Boa,0,0
2023-11-21,0.0,1002.62,25.34,64.26,Quente (22-28°C),,5.64,10.86,55.88,0.47,44.0,Moderada,0,0
2023-11-22,0.82,1002.28,21.56,82.54,Ameno (15-22°C),,4.08,6.4,47.88,0.29,30.0,Boa,0,0
2023-11-23,0.0,1010.2,21.64,73.0,Ameno (15-22°C),,4.64,4.46,44.87,0.27,23.0,Boa,0,0
2023-11-24,0.0,1016.18,20.53,67.23,Ameno (15-22°C),,7.87,7.8,38.95,0.26,27.0,Boa,0,0
2023-11-25,0.0,1014.4,19.39,66.79,Ameno (15-22°C),,5.55,4.08,37.92,0.3,20.0,Boa,0,0
2023-11-26,0.0,1010.08,22.79,68.0,Quente (22-28°C),,5.65,3.99,39.23,0.3,25.0,Boa,0,0
2023-11-27,0.0,1009.25,24.49,71.36,Quente (22-28°C),,5.61,6.4,38.09,0.32,26.0,Boa,0,0
2023-11-28,1.26,1006.93,20.96,92.17,Ameno (15-22°C),,5.4,4.09,33.2,0.32,18.0,Boa,0,0
2023-11-29,0.02,1003.45,23.33,80.91,Quente (22-28°C),,5.19,3.79,46.69,0.3,23.0,Boa,5,1
2023-11-30,0.0,1004.8,23.78,81.92,Quente (22-28°C),,5.64,5.44,41.88,0.35,28.0,Boa,0,0
2023-12-01,0.0,1003.61,26.14,75.71,Quente (22-28°C),,5.49,4.69,43.88,0.3,30.0,Boa,0,0
2023-12-02,0.53,1002.98,25.14,83.21,Quente (22-28°C),,5.71,5.59,40.92,0.4,29.0,Boa,0,0
2023-12-03,0.18,1005.73,23.58,80.29,Quente (22-28°C),,5.71,2.44,51.81,0.35,29.0,Boa,0,0
2023-12-04,0.17,1012.15,19.32,90.79,Ameno (15-22°C),,5.12,2.29,43.34,0.22,22.0,Boa,0,0
2023-12-05,0.0,1011.96,21.11,80.83,Ameno (15-22°C),,5.24,2.78,35.53,0.27,16.0,Boa,0,0
2023-12-06,0.19,1004.55,24.38,83.54,Quente (22-28°C),,6.26,9.9,27.36,0.51,16.0,Boa,0,0
2023-12-07,0.05,1003.47,23.7,86.17,Quente (22-28°C),,5.87,6.31,29.88,0.32,16.0,Boa,0,0
2023-12-08,0.0,1012.41,20.61,69.54,Ameno (15-22°C),,5.33,3.07,37.05,0.18,18.0,Boa,0,0
2023-12-09,0.0,1011.76,20.4,71.92,Ameno (15-22°C),,5.61,4.21,26.8,0.23,16.0,Boa,0,0
2023-12-10,0.0,1007.31,22.23,76.17,Quente (22-28°C),,5.72,3.6,28.77,0.27,16.0,Boa,0,0
2023-12-11,0.0,1007.86,23.08,74.96,Quente (22-28°C),,5.47,3.08,36.55,0.24,21.0,Boa,0,0
2023-12-12,0.0,1008.56,24.97,68.12,Quente (22-28°C),,5.74,5.97,36.81,0.27,24.0,Boa,0,0
2023-12-13,0.0,1004.17,27.52,65.62,Quente (22-28°C),,11.97,9.92,38.88,0.38,29.0,Boa,0,0
2023-12-14,0.0,1002.38,28.11,71.71,Muito Quente (>28°C),,8.26,8.9,49.48,0.37,32.0,Boa,0,0
2023-12-15,0.38,1004.67,27.86,74.13,Quente (22-28°C),,7.36,7.88,66.61,0.4,68.0,Moderada,2,1
2023-12-16,0.01,1004.84,28.36,73.42,Muito Quente (>28°C),,8.22,8.74,65.85,0.46,68.0,Moderada,0,0
2023-12-17,0.0,1002.3,30.98,63.88,Muito Quente (>28°C),,7.49,5.77,44.08,0.31,31.0,Boa,0,0
2023-12-18,0.25,1002.38,28.78,77.79,Muito Quente (>28°C),,6.1,4.9,52.95,0.22,39.0,Boa,0,0
2023-12-19,0.03,1004.17,24.18,87.96,Quente (22-28°C),,5.56,3.21,28.46,0.25,20.0,Boa,0,0
2023-12-20,0.01,1006.52,24.29,81.57,Quente (22-28°C),,6.42,2.61,20.33,0.32,11.0,Boa,0,0
2023-12-21,0.0,1005.66,27.08,68.87,Quente (22-28°C),,5.16,5.16,35.18,0.33,29.0,Boa,0,0
2023-12-22,0.12,1005.44,26.43,76.91,Quente (22-28°C),,4.8,4.6,33.52,0.3,24.0,Boa,0,0
2023-12-23,0.01,1004.88,25.82,77.46,Quente (22-28°C),,4.53,4.63,41.33,0.3,27.0,Boa,0,0
2023-12-24,0.0,1006.14,25.56,75.39,Quente (22-28°C),,4.31,4.28,30.54,0.34,16.0,Boa,0,0
2023-12-25,0.42,1002.83,23.92,79.96,Quente (22-28°C),,4.22,7.05,32.59,0.32,18.0,Boa,0,0
2023-12-26,0.0,1009.27,21.52,63.5,Ameno (15-22°C),,4.0,2.91,37.62,0.19,17.0,Boa,0,0
2023-12-27,0.0,1010.63,22.19,66.78,Quente (22-28°C),,4.37,1.64,28.31,0.27,18.0,Boa,0,0
2023-12-28,0.0,1003.62,26.97,58.46,Quente (22-28°C),,10.28,2.52,41.52,0.35,26.0,Boa,0,0
2023-12-29,1.43,1001.86,24.07,79.09,Quente (22-28°C),,5.77,2.57,42.25,0.38,22.0,Boa,0,0
2023-12-30,0.0,1010.96,21.27,64.39,Ameno (15-22°C),,4.46,2.55,35.66,0.32,18.0,Boa,0,0
2023-12-31,0.0,1011.21,20.78,62.42,Ameno (15-22°C),,4.69,2.58,33.51,0.37,17.0,Boa,0,0
2024-01-01,0.0,1007.65,23.75,70.79,Quente (22-28°C),,4.74,2.52,33.42,0.37,20.0,Boa,0,0
2024-01-02,1.57,1005.45,23.27,82.5,Quente (22-28°C),,3.85,1.6,30.43,0.4,19.0,Boa,0,0
2024-01-03,0.0,1007.46,22.76,79.92,Quente (22-28°C),,2.92,1.68,27.71,0.3,15.0,Boa,0,0
2024-01-04,0.0,1008.97,22.85,79.67,Quente (22-28°C),,4.55,2.58,27.73,0.3,15.0,Boa,0,0
2024-01-05,0.0,1007.73,24.27,75.62,Quente (22-28°C),,4.73,2.58,30.43,0.35,16.0,Boa,0,0
2024-01-06,0.0,1004.8,25.93,71.29,Quente (22-28°C),,4.75,2.57,31.25,0.28,21.0,Boa,1,1
2024-01-07,0.33,1001.81,27.85,72.7,Quente (22-28°C),,6.19,2.56,39.07,0.33,25.0,Boa,0,0
2024-01-08,0.0,1001.7,27.52,71.61,Quente (22-28°C),,5.0,2.55,46.17,0.38,29.0,Boa,0,0
2024-01-09,0.0,1005.76,26.14,76.08,Quente (22-28°C),,4.46,1.96,43.24,0.36,24.0,Boa,0,0
2024-01-10,0.0,1004.52,27.71,71.21,Quente (22-28°C),,5.61,1.55,47.6,0.39,31.0,Boa,0,0
2024-01-11,1.18,1005.35,24.16,86.96,Quente (22-28°C),,4.69,1.53,38.44,0.35,22.0,Boa,3,1
2024-01-12,0.0,1008.89,23.42,75.0,Quente (22-28°C),,4.53,1.52,30.83,0.35,17.0,Boa,2,1
2024-01-13,0.0,1009.01,23.49,67.61,Quente (22-28°C),,4.42,1.49,31.18,0.33,18.0,Boa,0,0
2024-01-14,1.63,1005.28,25.78,74.88,Quente (22-28°C),,7.35,1.48,35.19,0.37,22.0,Boa,0,0
2024-01-15,0.01,1004.77,25.99,78.77,Quente (22-28°C),,4.45,1.5,41.28,0.36,27.0,Boa,0,0
2024-01-16,2.48,1004.02,26.57,78.04,Quente (22-28°C),,5.01,1.55,42.21,0.46,30.0,Boa,5,1
2024-01-17,0.39,1006.89,23.54,87.21,Quente (22-28°C),,4.88,1.77,35.48,0.45,17.0,Boa,0,0
2024-01-18,0.0,1004.52,25.89,81.08,Quente (22-28°C),,4.63,2.97,43.54,0.27,21.0,Boa,0,0
2024-01-19,0.78,1002.06,26.41,83.75,Quente (22-28°C),,4.76,3.4,37.15,0.44,23.0,Boa,0,0
2024-01-20,0.86,1003.98,24.0,88.96,Quente (22-28°C),,4.37,3.39,35.63,0.3,17.0,Boa,2,1
2024-01-21,0.01,1010.46,23.18,72.46,Quente (22-28°C),,4.36,3.33,32.1,0.23,16.0,Boa,3,1
2024-01-22,0.0,1013.12,22.64,68.17,Quente (22-28°C),,4.43,3.25,27.17,0.34,15.0,Boa,0,0
2024-01-23,0.0,1012.63,22.5,67.04,Quente (22-28°C),,4.52,3.2,27.34,0.26,15.0,Boa,0,0
2024-01-24,0.15,1011.9,21.4,74.12,Ameno (15-22°C),,4.73,4.26,23.76,0.35,13.0,Boa,0,0
2024-01-25,0.0,1012.38,22.52,65.5,Quente (22-28°C),,4.43,6.0,26.74,0.41,15.0,Boa,2,1
2024-01-26,0.0,1012.9,22.13,73.87,Quente (22-28°C),,4.56,5.97,18.22,0.38,11.0,Boa,1,1
2024-01-27,0.0,1010.99,22.49,73.17,Quente (22-28°C),,4.68,5.87,21.19,0.37,12.0,Boa,0,0
2024-01-28,0.43,1008.63,22.73,82.91,Quente (22-28°C),,4.61,5.73,23.67,0.4,15.0,Boa,2,1
2024-01-29,0.01,1006.91,23.31,82.12,Quente (22-28°C),,9.78,7.52,26.07,0.41,21.0,Boa,0,0
2024-01-30,0.0,1006.57,24.5,72.04,Quente (22-28°C),,5.63,7.4,24.96,0.4,18.0,Boa,0,0
2024-01-31,0.0,1008.26,24.41,72.5,Quente (22-28°C),,6.69,7.53,38.6,0.4,32.0,Boa,0,0
2024-02-01,0.0,1011.0,25.02,71.71,Quente (22-28°C),,5.3,6.87,27.98,0.47,18.0,Boa,4,1
2024-02-02,0.0,1012.0,25.06,71.08,Quente (22-28°C),,4.69,6.06,28.57,0.4,19.0,Boa,0,0
2024-02-03,0.0,1008.38,27.09,64.58,Quente (22-28°C),,6.27,6.85,41.28,0.43,31.0,Boa,0,0
2024-02-04,0.35,1007.32,27.72,71.04,Quente (22-28°C),,6.43,7.47,37.82,0.52,24.0,Boa,0,0
2024-02-05,0.01,1009.78,26.7,80.08,Quente (22-28°C),,5.5,6.81,32.39,0.4,21.0,Boa,0,0
2024-02-06,0.0,1010.59,26.22,78.25,Quente (22-28°C),,5.12,6.04,26.77,0.4,16.0,Boa,0,0
2024-02-07,0.0,1007.64,26.57,77.58,Quente (22-28°C),,5.18,6.3,30.89,0.32,22.0,Boa,0,0
2024-02-08,0.0,1006.18,27.63,75.83,Quente (22-28°C),,5.37,6.87,37.39,0.46,27.0,Boa,0,0
2024-02-09,0.0,1007.08,28.65,74.62,Muito Quente (>28°C),,5.51,7.18,37.04,0.44,26.0,Boa,0,0
2024-02-10,0.0,1007.65,29.48,70.96,Muito Quente (>28°C),,5.49,6.84,34.93,0.43,21.0,Boa,2,1
2024-02-11,0.0,1007.31,29.89,66.21,Muito Quente (>28°C),,6.21,7.13,29.87,0.49,18.0,Boa,0,0
2024-02-12,0.0,1004.81,30.12,65.46,Muito Quente (>28°C),,5.94,7.93,28.31,0.55,18.0,Boa,1,1
2024-02-13,1.19,1008.57,23.12,89.38,Quente (22-28°C),,5.22,5.62,23.57,0.49,11.0,Boa,0,0
2024-02-14,0.0,1013.22,22.57,67.67,Quente (22-28°C),,5.13,4.4,17.99,0.4,10.0,Boa,0,0
2024-02-15,0.0,1011.56,23.59,67.08,Quente (22-28°C),,5.26,5.29,17.88,0.41,10.0,Boa,0,0
2024-02-16,0.96,1009.1,21.55,85.88,Ameno (15-22°C),,5.34,5.42,14.38,0.3,8.0,Boa,0,0
2024-02-17,0.01,1006.77,24.06,81.38,Quente (22-28°C),,5.74,4.03,14.02,0.6,8.0,Boa,0,0
2024-02-18,0.0,1005.28,25.79,79.96,Quente (22-28°C),,5.58,3.76,13.57,0.61,8.0,Boa,0,0
2024-02-19,0.0,1003.29,25.42,77.04,Quente (22-28°C),,5.1,3.74,13.37,0.42,7.0,Boa,0,0
2024-02-20,0.0,1004.11,23.88,74.17,Quente (22-28°C),,5.31,3.75,12.85,0.43,7.0,Boa,0,0
2024-02-21,0.0,1004.39,24.1,74.04,Quente (22-28°C),,5.32,8.24,14.2,0.49,8.0,Boa,0,0
2024-02-22,0.0,1002.94,25.35,78.33,Quente (22-28°C),,5.64,10.23,16.6,0.51,10.0,Boa,0,0
2024-02-23,0.0,1004.81,27.78,70.83,Quente (22-28°C),,7.41,4.77,19.71,0.56,12.0,Boa,5,1
2024-02-24,0.0,1010.88,27.36,72.96,Quente (22-28°C),,5.83,4.57,13.93,0.39,9.0,Boa,0,0
2024-02-25,0.0,1014.75,25.61,78.46,Quente (22-28°C),,5.29,4.67,11.69,0.39,5.0,Boa,0,0
2024-02-26,0.17,1010.58,24.24,84.21,Quente (22-28°C),,5.33,4.46,11.02,0.46,5.0,Boa,0,0
2024-02-27,0.87,1003.4,25.35,87.5,Quente (22-28°C),,5.61,4.79,10.13,0.56,6.0,Boa,0,0
2024-02-28,0.01,1005.8,25.96,82.25,Quente (22-28°C),,5.49,4.38,17.63,0.47,12.0,Boa,0,0
2024-02-29,0.0,1007.42,26.3,81.67,Quente (22-28°C),,5.8,4.42,13.48,0.51,15.0,Boa,0,0
2024-03-01,0.0,1008.32,25.99,80.43,Quente (22-28°C),,5.32,4.57,19.57,0.38,11.0,Boa,0,0
2024-03-02,0.0,1006.05,27.13,73.88,Quente (22-28°C),,6.61,4.47,26.47,0.56,19.0,Boa,0,0
2024-03-03,0.0,1006.23,25.99,78.83,Quente (22-28°C),,5.94,4.4,23.98,0.5,15.0,Boa,0,0
2024-03-04,0.0,1010.02,22.21,73.58,Quente (22-28°C),,5.54,4.59,22.6,0.45,10.0,Boa,0,0
2024-03-05,0.0,1010.61,21.85,60.25,Ameno (15-22°C),,5.69,4.79,21.1,0.7,14.0,Boa,0,0
2024-03-06,0.0,1010.82,21.12,68.22,Ameno (15-22°C),,7.0,4.51,17.24,1.07,30.0,Boa,0,0
2024-03-07,0.0,1010.47,24.34,69.91,Quente (22-28°C),,5.68,4.48,29.73,0.08,17.0,Boa,4,1
2024-03-08,2.22,1007.75,22.86,90.96,Quente (22-28°C),,6.08,4.66,16.26,0.27,13.0,Boa,0,0
2024-03-09,0.0,1004.46,25.37,84.46,Quente (22-28°C),,6.55,4.36,18.04,0.4,11.0,Boa,0,0
2024-03-10,0.0,1009.0,24.36,82.58,Quente (22-28°C),,5.9,4.5,26.99,0.66,18.0,Boa,7,1
2024-03-11,0.0,1011.2,23.83,74.54,Quente (22-28°C),,5.48,4.68,28.87,0.47,17.0,Boa,0,0
2024-03-12,0.0,1008.99,25.1,72.71,Quente (22-28°C),,5.84,4.6,33.59,0.52,24.0,Boa,0,0
2024-03-13,0.0,1006.9,26.71,73.25,Quente (22-28°C),,7.31,4.47,35.81,0.63,26.0,Boa,0,0
2024-03-14,0.0,1004.9,28.52,64.88,Muito Quente (>28°C),,7.59,4.5,41.21,0.7,30.0,Boa,0,0
2024-03-15,0.0,1004.16,26.11,76.79,Quente (22-28°C),,7.18,4.54,28.56,0.7,20.0,Boa,0,0
2024-03-16,0.12,1001.87,25.29,86.0,Quente (22-28°C),,6.41,4.19,26.56,0.63,17.0,Boa,0,0
2024-03-17,0.01,1005.07,24.98,84.12,Quente (22-28°C),,6.05,4.57,20.42,0.58,11.0,Boa,3,1
2024-03-18,0.0,1004.62,27.12,77.08,Quente (22-28°C),,6.03,4.5,31.24,0.48,22.0,Boa,0,0
2024-03-19,0.0,1003.74,27.41,78.88,Quente (22-28°C),,6.5,4.4,25.76,0.61,19.0,Boa,0,0
2024-03-20,0.0,998.89,29.16,71.71,Muito Quente (>28°C),,6.9,4.26,28.59,0.64,19.0,Boa,0,0
2024-03-21,0.52,1002.51,22.53,85.58,Quente (22-28°C),,6.32,4.53,21.71,0.52,12.0,Boa,0,0
2024-03-22,0.01,1016.7,20.19,68.54,Ameno (15-22°C),,5.74,4.77,18.35,0.58,11.0,Boa,0,0
2024-03-23,0.0,1016.06,21.47,67.5,Ameno (15-22°C),,5.93,4.45,17.89,0.54,10.0,Boa,0,0
2024-03-24,0.0,1011.25,23.67,65.04,Quente (22-28°C),,6.44,4.58,19.5,0.57,14.0,Boa,0,0
2024-03-25,0.0,1009.65,22.8,76.88,Quente (22-28°C),,8.72,4.59,21.38,0.58,15.0,Boa,0,0
2024-03-26,0.0,1011.64,21.73,76.38,Ameno (15-22°C),,7.32,4.51,17.63,0.55,12.0,Boa,0,0
2024-03-27,0.0,1010.75,23.32,73.08,Quente (22-28°C),,6.08,4.59,22.68,0.43,16.0,Boa,0,0
2024-03-28,0.0,1010.48,24.66,76.0,Quente (22-28°C),,7.01,4.37,24.68,0.4,19.0,Boa,3,1
2024-03-29,0.51,1009.75,24.77,77.71,Quente (22-28°C),,6.53,4.45,22.81,0.37,15.0,Boa,2,1
2024-03-30,0.0,1007.8,23.91,75.04,Quente (22-28°C),,7.76,4.47,21.47,0.51,15.0,Boa,0,0
2024-03-31,0.0,1007.04,25.0,76.5,Quente (22-28°C),,7.41,4.38,19.63,0.43,13.0,Boa,0,0
2024-04-01,0.0,1005.78,25.62,75.96,Quente (22-28°C),,6.15,4.37,25.59,0.42,14.0,Boa,0,0
2024-04-02,0.0,1006.83,22.0,83.08,Quente (22-28°C),,7.21,4.32,16.27,0.35,10.0,Boa,0,0
2024-04-03,0.0,1006.72,23.44,77.83,Quente (22-28°C),,6.36,4.69,20.06,0.4,12.0,Boa,6,1
2024-04-04,0.0,1008.1,23.75,83.71,Quente (22-28°C),,6.53,4.55,13.64,0.53,8.0,Boa,0,0
2024-04-05,0.0,1012.44,22.15,81.62,Quente (22-28°C),,6.42,4.78,13.58,0.48,6.0,Boa,0,0
2024-04-06,0.0,1012.98,20.75,69.83,Ameno (15-22°C),,6.93,4.6,13.31,0.42,7.0,Boa,0,0
2024-04-07,0.3,1008.55,20.21,85.54,Ameno (15-22°C),,6.85,4.45,11.82,0.51,7.0,Boa,0,0
2024-04-08,0.0,1006.91,23.23,83.25,Quente (22-28°C),,7.19,4.67,23.19,0.54,22.0,Boa,0,0
2024-04-09,0.0,1007.09,24.48,80.71,Quente (22-28°C),,7.08,4.63,31.65,0.57,24.0,Boa,5,1
2024-04-10,0.0,1008.43,22.89,82.5,Quente (22-28°C),,6.39,4.82,29.13,0.37,18.0,Boa,8,1
2024-04-11,0.23,1013.7,19.44,90.25,Ameno (15-22°C),,6.28,4.7,29.22,0.28,13.0,Boa,0,0
2024-04-12,0.04,1014.56,19.89,87.92,Ameno (15-22°C),,6.27,4.79,30.46,0.32,12.0,Boa,0,0
2024-04-13,0.61,1010.84,20.92,92.5,Ameno (15-22°C),,6.39,4.79,28.8,0.35,13.0,Boa,4,2
2024-04-14,0.02,1007.66,22.91,86.12,Quente (22-28°C),,6.48,4.91,28.68,0.32,14.0,Boa,0,0
2024-04-15,0.17,1005.97,25.16,82.71,Quente (22-28°C),,6.63,4.73,22.15,0.47,12.0,Boa,0,0
2024-04-16,1.29,1005.04,22.83,90.88,Quente (22-28°C),,6.99,5.23,14.85,0.51,8.0,Boa,7,1
2024-04-17,0.0,1009.73,19.85,72.5,Ameno (15-22°C),,7.53,4.89,26.14,0.41,15.0,Boa,0,0
2024-04-18,0.0,1012.02,19.43,70.42,Ameno (15-22°C),,8.66,4.79,28.94,0.51,19.0,Boa,2,1
2024-04-19,0.0,1012.59,20.24,72.83,Ameno (15-22°C),,11.05,4.57,34.61,0.57,23.0,Boa,0,0
2024-04-20,0.0,1011.85,20.97,69.21,Ameno (15-22°C),,9.47,4.68,37.88,0.66,26.0,Boa,0,0
2024-04-21,0.0,1009.25,21.22,72.67,Ameno (15-22°C),,9.69,4.83,35.24,0.59,24.0,Boa,0,0
2024-04-22,0.0,1007.23,20.49,83.7,Ameno (15-22°C),,9.76,4.87,29.42,0.74,18.0,Boa,0,0
2024-04-23,0.0,1005.72,23.28,81.04,Quente (22-28°C),,15.64,4.73,29.13,0.6,17.0,Boa,0,0
2024-04-24,0.35,1010.24,20.71,77.52,Ameno (15-22°C),,7.47,4.77,19.61,0.48,14.0,Boa,5,1
2024-04-25,0.01,1010.82,19.58,72.62,Ameno (15-22°C),,6.92,5.05,27.84,0.48,17.0,Boa,0,0
2024-04-26,0.09,1005.5,21.32,88.5,Ameno (15-22°C),,8.39,5.16,15.19,0.77,10.0,Boa,0,0
2024-04-27,1.97,1001.6,23.23,85.17,Quente (22-28°C),,7.82,4.64,27.41,0.62,14.0,Boa,0,0
2024-04-28,0.03,1007.55,19.0,82.12,Ameno (15-22°C),,6.83,4.86,30.61,0.46,15.0,Boa,0,0
2024-04-29,1.72,1005.08,19.89,91.67,Ameno (15-22°C),,7.34,4.8,21.54,0.63,13.0,Boa,0,0
2024-04-30,5.03,1005.39,19.96,95.96,Ameno (15-22°C),,7.02,4.96,32.58,0.44,14.0,Boa,0,0
2024-05-01,2.93,1003.22,19.8,95.75,Ameno (15-22°C),,7.18,4.91,31.98,0.54,14.0,Boa,0,0
2024-05-02,2.77,1000.46,19.26,96.0,Ameno (15-22°C),,7.28,5.12,30.77,0.56,16.0,Boa,0,0
2024-05-03,0.24,1007.72,17.32,93.96,Ameno (15-22°C),,6.79,4.98,36.95,0.46,16.0,Boa,0,0
2024-05-04,0.63,1007.6,20.35,93.38,Ameno (15-22°C),,,,,,,Sem Dados,0,0
2024-05-05,0.62,1008.64,22.34,88.17,Quente (22-28°C),,,,,,,Sem Dados,9,1
2024-05-06,0.0,1004.4,25.59,73.38,Quente (22-28°C),,,,,,,Sem Dados,0,0
2024-05-07,0.0,1002.15,26.14,69.5,Quente (22-28°C),,,,,,,Sem Dados,0,0
2024-05-08,0.25,1001.1,25.65,70.62,Quente (22-28°C),,,,,,,Sem Dados,0,0
2024-05-09,0.0,1013.42,17.11,73.58,Ameno (15-22°C),,,,,,,Sem Dados,0,0
2024-05-10,1.86,1009.17,16.2,90.25,Ameno (15-22°C),,,,,,,Sem Dados,6,2
2024-05-11,0.97,1006.03,18.47,97.0,Ameno (15-22°C),,,,,,,Sem Dados,0,0
2024-05-12,2.84,1002.01,19.44,96.79,Ameno (15-22°C),,,,,,,Sem Dados,5,1
2024-05-13,0.21,1007.92,16.58,88.25,Ameno (15-22°C),,,,,,,Sem Dados,0,0
2024-05-14,0.0,1015.83,13.0,69.33,Frio (<15°C),,,,,,,Sem Dados,10,1
2024-05-15,0.0,1014.95,11.18,73.5,Frio (<15°C),,,,,,,Sem Dados,0,0
2024-05-16,0.32,1008.99,11.14,89.88,Frio (<15°C),,,,,,,Sem Dados,5,1
2024-05-17,0.2,1011.32,13.41,80.38,Frio (<15°C),,,,,,,Sem Dados,3,1
2024-05-18,0.0,1015.28,13.22,83.79,Frio (<15°C),,,,,,,Sem Dados,0,0
2024-05-19,0.1,1014.45,14.17,92.75,Frio (<15°C),,,,,,,Sem Dados,0,0
2024-05-20,0.01,1015.05,14.68,87.92,Frio (<15°C),,,,,,,Sem Dados,8,2
2024-05-21,0.01,1012.18,17.38,81.75,Ameno (15-22°C),,,,,,,Sem Dados,0,0
2024-05-22,0.0,1006.75,20.9,80.71,Ameno (15-22°C),,,,,,,Sem Dados,7,1
2024-05-23,5.39,1004.65,18.55,94.96,Ameno (15-22°C),,,,,,,Sem Dados,9,1
2024-05-24,0.73,1007.21,15.28,93.17,Ameno (15-22°C),,,,,,,Sem Dados,2,1
2024-05-25,0.06,1019.03,11.1,83.17,Frio (<15°C),,,,,,,Sem Dados,5,2
2024-05-26,0.01,1020.86,11.83,81.92,Frio (<15°C),,,,,,,Sem Dados,0,0
2024-05-27,1.16,1013.44,14.8,93.38,Frio (<15°C),,,,,,,Sem Dados,0,0
2024-05-28,0.05,1012.65,11.63,83.79,Frio (<15°C),,,,,,,Sem Dados,0,0
2024-05-29,0.08,1018.12,13.98,90.25,Frio (<15°C),,,,,,,Sem Dados,11,2
2024-05-30,0.0,1018.88,12.94,86.83,Frio (<15°C),,,,,,,Sem Dados,0,0
2024-05-31,0.01,1017.95,13.12,86.17,Frio (<15°C),,,,,,,Sem Dados,0,0
2024-06-01,0.01,1014.03,14.86,79.54,Frio (<15°C),,,,,,,Sem Dados,0,0
2024-06-02,0.0,1011.27,18.97,73.67,Ameno (15-22°C),,,,,,,Sem Dados,0,0
2024-06-03,0.63,1019.08,12.22,88.75,Frio (<15°C),,,,,,,Sem Dados,0,0
2024-06-04,0.0,1019.5,13.08,80.79,Frio (<15°C),,4.52,9.35,21.29,2.49,11.0,Boa,0,0
2024-06-05,0.03,1014.61,16.09,84.42,Ameno (15-22°C),,4.56,8.88,19.04,2.62,15.0,Boa,15,1
2024-06-06,0.0,1012.66,19.05,86.25,Ameno (15-22°C),,8.9,8.58,19.71,1.84,16.0,Boa,0,0
2024-06-07,0.0,1014.09,20.29,82.46,Ameno (15-22°C),,10.21,8.8,21.48,,10.0,Boa,0,0
2024-06-08,0.0,1013.4,20.24,83.04,Ameno (15-22°C),,9.36,8.75,23.93,,10.0,Boa,0,0
2024-06-09,0.0,1006.81,22.14,72.58,Quente (22-28°C),,9.05,8.96,23.61,,12.0,Boa,0,0
2024-06-10,0.0,1008.25,21.06,77.42,Ameno (15-22°C),,7.72,8.84,21.45,,9.0,Boa,0,0
2024-06-11,0.0,1013.35,18.08,89.25,Ameno (15-22°C),,6.57,8.71,19.95,,8.0,Boa,5,2
2024-06-12,0.0,1010.0,21.57,78.83,Ameno (15-22°C),,8.62,9.02,23.17,,10.0,Boa,4,2
2024-06-13,0.0,1005.8,22.95,62.71,Quente (22-28°C),,7.26,8.88,22.12,,10.0,Boa,0,0
2024-06-14,0.0,1004.35,24.65,55.08,Quente (22-28°C),,8.2,8.86,24.36,,12.0,Boa,0,0
2024-06-15,0.43,1009.21,21.04,77.75,Ameno (15-22°C),,7.41,9.08,25.7,,14.0,Boa,9,2
2024-06-16,1.47,1010.01,17.57,95.42,Ameno (15-22°C),,6.62,8.75,24.67,,11.0,Boa,0,0
2024-06-17,0.01,1006.21,18.11,93.33,Ameno (15-22°C),,6.65,8.76,24.24,,10.0,Boa,0,0
2024-06-18,0.0,1004.41,19.34,86.21,Ameno (15-22°C),,7.14,8.67,25.23,,10.0,Boa,0,0
2024-06-19,2.93,1007.8,18.13,93.04,Ameno (15-22°C),,6.85,8.85,24.41,,11.0,Boa,0,0
2024-06-20,0.0,1012.68,18.25,92.0,Ameno (15-22°C),,6.9,8.68,31.46,,15.0,Boa,0,0
2024-06-21,0.68,1010.3,18.03,94.08,Ameno (15-22°C),,7.04,8.91,33.19,,18.0,Boa,4,1
2024-06-22,0.01,1004.11,21.41,76.21,Ameno (15-22°C),,10.4,8.72,49.64,,27.0,Boa,0,0
2024-06-23,0.55,1002.03,21.15,81.83,Ameno (15-22°C),,7.54,8.67,51.66,,30.0,Boa,0,0
2024-06-24,0.08,1012.43,14.04,85.29,Frio (<15°C),,6.61,8.7,47.69,,21.0,Boa,0,0
2024-06-25,0.06,1017.93,12.42,75.29,Frio (<15°C),,6.53,8.75,52.37,,25.0,Boa,0,0
2024-06-26,0.46,1010.65,12.28,93.33,Frio (<15°C),,6.71,8.75,36.28,,22.0,Boa,0,0
2024-06-27,0.01,1008.05,12.31,76.08,Frio (<15°C),,8.85,8.54,18.65,,11.0,Boa,5,2
2024-06-28,0.0,1005.86,13.6,77.75,Frio (<15°C),,8.09,8.8,16.85,,9.0,Boa,0,0
2024-06-29,0.0,1015.01,9.67,61.58,Frio (<15°C),,6.77,8.63,32.22,,15.0,Boa,0,0
2024-06-30,0.0,1017.59,7.7,62.88,Frio (<15°C),,7.7,8.95,29.97,,15.0,Boa,0,0
2024-07-01,0.0,1015.91,8.62,71.12,Frio (<15°C),,8.51,8.62,24.04,,13.0,Boa,0,0
2024-07-02,0.0,1012.3,12.65,70.88,Frio (<15°C),,10.12,8.86,33.82,,17.0,Boa,0,0
2024-07-03,0.0,1008.86,15.32,72.08,Ameno (15-22°C),,6.43,8.84,30.99,,22.0,Boa,0,0
2024-07-04,0.03,1011.17,12.41,81.42,Frio (<15°C),,3.95,9.02,23.33,,12.0,Boa,7,2
2024-07-05,0.45,1016.91,10.52,90.75,Frio (<15°C),,7.21,8.58,16.45,,9.0,Boa,0,0
2024-07-06,0.0,1020.59,8.55,73.79,Frio (<15°C),,7.38,8.5,20.94,,14.0,Boa,0,0
2024-07-07,0.02,1017.59,10.63,86.29,Frio (<15°C),,7.47,8.69,28.27,,13.0,Boa,0,0
2024-07-08,0.0,1019.5,9.19,75.58,Frio (<15°C),,6.58,8.47,26.0,,12.0,Boa,0,0
2024-07-09,0.23,1018.58,7.89,75.0,Frio (<15°C),,6.69,8.6,24.72,,12.0,Boa,0,0
2024-07-10,0.75,1013.38,8.81,95.5,Frio (<15°C),,7.14,8.73,18.56,,9.0,Boa,0,0
2024-07-11,0.01,1016.8,10.12,91.0,Frio (<15°C),,7.62,8.59,21.63,,12.0,Boa,0,0
2024-07-12,0.0,1025.15,10.5,80.46,Frio (<15°C),,6.89,8.53,39.17,,18.0,Boa,0,0
2024-07-13,0.18,1024.21,11.01,90.42,Frio (<15°C),,7.71,8.75,39.06,,17.0,Boa,4,1
2024-07-14,0.31,1020.48,13.59,92.67,Frio (<15°C),,7.22,8.79,49.75,,22.0,Boa,0,0
2024-07-15,0.01,1023.48,14.68,83.5,Frio (<15°C),,7.36,8.68,41.3,,20.0,Boa,0,0
2024-07-16,0.08,1020.72,15.78,87.46,Ameno (15-22°C),,7.51,8.83,32.39,,19.0,Boa,6,2
2024-07-17,0.0,1017.38,15.78,86.25,Ameno (15-22°C),,8.02,8.74,23.03,,12.0,Boa,0,0
2024-07-18,0.0,1016.82,15.02,85.29,Ameno (15-22°C),,8.18,8.54,20.97,,10.0,Boa,0,0
2024-07-19,0.0,1017.98,16.25,81.67,Ameno (15-22°C),,9.37,8.53,20.27,,14.0,Boa,3,1
2024-07-20,0.0,1019.32,14.7,88.42,Frio (<15°C),,8.21,8.13,32.65,,16.0,Boa,0,0
2024-07-21,0.0,1014.68,16.61,82.04,Ameno (15-22°C),,8.87,8.29,27.01,,14.0,Boa,0,0
2024-07-22,0.0,1016.26,17.6,84.92,Ameno (15-22°C),,9.48,8.2,26.27,,16.0,Boa,2,1
2024-07-23,0.01,1016.65,19.23,77.54,Ameno (15-22°C),,8.6,8.61,28.23,,20.0,Boa,0,0
2024-07-24,0.0,1014.83,21.0,64.58,Ameno (15-22°C),,14.29,8.4,22.62,,14.0,Boa,8,1
2024-07-25,0.0,1011.26,19.23,72.08,Ameno (15-22°C),,5.94,8.17,22.9,,10.0,Boa,0,0
2024-07-26,0.0,1012.31,17.79,80.83,Ameno (15-22°C),,5.67,7.87,23.29,,10.0,Boa,8,1
2024-07-27,0.03,1011.97,16.95,91.33,Ameno (15-22°C),,6.02,8.18,22.05,,9.0,Boa,3,1
2024-07-28,0.2,1014.6,15.08,94.75,Ameno (15-22°C),,5.52,8.11,21.54,,9.0,Boa,0,0
2024-07-29,0.78,1020.53,11.8,87.38,Frio (<15°C),,5.75,8.35,23.32,,10.0,Boa,4,1
2024-07-30,0.0,1021.85,13.04,75.04,Frio (<15°C),,6.04,8.09,22.69,,10.0,Boa,0,0
2024-07-31,0.0,1016.69,16.72,69.46,Ameno (15-22°C),,6.18,7.99,21.32,,9.0,Boa,6,1
2024-08-01,0.0,1012.92,19.04,72.46,Ameno (15-22°C),,6.97,8.03,22.67,,10.0,Boa,0,0
2024-08-02,0.0,1009.58,21.2,71.5,Ameno (15-22°C),,8.85,8.01,25.49,,12.0,Boa,0,0
2024-08-03,0.0,1006.2,24.23,55.33,Quente (22-28°C),,6.99,8.04,26.98,,11.0,Boa,0,0
2024-08-04,0.43,1013.34,16.41,93.38,Ameno (15-22°C),,7.16,8.0,25.85,,11.0,Boa,0,0
2024-08-05,0.02,1012.07,18.38,91.33,Ameno (15-22°C),,6.76,8.1,24.61,,11.0,Boa,0,0
2024-08-06,0.37,1008.97,19.07,91.71,Ameno (15-22°C),,7.01,8.12,23.67,,10.0,Boa,0,0
2024-08-07,0.22,1006.82,17.19,90.12,Ameno (15-22°C),,7.77,8.36,24.09,,10.0,Boa,6,1
2024-08-08,0.08,1009.6,13.52,89.92,Frio (<15°C),,6.69,8.11,24.18,,10.0,Boa,0,0
2024-08-09,0.0,1015.18,10.65,70.29,Frio (<15°C),,6.98,7.96,24.79,,10.0,Boa,0,0
2024-08-10,0.0,1015.64,11.02,77.08,Frio (<15°C),,6.76,8.05,25.26,,10.0,Boa,0,0
2024-08-11,0.0,1011.85,12.46,68.38,Frio (<15°C),,7.79,8.12,25.52,,11.0,Boa,0,0
2024-08-12,0.0,1016.53,10.58,58.5,Frio (<15°C),,6.68,8.06,25.93,,11.0,Boa,0,0
2024-08-13,0.0,1019.81,9.64,71.83,Frio (<15°C),,7.58,7.98,24.95,,11.0,Boa,0,0
2024-08-14,0.0,1015.0,13.33,67.96,Frio (<15°C),,8.91,8.03,25.97,,12.0,Boa,6,1
2024-08-15,0.0,1011.55,15.66,70.62,Ameno (15-22°C),,8.66,8.02,27.88,,14.0,Boa,0,0
2024-08-16,0.0,1009.92,16.14,81.46,Ameno (15-22°C),,8.22,8.47,28.09,,12.0,Boa,0,0
2024-08-17,0.0,1010.72,16.2,90.79,Ameno (15-22°C),,7.56,8.67,28.38,,12.0,Boa,0,0
2024-08-18,0.02,1008.52,19.55,85.25,Ameno (15-22°C),,7.45,8.67,26.92,,11.0,Boa,0,0
2024-08-19,0.13,1008.62,18.45,89.71,Ameno (15-22°C),,7.35,8.99,25.61,,11.0,Boa,0,0
2024-08-20,0.19,1014.95,16.23,92.46,Ameno (15-22°C),,6.65,8.83,26.14,,11.0,Boa,0,0
2024-08-21,0.0,1007.12,21.35,77.33,Ameno (15-22°C),,7.27,8.93,26.45,,12.0,Boa,0,0
2024-08-22,0.11,1005.55,18.53,85.08,Ameno (15-22°C),,7.72,8.85,26.55,,11.0,Boa,0,0
2024-08-23,0.32,1011.58,12.58,90.96,Frio (<15°C),,6.86,8.64,24.7,,11.0,Boa,0,0
2024-08-24,0.0,1017.85,10.81,72.88,Frio (<15°C),,6.74,8.71,25.91,,11.0,Boa,4,1
2024-08-25,0.0,1020.92,10.75,66.92,Frio (<15°C),,6.81,8.75,25.9,,11.0,Boa,0,0
2024-08-26,0.0,1021.11,10.66,71.38,Frio (<15°C),13.82,7.45,8.9,24.93,,12.0,Boa,0,0
2024-08-27,0.0,1021.04,12.09,81.0,Frio (<15°C),32.89,7.8,9.22,25.33,,29.0,Boa,6,2
2024-08-28,0.0,1019.41,14.21,80.83,Frio (<15°C),11.24,6.77,9.08,25.9,,11.0,Boa,0,0
2024-08-29,0.0,1015.52,16.66,78.71,Ameno (15-22°C),40.71,7.74,9.35,24.09,,36.0,Boa,0,0
2024-08-30,0.0,1015.18,17.31,83.96,Ameno (15-22°C),20.01,7.18,9.38,25.29,,18.0,Boa,0,0
2024-08-31,0.0,1010.65,19.92,79.0,Ameno (15-22°C),24.76,7.81,9.1,27.38,,22.0,Boa,0,0
2024-09-01,0.03,1010.37,16.08,74.42,Ameno (15-22°C),12.62,6.87,9.27,25.68,,12.0,Boa,3,1
2024-09-02,0.0,1010.5,14.99,75.75,Frio (<15°C),12.13,7.16,9.35,25.42,,11.0,Boa,0,0
2024-09-03,0.0,1008.07,15.98,80.92,Ameno (15-22°C),18.25,7.67,9.02,25.93,,16.0,Boa,7,1
2024-09-04,1.1,1012.12,14.52,88.5,Frio (<15°C),14.52,6.91,9.19,25.54,,13.0,Boa,0,0
2024-09-05,0.04,1017.11,13.89,74.83,Frio (<15°C),8.28,6.86,9.15,26.88,,11.0,Boa,0,0
2024-09-06,0.0,1011.78,14.66,72.04,Frio (<15°C),20.88,7.11,9.03,24.76,,19.0,Boa,0,0
2024-09-07,0.0,1008.27,17.12,81.17,Ameno (15-22°C),42.07,8.39,8.85,24.73,,37.0,Boa,0,0
2024-09-08,0.0,1011.74,16.77,90.42,Ameno (15-22°C),24.84,7.44,9.35,25.94,,22.0,Boa,0,0
2024-09-09,0.0,1008.94,21.1,81.54,Ameno (15-22°C),25.93,7.7,9.33,27.23,,23.0,Boa,0,0
2024-09-10,0.0,1003.26,22.63,77.0,Quente (22-28°C),55.73,8.17,9.2,26.7,,48.0,Moderada,0,0
2024-09-11,0.0,1003.28,20.86,78.79,Ameno (15-22°C),57.04,8.4,8.72,26.88,,49.0,Moderada,0,0
2024-09-12,0.08,1008.8,17.15,91.54,Ameno (15-22°C),16.61,7.07,8.55,25.93,,15.0,Boa,7,1
2024-09-13,1.08,1005.15,18.54,91.96,Ameno (15-22°C),27.89,7.51,8.13,23.98,,25.0,Boa,2,1
2024-09-14,0.03,1011.67,17.35,84.96,Ameno (15-22°C),15.25,7.14,8.47,25.6,,13.0,Boa,4,1
2024-09-15,0.0,1018.11,15.06,79.04,Ameno (15-22°C),21.16,6.96,8.39,25.03,,19.0,Boa,8,1
2024-09-16,0.0,1018.1,17.44,80.96,Ameno (15-22°C),14.64,6.79,8.09,25.31,,13.0,Boa,0,0
2024-09-17,0.0,1016.49,17.95,76.25,Ameno (15-22°C),14.0,6.96,8.51,25.82,,12.0,Boa,11,2
2024-09-18,0.0,1011.88,19.74,66.92,Ameno (15-22°C),18.56,6.97,8.6,26.2,,17.0,Boa,0,0
2024-09-19,0.0,1005.48,21.48,70.96,Ameno (15-22°C),34.71,7.49,8.63,25.14,,31.0,Boa,0,0
2024-09-20,1.36,1005.68,20.46,82.79,Ameno (15-22°C),27.22,7.87,8.55,26.95,1.97,24.0,Boa,0,0
2024-09-21,0.03,1009.13,20.56,84.42,Ameno (15-22°C),8.86,7.45,8.58,27.32,0.26,13.0,Boa,0,0
2024-09-22,0.0,1004.45,22.97,77.29,Quente (22-28°C),6.88,7.8,8.06,27.46,0.65,12.0,Boa,0,0
2024-09-23,0.0,1005.36,22.27,79.88,Quente (22-28°C),31.99,8.27,7.52,28.29,0.69,28.0,Boa,4,1
2024-09-24,1.3,1005.67,21.01,85.33,Ameno (15-22°C),,,,,,12.0,Boa,0,0
2024-09-25,1.38,1005.21,20.23,92.42,Ameno (15-22°C),,,,,,,Sem Dados,0,0
2024-09-26,2.1,1007.29,18.63,95.29,Ameno (15-22°C),,,,,,,Sem Dados,0,0
2024-09-27,0.28,1011.89,18.64,82.67,Ameno (15-22°C),,,,,,,Sem Dados,0,0
2024-09-28,0.01,1012.92,18.9,75.38,Ameno (15-22°C),,,,,,,Sem Dados,0,0
2024-09-29,0.0,1010.01,21.52,69.17,Ameno (15-22°C),,,,,,,Sem Dados,2,1
2024-09-30,0.0,1003.23,24.3,60.5,Quente (22-28°C),,,,,,,Sem Dados,0,0
2024-10-01,1.49,1002.36,21.6,81.52,Ameno (15-22°C),,,,,,,Sem Dados,0,0
2024-10-02,0.01,1007.4,18.51,79.67,Ameno (15-22°C),,,,,,,Sem Dados,0,0
2024-10-03,0.0,1017.03,15.66,65.25,Ameno (15-22°C),,,,,,,Sem Dados,0,0
2024-10-04,0.0,1017.14,16.74,71.0,Ameno (15-22°C),,,,,,,Sem Dados,0,0
2024-10-05,0.0,1013.16,19.36,68.46,Ameno (15-22°C),,,,,,,Sem Dados,0,0
2024-10-06,0.0,1011.88,19.6,76.92,Ameno (15-22°C),,,,,,,Sem Dados,0,0
2024-10-07,0.05,1008.54,19.55,82.88,Ameno (15-22°C),,,,,,,Sem Dados,0,0
2024-10-08,0.16,1007.76,19.29,91.29,Ameno (15-22°C),,,,,,,Sem Dados,0,0
2024-10-09,0.08,1012.98,18.17,85.33,Ameno (15-22°C),,,,,,,Sem Dados,0,0
2024-10-10,0.03,1008.86,18.48,84.92,Ameno (15-22°C),,,,,,,Sem Dados,0,0
2024-10-11,0.16,1001.4,21.31,82.42,Ameno (15-22°C),,,,,,,Sem Dados,0,0
2024-10-12,0.0,1010.98,19.91,73.38,Ameno (15-22°C),,,,,,,Sem Dados,0,0
2024-10-13,0.0,1016.68,19.85,76.58,Ameno (15-22°C),,,,,,,Sem Dados,0,0
2024-10-14,0.0,1014.87,21.91,71.25,Ameno (15-22°C),,,,,,,Sem Dados,0,0
2024-10-15,0.32,1009.61,19.48,85.88,Ameno (15-22°C),,,,,,,Sem Dados,0,0
2024-10-16,0.0,1009.28,20.09,80.08,Ameno (15-22°C),,,,,,,Sem Dados,0,0
2024-10-17,0.0,1009.39,19.87,70.75,Ameno (15-22°C),,,,,,,Sem Dados,0,0
2024-10-18,0.0,1010.32,18.41,79.38,Ameno (15-22°C),,,,,,,Sem Dados,6,1
2024-10-19,0.02,1010.02,20.19,79.29,Ameno (15-22°C),,,,,,,Sem Dados,0,0
2024-10-20,0.0,1008.48,21.62,72.54,Ameno (15-22°C),,,,,,,Sem Dados,0,0
2024-10-21,0.0,1009.22,25.3,65.83,Quente (22-28°C),,,,,,,Sem Dados,0,0
2024-10-22,0.0,1008.75,26.9,65.67,Quente (22-28°C),,,,,,,Sem Dados,0,0
2024-10-23,0.03,1004.84,23.62,79.62,Quente (22-28°C),22.56,7.95,8.06,26.72,,20.0,Boa,0,0
2024-10-24,0.24,993.26,23.86,80.75,Quente (22-28°C),21.95,8.1,8.01,25.94,,20.0,Boa,0,0
2024-10-25,0.04,998.68,22.02,70.67,Quente (22-28°C),7.02,8.15,8.82,25.67,,11.0,Boa,0,0
2024-10-26,0.02,1010.09,18.08,63.62,Ameno (15-22°C),12.74,8.02,8.89,25.78,,12.0,Boa,0,0
2024-10-27,0.0,1015.1,18.62,55.96,Ameno (15-22°C),16.47,7.81,8.91,24.77,,14.0,Boa,3,1
2024-10-28,0.0,1011.57,21.17,68.96,Ameno (15-22°C),20.82,7.9,8.95,25.23,,19.0,Boa,7,1
2024-10-29,0.0,1010.43,22.64,78.08,Quente (22-28°C),27.66,8.1,9.1,25.92,,25.0,Boa,0,0
2024-10-30,0.0,1010.02,23.38,76.38,Quente (22-28°C),16.58,7.72,8.74,25.13,,15.0,Boa,3,1
2024-10-31,0.0,1007.73,24.26,69.29,Quente (22-28°C),21.41,7.83,8.93,25.4,,19.0,Boa,0,0
2024-11-01,0.0,1006.28,24.62,65.83,Quente (22-28°C),27.6,7.86,8.89,25.09,,25.0,Boa,0,0
2024-11-02,0.0,1006.16,25.22,70.5,Quente (22-28°C),26.86,8.27,8.73,25.32,,24.0,Boa,0,0
2024-11-03,0.02,1007.64,25.67,75.17,Quente (22-28°C),31.85,8.03,9.1,25.57,,28.0,Boa,0,0
2024-11-04,0.0,1006.17,25.26,74.92,Quente (22-28°C),16.62,7.74,8.88,24.79,,15.0,Boa,0,0
2024-11-05,0.0,1008.05,24.9,78.83,Quente (22-28°C),16.36,7.83,8.79,25.06,,14.0,Boa,0,0
2024-11-06,0.02,1006.57,23.76,84.58,Quente (22-28°C),12.72,7.78,8.83,25.14,,12.0,Boa,0,0
2024-11-07,0.7,1002.38,23.28,85.92,Quente (22-28°C),15.68,7.88,9.04,24.44,,14.0,Boa,4,1
2024-11-08,0.22,1007.02,19.99,77.5,Ameno (15-22°C),11.08,7.83,9.0,25.4,,10.0,Boa,0,0
2024-11-09,0.04,1009.66,19.92,69.58,Ameno (15-22°C),18.05,7.98,8.84,24.76,,16.0,Boa,0,0
2024-11-10,0.0,1006.57,21.68,65.58,Ameno (15-22°C),17.62,8.11,9.1,25.94,,16.0,Boa,0,0
2024-11-11,0.11,1002.02,23.15,72.08,Quente (22-28°C),23.69,8.49,8.78,26.3,,21.0,Boa,0,0
2024-11-12,0.06,1006.69,18.48,62.96,Ameno (15-22°C),8.42,7.88,9.13,25.94,,11.0,Boa,0,0
2024-11-13,0.0,1008.13,19.9,56.71,Ameno (15-22°C),17.52,6.38,10.06,27.02,,16.0,Boa,0,0
2024-11-14,0.0,1009.04,22.04,50.17,Quente (22-28°C),25.43,4.47,10.56,29.41,,22.0,Boa,0,0
2024-11-15,0.0,1007.91,23.31,63.33,Quente (22-28°C),23.81,5.01,8.54,29.28,,21.0,Boa,0,0
2024-11-16,0.0,1006.84,25.87,66.75,Quente (22-28°C),19.79,5.04,8.4,28.96,,18.0,Boa,0,0
2024-11-17,0.0,1004.74,28.29,62.92,Muito Quente (>28°C),20.0,5.58,7.93,29.21,,18.0,Boa,0,0
2024-11-18,0.12,1006.78,24.24,80.96,Quente (22-28°C),22.64,5.77,7.63,29.95,,20.0,Boa,4,1
2024-11-19,0.22,1010.08,20.18,85.04,Ameno (15-22°C),14.44,5.17,9.11,28.21,,12.0,Boa,0,0
2024-11-20,1.39,1011.35,17.06,89.92,Ameno (15-22°C),8.28,5.02,9.6,28.94,,12.0,Boa,0,0
2024-11-21,0.0,1012.37,20.28,78.46,Ameno (15-22°C),5.74,5.03,8.96,29.56,,12.0,Boa,0,0
2024-11-22,0.02,1011.61,19.88,81.75,Ameno (15-22°C),12.57,5.09,8.84,27.84,,12.0,Boa,0,0
2024-11-23,0.01,1011.58,21.65,73.21,Ameno (15-22°C),7.11,5.09,8.8,28.68,,12.0,Boa,1,1
2024-11-24,0.0,1009.69,23.68,68.17,Quente (22-28°C),17.07,5.13,8.79,27.98,,15.0,Boa,0,0
2024-11-25,0.0,1006.83,25.0,64.08,Quente (22-28°C),25.6,5.69,8.57,29.37,,23.0,Boa,0,0
2024-11-26,0.01,1004.16,26.48,72.25,Quente (22-28°C),33.99,5.53,8.71,29.83,,30.0,Boa,0,0
2024-11-27,0.0,1001.21,28.2,70.71,Muito Quente (>28°C),42.86,5.71,8.26,31.5,,38.0,Boa,0,0
2024-11-28,0.07,1002.66,24.49,80.46,Quente (22-28°C),35.83,5.55,8.88,28.2,,32.0,Boa,0,0
2024-11-29,0.0,1004.9,23.99,78.0,Quente (22-28°C),21.14,5.47,8.9,27.72,,19.0,Boa,0,0
2024-11-30,0.0,1008.0,23.69,72.12,Quente (22-28°C),15.72,5.48,8.79,27.52,,14.0,Boa,0,0
2024-12-01,1.67,1000.2,26.61,67.88,Quente (22-28°C),11.26,5.74,8.18,28.4,,12.0,Boa,1,1
2024-12-02,0.38,1000.34,22.64,74.75,Quente (22-28°C),20.88,5.95,7.38,28.98,,19.0,Boa,0,0
2024-12-03,0.0,1007.11,20.77,66.08,Ameno (15-22°C),22.88,5.53,9.06,27.55,,20.0,Boa,0,0
2024-12-04,0.0,1009.81,20.57,59.67,Ameno (15-22°C),18.66,5.56,9.43,27.56,,17.0,Boa,0,0
2024-12-05,0.0,1005.03,23.8,65.79,Quente (22-28°C),24.7,5.75,8.61,28.65,,22.0,Boa,0,0
2024-12-06,0.92,999.35,25.1,73.0,Quente (22-28°C),36.04,6.38,8.78,27.12,,32.0,Boa,0,0
2024-12-07,0.07,1005.07,21.57,75.12,Ameno (15-22°C),11.9,5.6,9.1,28.02,,12.0,Boa,0,0
2024-12-08,0.0,1010.78,19.3,61.17,Ameno (15-22°C),11.51,5.39,8.68,27.36,,11.0,Boa,0,0
2024-12-09,0.0,1009.54,18.75,76.71,Ameno (15-22°C),12.22,5.45,8.87,26.89,,11.0,Boa,0,0
2024-12-10,0.03,1008.4,20.16,84.29,Ameno (15-22°C),7.49,5.47,9.03,26.67,,11.0,Boa,0,0
2024-12-11,0.0,1008.96,22.17,71.88,Quente (22-28°C),8.19,5.54,8.89,27.25,,12.0,Boa,0,0
2024-12-12,0.0,1006.6,23.85,68.08,Quente (22-28°C),19.46,5.64,8.56,27.55,,17.0,Boa,4,1
2024-12-13,0.83,1002.7,24.45,73.83,Quente (22-28°C),21.34,5.68,8.88,28.14,,19.0,Boa,4,1
2024-12-14,1.35,997.99,22.92,86.25,Quente (22-28°C),22.78,5.74,8.78,27.77,,20.0,Boa,0,0
2024-12-15,0.49,996.95,20.68,80.33,Ameno (15-22°C),10.53,5.78,8.82,27.18,,11.0,Boa,0,0
2024-12-16,0.96,1004.78,20.73,84.33,Ameno (15-22°C),7.5,5.6,8.9,26.48,,11.0,Boa,0,0
2024-12-17,0.01,1011.33,21.35,75.62,Ameno (15-22°C),16.68,5.86,8.76,26.26,,15.0,Boa,0,0
2024-12-18,0.0,1009.25,22.81,72.04,Quente (22-28°C),13.3,5.73,8.78,26.96,,12.0,Boa,0,0
2024-12-19,0.74,1003.9,24.16,74.58,Quente (22-28°C),18.53,6.01,8.72,27.69,,17.0,Boa,0,0
2024-12-20,0.55,1000.97,23.83,81.17,Quente (22-28°C),11.01,5.87,8.51,28.36,,12.0,Boa,0,0
2024-12-21,0.01,1007.44,22.85,74.21,Quente (22-28°C),31.71,5.69,8.59,27.46,,28.0,Boa,0,0
2024-12-22,1.02,1011.9,19.06,78.33,Ameno (15-22°C),13.28,5.65,8.76,27.3,,12.0,Boa,2,1
2024-12-23,0.0,1011.27,20.82,67.29,Ameno (15-22°C),10.46,5.77,8.67,26.61,,11.0,Boa,0,0
2024-12-24,0.0,1006.25,23.9,68.0,Quente (22-28°C),17.8,5.95,8.42,27.93,,16.0,Boa,0,0
2024-12-25,1.0,1003.65,22.29,80.25,Quente (22-28°C),21.15,5.97,8.6,27.34,,19.0,Boa,0,0
2024-12-26,0.0,1003.76,22.7,62.25,Quente (22-28°C),9.74,5.89,8.57,27.49,,12.0,Boa,0,0
2024-12-27,0.0,1005.02,23.51,62.67,Quente (22-28°C),16.46,5.87,8.67,28.0,,14.0,Boa,0,0
2024-12-28,0.0,1008.58,23.26,71.96,Quente (22-28°C),15.8,5.74,8.59,27.66,,14.0,Boa,0,0
2024-12-29,0.0,1009.42,22.55,74.33,Quente (22-28°C),10.48,5.76,8.13,26.91,,11.0,Boa,0,0
2024-12-30,0.0,1007.32,23.31,74.12,Quente (22-28°C),7.34,5.76,8.54,26.96,,11.0,Boa,0,0
2024-12-31,0.96,1005.78,24.77,75.0,Quente (22-28°C),11.59,6.06,8.25,28.35,,12.0,Boa,0,0
