,data,precipitacao,pressao_atm,radiacao,temperatura_ar,temperatura_orvalho,umidade_rel,vento_direcao,vento_rajada_max,vento_velocidade,temperatura_min,temperatura_max,pm10,so2,no2,o3,co,pm10_min,so2_min,no2_min,o3_min,co_min,pm10_max,so2_max,no2_max,o3_max,co_max,internacoes
0,2020-01-01,0.0083333333333333,999.4958333333334,1556.2066666666665,27.27083333333333,22.2625,74.75,237.375,5.9375,1.7833333333333332,25.0,31.7,25.880416666666672,11.683333333333332,3.603636363636364,,,6.0,4.83,0.47,,,78.7,19.3,9.1,,,7
1,2020-01-02,0.0583333333333333,1005.8541666666666,1742.9799999999998,23.870833333333337,19.225,75.625,143.70833333333334,8.079166666666667,2.4791666666666665,22.0,25.9,13.910416666666665,4.479583333333333,0.47,,,6.0,4.12,0.47,,,34.4,5.18,0.47,,,0
2,2020-01-03,0.025,1010.6416666666664,1312.16,22.966666666666665,17.3875,71.70833333333333,124.91666666666669,8.141666666666667,2.579166666666667,19.9,25.5,16.97952380952381,5.090000000000001,,,,6.0,4.39,,,,34.29,6.41,,,,4
3,2020-01-04,0.0083333333333333,1008.3291666666664,1625.1333333333334,23.73333333333333,18.1,71.83333333333333,109.5,8.054166666666667,2.4,20.8,27.2,17.307916666666667,4.931666666666667,,,,6.0,4.45,,,,38.49,6.59,,,,4
4,2020-01-05,0.0,1002.0708333333332,1890.1133333333332,25.28333333333333,18.266666666666666,67.83333333333333,122.66666666666669,4.945833333333334,1.625,19.8,31.5,14.810833333333337,8.312916666666666,1.72,,,6.0,5.21,0.47,,,38.23,25.39,3.34,,,2
5,2020-01-06,0.0,998.5333333333334,1782.6,27.7375,18.95,62.41666666666666,202.33333333333331,5.625,1.741666666666667,21.7,34.8,19.73541666666667,15.813333333333334,5.505217391304348,,,6.0,6.34,2.76,,,46.16,112.9,11.24,,,4
6,2020-01-07,0.0083333333333333,1001.3208333333332,1453.006666666667,26.495833333333337,20.495833333333334,71.125,182.25,5.2875,1.5166666666666666,23.4,29.6,23.75958333333333,9.04,5.122916666666666,,,6.0,5.14,2.31,,,47.45,22.0,11.24,,,7
7,2020-01-08,0.0,1004.85,1705.1266666666668,25.329166666666666,17.833333333333332,64.91666666666667,114.41666666666669,6.591666666666666,2.0166666666666666,20.8,30.1,27.78,6.13,3.51,,,27.78,6.13,3.51,,,27.78,6.13,3.51,,,2
8,2020-01-09,0.0,1002.9541666666668,2038.042857142857,28.42083333333333,19.820833333333333,62.833333333333336,171.79166666666666,4.45,1.5416666666666667,21.8,36.8,31.55260869565217,13.64391304347826,5.666956521739131,24.46941176470588,,13.65,5.5,1.89,0.98,,71.91,104.1,12.3,86.64,,3
9,2020-01-10,0.6,1002.6833333333334,1550.3428571428572,28.258333333333336,22.05416666666667,71.70833333333333,237.79166666666663,5.699999999999999,1.8583333333333332,22.7,34.9,28.525882352941174,24.17529411764706,7.631176470588237,39.40176470588235,,6.0,7.56,3.76,10.21,,51.54,54.0,13.14,66.71,,5
10,2020-01-11,0.3166666666666666,1003.9041666666666,1348.6533333333334,25.704166666666666,22.191666666666663,82.5,140.0,4.870833333333333,1.3833333333333335,22.6,30.3,11.743478260869566,6.467826086956522,2.4808695652173918,37.03130434782609,,6.0,5.03,0.97,19.82,,31.85,8.75,4.85,54.68,,4
11,2020-01-12,0.0,1008.1333333333332,1997.48,27.04583333333333,19.729166666666668,68.16666666666667,125.66666666666669,4.566666666666667,1.4916666666666665,22.4,31.8,15.27375,6.708749999999999,2.6323809523809523,35.81125,,6.0,4.96,0.47,15.3,,34.63,10.72,10.85,58.3,,3
12,2020-01-13,0.0,1010.4625,2006.8266666666668,25.454166666666666,18.08333333333333,65.04166666666667,114.83333333333331,5.120833333333333,1.7708333333333333,20.9,29.8,30.449583333333333,7.28375,4.5425,29.635416666666668,,12.57,4.85,0.47,0.98,,52.81,11.2,11.55,63.09,,4
13,2020-01-14,0.0,1007.3208333333332,2001.8533333333332,26.104166666666668,18.775,66.29166666666667,135.0,5.529166666666668,1.8458333333333328,20.4,33.7,29.181249999999995,6.767916666666667,3.956666666666667,38.91833333333333,,13.24,5.3,2.14,0.98,,62.07,9.8,7.15,114.9,,2
14,2020-01-15,0.3999999999999999,1001.7000000000002,1580.3857142857144,28.066666666666663,20.879166666666663,67.29166666666667,225.66666666666663,6.779166666666666,2.408333333333333,24.3,33.8,35.09458333333333,15.979166666666664,6.994166666666668,31.3425,,20.05,8.5,4.3,0.98,,50.69,51.58,13.42,64.5,,2
15,2020-01-16,0.3666666666666666,1007.9208333333332,901.5176470588236,23.22083333333333,17.166666666666668,71.5,204.79166666666663,7.2375,1.8541666666666667,22.0,24.4,16.586666666666666,8.818333333333333,3.8275,27.155416666666667,,6.0,5.31,0.95,12.82,,41.35,15.61,10.61,35.33,,4
16,2020-01-17,0.0,1015.4333333333332,1478.6466666666668,20.529166666666665,11.920833333333334,59.125,150.375,3.6916666666666655,1.1916666666666669,15.2,26.0,25.203333333333333,8.489166666666668,4.23125,25.62625,,13.22,5.24,1.29,0.98,,45.47,18.86,15.83,47.89,,2
17,2020-01-18,0.0,1013.1666666666666,1978.813333333333,22.975,14.683333333333332,61.083333333333336,109.20833333333331,4.929166666666666,1.6083333333333334,17.3,29.2,28.884545454545457,8.666818181818183,4.177272727272728,31.95863636363636,,13.55,5.54,1.43,2.08,,64.9,26.74,7.65,64.85,,1
18,2020-01-19,0.0,1009.1333333333332,1838.9466666666667,25.495833333333334,18.391666666666666,67.16666666666667,140.45833333333334,4.383333333333334,1.4125,19.4,32.3,,,,,,,,,,,,,,,,4
19,2020-02-02,0.0,1008.3916666666668,1742.857142857143,25.5125,19.125,69.125,125.70833333333331,5.3875,1.7791666666666668,20.5,30.0,21.76391304347826,8.235217391304346,1.771818181818182,30.97347826086957,,6.0,6.23,0.47,5.25,,37.55,10.44,2.81,56.23,,1
20,2020-02-03,0.0083333333333333,1009.6416666666664,1355.0142857142855,25.70833333333333,19.929166666666667,71.83333333333333,113.125,7.495833333333334,2.4041666666666663,22.6,30.4,18.96,7.21125,2.400416666666666,33.15083333333334,,6.0,5.98,1.22,20.54,,37.59,9.19,4.64,54.47,,3
21,2020-02-04,0.0,1010.0166666666668,1945.314285714286,26.133333333333336,20.016666666666666,70.875,104.29166666666669,7.7375,2.270833333333333,22.0,31.2,25.949444444444445,22.14208333333333,2.83625,25.39,,6.0,3.09,0.47,9.45,,49.56,323.1,11.0,48.77,,5
22,2020-02-05,0.0,1008.3125,2023.9142857142856,27.204166666666666,20.21666666666667,67.66666666666667,102.91666666666669,7.150000000000001,2.083333333333333,23.2,32.9,23.48333333333333,4.30875,2.3016666666666667,25.459166666666672,,6.0,2.9,0.47,10.81,,56.41,5.87,5.31,43.24,,2
23,2020-02-06,0.0,1008.1416666666668,1892.5857142857144,27.83333333333333,21.10833333333333,68.79166666666667,118.04166666666669,5.579166666666666,1.6708333333333332,23.1,33.4,26.2825,5.523333333333333,3.390833333333333,30.442916666666665,,6.0,3.47,1.26,7.15,,49.31,18.05,6.63,76.28,,2
24,2020-02-07,0.0,1007.3166666666666,1433.6714285714286,27.912500000000005,21.8375,71.20833333333333,124.45833333333331,6.045833333333334,1.8958333333333333,24.2,32.7,24.63166666666667,4.851249999999999,3.3974999999999995,29.274166666666662,,6.0,3.53,1.3,13.84,,50.53,7.02,7.16,56.13,,3
25,2020-02-08,1.1583333333333334,1004.3583333333332,1877.6928571428568,28.15,21.383333333333336,69.125,166.54166666666666,5.0375000000000005,1.4541666666666668,24.6,34.3,24.995416666666667,11.620416666666666,4.345,30.21125,,6.0,4.57,1.8,0.98,,55.69,32.9,8.19,78.76,,1
26,2020-02-09,0.0999999999999999,1006.2916666666666,1044.63125,24.60833333333333,20.47083333333333,79.41666666666667,178.0,6.6125,1.9875,23.0,26.3,12.3975,5.998333333333332,2.130416666666666,24.917916666666667,,6.0,3.96,0.47,10.73,,31.81,12.15,8.51,36.85,,0
27,2020-02-10,0.0,1011.8083333333334,1492.7857142857142,22.195833333333336,16.145833333333332,69.29166666666667,136.79166666666666,4.729166666666667,1.4875,18.9,25.1,16.9025,6.188333333333333,4.377083333333332,24.265833333333337,,6.0,2.89,1.08,0.98,,34.5,17.09,16.8,45.61,,5
28,2020-02-11,0.0,1012.8458333333334,1892.685714285714,22.32083333333333,16.4375,70.45833333333333,120.45833333333331,6.220833333333334,2.0333333333333337,18.5,25.8,16.771666666666665,4.947916666666667,2.7937499999999997,21.151666666666667,,6.0,2.92,0.47,0.98,,27.82,9.51,6.04,41.76,,1
29,2020-02-12,0.0,1011.1,1846.6357142857144,23.57916666666667,17.045833333333334,67.91666666666667,119.08333333333331,7.025,2.1333333333333333,19.5,27.9,15.959166666666668,5.11,3.262916666666667,25.037916666666664,,6.0,3.45,0.47,2.71,,36.68,9.39,7.01,47.66,,2
30,2020-02-13,0.0,1009.375,2001.107142857143,24.933333333333334,16.7,62.66666666666666,100.66666666666669,5.2,1.6166666666666665,20.1,31.9,24.449583333333333,5.33625,4.100416666666667,27.422083333333333,,6.0,3.02,2.21,0.98,,46.44,13.49,6.81,60.33,,3
31,2020-02-14,0.0,1006.7333333333332,1258.9615384615386,25.350000000000005,17.400000000000002,62.833333333333336,209.25,4.066666666666666,1.3416666666666668,20.7,30.0,36.70944444444444,16.22888888888889,7.190000000000001,25.662777777777777,,17.61,6.41,4.39,0.98,,73.15,66.08,12.96,57.31,,3
32,2020-02-15,0.0083333333333333,1004.7333333333332,1576.5071428571428,28.054166666666664,20.004166666666663,63.458333333333336,157.58333333333334,3.904166666666667,1.2166666666666666,24.1,33.5,46.05391304347826,12.76869565217391,7.097272727272727,55.712173913043486,,22.78,5.36,2.92,8.39,,97.14,35.19,16.96,112.0,,1
33,2020-02-16,0.0,1003.9583333333334,2083.784615384616,29.55,19.933333333333334,57.75,203.875,4.229166666666667,1.325,24.5,35.2,81.02,13.07,10.35,31.45,,81.02,13.07,10.35,31.45,,81.02,13.07,10.35,31.45,,2
34,2020-02-18,0.3999999999999999,1001.2916666666666,705.5857142857143,26.966666666666665,22.004166666666663,74.91666666666667,213.91666666666663,4.870833333333334,1.5583333333333331,25.1,31.2,23.433478260869567,11.074782608695651,7.501739130434783,21.405652173913044,,6.0,6.0,3.38,0.98,,38.93,21.12,14.76,51.54,,5
35,2020-02-19,0.0,1003.8875,1961.4076923076923,25.84166666666667,20.266666666666666,72.875,212.41666666666663,4.625,1.4583333333333333,23.0,29.6,6.0,10.64,8.79,15.04,,6.0,10.64,8.79,15.04,,6.0,10.64,8.79,15.04,,6
36,2020-02-20,0.0,1005.3041666666668,1837.223076923077,24.329166666666666,18.90416666666667,73.08333333333333,171.45833333333334,5.145833333333333,1.5708333333333335,20.5,28.6,25.173125,9.665,5.955,36.219375,,6.0,4.57,1.67,0.98,,45.53,21.19,12.42,91.74,,4
37,2020-02-21,0.0,1010.3625,1721.9538461538464,21.60833333333333,11.345833333333331,53.0,177.33333333333334,6.6875,1.8083333333333331,18.9,23.8,,,,,,,,,,,,,,,,5
38,2020-02-22,0.0,1013.8791666666666,1744.7384615384617,19.15416666666667,10.441666666666666,57.79166666666666,197.29166666666663,7.016666666666667,1.875,15.3,23.1,20.97826086956522,4.466086956521739,2.864347826086956,31.98260869565217,,6.0,3.63,0.47,12.52,,32.46,6.86,9.81,49.18,,3
39,2020-02-23,0.0,1013.1875,1744.723076923077,21.225,14.416666666666666,67.33333333333333,105.41666666666669,4.7125,1.475,16.2,26.0,19.0725,5.791666666666667,2.0954166666666665,27.035,,6.0,3.88,0.47,2.25,,31.65,8.63,5.28,43.41,,1
40,2020-02-24,0.0583333333333333,1006.2583333333332,1913.0846153846155,24.22083333333333,16.041666666666668,63.458333333333336,133.25,4.3500000000000005,1.2958333333333332,18.3,32.8,22.437083333333334,8.168333333333333,4.126666666666667,34.70666666666667,,6.0,5.05,2.45,0.98,,37.04,20.92,7.24,83.59,,0
41,2020-02-25,0.2333333333333333,1001.8666666666668,1776.3153846153846,25.945833333333336,20.22083333333333,72.45833333333333,227.79166666666663,4.545833333333333,1.375,22.8,32.2,22.16583333333333,12.305,4.722083333333333,31.512083333333333,,13.29,5.78,1.87,0.98,,32.63,30.25,11.58,83.58,,4
42,2020-02-26,1.4666666666666666,1004.2125,1448.9923076923078,21.954166666666666,17.325,77.41666666666667,158.1904761904762,7.910000000000001,1.8285714285714287,19.9,24.2,15.2725,5.597499999999999,3.700416666666667,25.35083333333333,,6.0,3.98,0.47,0.98,,44.65,12.21,11.11,34.71,,2
43,2020-02-27,0.0,1009.2708333333334,1847.0461538461536,20.566666666666663,14.054166666666667,68.33333333333333,160.375,3.2166666666666663,1.0416666666666667,15.9,25.5,26.95875,12.774166666666666,6.310416666666666,22.859583333333333,,6.0,5.03,2.52,0.98,,40.47,41.51,12.5,67.72,,3
44,2020-02-28,0.0,1011.2166666666668,2083.3153846153846,22.195833333333336,14.125,63.16666666666666,184.33333333333331,3.995833333333333,1.3291666666666668,16.2,29.2,45.88,8.76,4.7,16.79,,45.88,8.76,4.7,16.79,,45.88,8.76,4.7,16.79,,3
45,2020-06-30,4.666666666666667,999.9291666666668,79.5,14.633333333333333,14.05,96.08333333333331,141.125,5.95,1.7666666666666666,12.6,15.6,9.283043478260868,,,25.9508695652174,,6.0,,,9.99,,20.05,,,42.53,,3
46,2020-07-01,0.1166666666666666,1001.0666666666666,350.5769230769231,12.75,9.329166666666667,79.875,275.7083333333333,11.279166666666669,3.579166666666666,11.0,14.2,7.833749999999999,8.224347826086957,7.1705,31.722916666666663,,6.0,3.71,2.78,8.61,,15.08,45.1,18.95,43.96,,8
47,2020-07-02,0.0,1013.075,940.5454545454544,10.341666666666669,5.900000000000001,74.95833333333333,267.2916666666667,5.270833333333333,1.7250000000000003,8.9,11.9,11.968333333333334,5.69,8.461666666666666,27.0575,,6.0,0.65,2.25,0.98,,52.51,26.96,19.87,45.59,,5
48,2020-07-03,0.0,1015.2041666666668,1165.6636363636362,8.420833333333334,4.05,74.75,264.9583333333333,3.5875,1.2083333333333333,5.2,12.3,41.658125,24.2,10.3525,15.365217391304348,,21.88,24.2,5.65,0.98,,86.23,24.2,18.0,46.5,,1
49,2020-07-04,0.0,1011.225,1166.4363636363637,10.1625,4.8875,73.5,171.95833333333334,2.7291666666666665,0.9833333333333334,4.4,18.9,52.12800000000001,20.45478260869565,9.614166666666668,17.608333333333334,,30.79,7.99,3.38,0.98,,77.07,40.31,20.4,61.04,,4
50,2020-07-05,0.9333333333333332,1006.2583333333332,105.93333333333332,13.691666666666668,11.679166666666667,88.375,139.79166666666666,2.65,0.8541666666666666,12.1,15.2,59.41470588235294,32.30583333333333,12.942608695652174,4.55625,,35.12,18.15,5.83,0.98,,98.92,51.16,20.22,17.47,,3
51,2020-07-06,0.0,1013.9625,324.1875,12.566666666666665,9.920833333333333,84.08333333333333,170.875,4.691666666666666,1.2125,11.8,13.6,18.53458333333333,8.861666666666666,4.13,25.710416666666664,,6.0,4.94,4.13,15.55,,33.42,16.02,4.13,36.39,,1
52,2020-07-07,3.4249999999999994,1011.0916666666666,66.92727272727274,12.3,11.083333333333334,92.45833333333331,134.83333333333334,8.375,2.6416666666666666,11.5,13.1,8.451666666666666,3.369166666666666,,39.4,,6.0,2.09,,39.4,,21.3,5.77,,39.4,,0
53,2020-07-08,1.7583333333333335,1003.6333333333332,292.8384615384615,13.929166666666667,13.0875,94.79166666666669,207.54166666666663,8.970833333333333,2.7458333333333336,12.3,14.8,6.0,9.581739130434784,6.6195,,,6.0,0.65,0.47,,,6.0,72.01,20.61,,,2
54,2020-07-09,0.025,1014.5916666666668,1060.0454545454545,10.8875,6.558333333333333,75.54166666666667,282.6666666666667,8.354166666666666,2.6875,9.1,13.2,13.77375,8.660833333333334,5.6890909090909085,34.598260869565216,,6.0,1.34,0.47,0.98,,71.5,42.57,20.95,51.46,,1
55,2020-07-10,0.0083333333333333,1012.1375000000002,1198.090909090909,11.270833333333334,6.733333333333334,77.08333333333333,121.125,2.3833333333333333,0.8999999999999999,5.4,20.1,45.96153846153846,28.126666666666665,9.682272727272728,12.29458333333333,,6.0,6.54,3.38,0.98,,85.81,81.08,25.52,45.07,,2
56,2020-07-11,0.2833333333333334,1008.0708333333332,209.41666666666663,13.758333333333333,11.820833333333333,88.29166666666667,141.0,3.475,1.0291666666666666,12.3,15.0,40.91545454545454,22.019166666666667,12.43684210526316,8.068750000000001,,6.0,13.38,3.99,0.98,,87.01,42.4,18.17,20.73,,0
57,2020-07-12,0.5,1004.775,203.3416666666667,13.15,12.325,94.79166666666669,170.83333333333334,3.954166666666667,1.125,12.3,14.2,17.935,8.605833333333333,,19.24125,,6.0,4.41,,7.99,,41.23,17.44,,27.25,,4
58,2020-07-13,0.0083333333333333,1011.45,1203.7545454545457,12.725,8.549999999999999,78.75,225.5,2.770833333333333,0.9333333333333332,9.4,15.5,22.136666666666667,15.876666666666663,,17.539166666666667,,6.0,4.31,,0.98,,43.59,35.85,,52.28,,2
59,2020-07-14,0.0,1018.3625,1251.2272727272727,9.083333333333334,0.8666666666666667,57.833333333333336,247.875,5.662499999999999,1.6875,4.3,11.8,20.47958333333333,12.332916666666668,10.114285714285714,25.277083333333337,,6.0,3.94,1.9,0.98,,81.52,54.31,19.49,47.92,,2
60,2020-07-15,0.0,1019.8291666666668,1212.6636363636362,7.616666666666667,2.954166666666667,74.66666666666667,175.41666666666666,2.525,0.8958333333333334,3.2,14.5,62.34357142857142,23.426666666666662,12.890476190476187,17.92833333333333,,14.97,7.82,5.59,0.98,,100.0,42.37,23.68,62.94,,3
61,2020-07-16,0.375,1016.8375,111.0818181818182,9.770833333333334,7.433333333333333,85.75,116.04166666666669,6.004166666666666,1.7166666666666668,7.8,11.2,37.3535,21.18375,15.549999999999995,4.594166666666666,,14.33,9.14,3.23,0.98,,62.61,43.05,26.97,16.92,,5
62,2020-07-17,0.0166666666666666,1013.3,430.8058823529413,14.120833333333332,12.625,91.125,183.58333333333331,2.404166666666667,0.8083333333333332,10.8,19.7,40.13,21.49791666666667,14.75,8.184166666666666,,12.35,9.11,9.14,0.98,,74.39,33.45,24.38,36.14,,2
63,2020-07-18,0.0,1010.6875,1105.8,19.72083333333333,16.079166666666666,81.875,162.5,2.433333333333333,0.8083333333333332,14.0,28.5,48.234,29.835416666666664,13.772,16.992916666666666,,24.02,13.15,4.83,0.98,,97.46,77.68,39.08,61.44,,2
64,2020-07-19,0.0,1010.3291666666668,1145.1454545454546,22.58333333333333,16.479166666666668,71.29166666666667,174.70833333333334,3.25,1.1125,17.4,30.1,50.65714285714286,25.249583333333334,,33.415,,16.85,12.08,,0.98,,100.0,61.4,,68.76,,2
65,2020-07-20,0.0,1009.9166666666666,1092.472727272727,21.254166666666663,15.975,73.29166666666667,177.54166666666666,2.25,0.8583333333333334,17.1,27.3,58.4625,26.905833333333334,18.60944444444445,21.762083333333333,,6.0,12.81,8.35,0.98,,97.2,43.66,34.97,70.82,,1
66,2020-07-21,0.0,1008.3916666666668,1084.509090909091,20.92083333333333,14.895833333333334,70.83333333333333,177.45833333333334,2.891666666666667,1.0791666666666668,16.4,27.8,88.27,34.23625,17.678,19.02875,,88.27,14.72,4.86,0.98,,88.27,76.82,38.28,72.25,,5
67,2020-07-22,0.0,1008.5208333333334,1091.5818181818183,21.28333333333333,14.908333333333331,69.58333333333333,173.83333333333334,2.329166666666667,0.9375,16.6,28.6,56.53266666666666,37.236250000000005,21.33421052631579,18.209166666666665,,6.0,14.62,5.54,0.98,,99.96,60.62,47.0,72.71,,2
68,2020-07-23,0.0,1008.9958333333334,1075.8,21.84583333333333,14.654166666666669,67.0,124.29166666666669,3.1291666666666664,1.2416666666666667,17.1,29.0,42.3535,18.308260869565217,,38.52571428571428,,6.0,0.65,,0.98,,81.48,52.3,,71.69,,3
69,2020-07-24,0.0,1006.9291666666664,952.4454545454544,20.78333333333333,14.054166666666664,67.20833333333333,153.29166666666666,3.7708333333333335,1.1666666666666667,15.3,27.8,38.51166666666666,3.1375,,41.085,,14.07,0.65,,0.98,,75.08,37.08,,68.18,,2
70,2020-07-25,0.425,1014.2791666666668,1017.3,11.554166666666664,7.516666666666667,77.95833333333333,243.66666666666663,7.804166666666667,2.1625,8.8,14.3,10.871666666666668,0.65,,29.56958333333333,,6.0,0.65,,7.54,,38.58,0.65,,41.9,,3
71,2020-07-26,0.0,1017.6708333333332,1302.290909090909,11.65,4.954166666666667,65.95833333333333,186.625,3.316666666666667,1.0833333333333333,6.4,17.7,18.941666666666663,,17.862727272727273,22.86583333333333,,6.0,,17.59,0.98,,49.31,,18.07,43.29,,3
72,2020-07-27,0.4083333333333334,1010.3708333333334,570.2545454545455,14.158333333333331,12.283333333333331,89.04166666666667,160.29166666666666,2.358333333333334,0.7625000000000001,10.6,19.6,37.9925,4.479285714285714,20.795,5.721666666666667,,12.78,0.65,17.39,0.98,,59.56,7.93,32.6,38.16,,5
73,2020-07-28,2.6333333333333333,1012.8291666666668,264.08181818181816,11.6375,9.920833333333333,89.625,178.54166666666666,4.929166666666666,1.2458333333333331,10.0,16.8,16.521666666666665,5.279583333333333,20.16333333333333,11.790833333333332,,6.0,4.59,11.95,0.98,,49.59,5.9,36.91,22.42,,1
74,2020-07-29,0.0,1021.6375,1348.1,8.7875,3.0416666666666665,68.75,223.04166666666663,3.9875,1.1708333333333334,5.5,12.6,16.374583333333334,5.242083333333333,23.784347826086957,12.11,,6.0,4.51,14.25,0.98,,64.87,6.44,39.01,29.61,,3
75,2020-07-30,0.0,1023.6625,1321.1545454545455,8.758333333333333,5.2625,80.25,105.33333333333331,4.616666666666666,1.6375,3.1,15.4,20.81375,4.67875,19.40833333333333,13.965416666666668,,6.0,4.45,13.6,0.98,,57.04,5.78,30.04,38.67,,2
76,2020-07-31,0.0,1019.9958333333332,1332.2181818181818,14.1375,8.745833333333332,72.0,94.0,3.675,1.15,7.3,21.3,21.261666666666667,4.651666666666666,23.787916666666664,14.673749999999998,,6.0,3.94,12.52,0.98,,49.37,5.61,41.97,52.26,,6
77,2020-08-01,0.1,1018.2791666666668,1260.2272727272727,17.045833333333334,12.65,77.16666666666667,129.58333333333334,3.641666666666667,1.0541666666666667,12.6,22.8,22.83333333333333,5.500416666666666,23.625416666666663,28.792916666666667,,6.0,4.47,14.91,0.98,,80.22,7.8,38.43,62.63,,3
78,2020-08-02,0.0,1017.875,1191.6818181818182,18.03333333333333,12.058333333333332,70.41666666666667,114.125,2.125,0.7416666666666667,11.5,25.9,33.99583333333334,5.297499999999999,25.58666666666667,21.544166666666666,,14.22,4.1,10.11,0.98,,65.76,9.58,48.38,89.8,,2
79,2020-08-03,0.0,1019.2666666666668,1269.5818181818183,19.04583333333333,14.5375,77.70833333333333,168.45833333333334,2.3041666666666667,0.85,14.2,26.5,49.17249999999999,14.26,32.14869565217391,23.19,,26.12,4.31,9.31,0.98,,86.52,102.3,51.3,96.94,,2
80,2020-08-04,0.0,1019.0291666666668,1294.4363636363637,19.504166666666663,13.75,72.91666666666667,154.625,2.608333333333333,0.9291666666666668,13.4,27.0,50.23708333333334,10.4325,35.14791666666667,27.730833333333333,,20.39,4.54,10.81,0.98,,90.48,56.8,66.85,115.6,,3
81,2020-08-05,0.0083333333333333,1017.6625,1351.7181818181818,18.241666666666667,12.220833333333331,71.95833333333333,172.875,3.7000000000000006,1.3791666666666664,12.2,25.7,47.86,4.335833333333333,30.68260869565217,22.72833333333333,,47.86,3.83,13.43,0.98,,47.86,5.41,65.11,70.89,,4
82,2020-08-06,0.0,1017.0083333333332,1345.5727272727272,18.991666666666667,12.204166666666667,67.875,190.58333333333331,2.775,1.05,12.9,27.1,33.7975,12.308750000000002,32.6925,22.72791666666667,,20.97,3.79,11.36,0.98,,73.74,108.3,70.84,91.47,,3
83,2020-08-07,0.0,1017.5375,1155.790909090909,17.6625,13.987500000000002,80.5,117.625,3.329166666666667,1.0708333333333333,14.6,23.7,39.2278947368421,4.014583333333333,26.609583333333333,32.541666666666664,,19.93,3.46,19.46,0.98,,85.68,6.41,35.53,86.6,,2
84,2020-08-08,0.0,1018.7208333333332,905.0,15.304166666666667,13.004166666666668,86.58333333333333,110.25,3.3833333333333333,1.1708333333333334,13.4,19.8,13.34315789473684,3.7937500000000006,20.09958333333333,35.96083333333333,,6.0,3.13,14.52,20.27,,28.6,5.69,34.13,61.9,,2
85,2020-08-09,0.0,1014.9041666666668,1331.1,16.962500000000002,12.5875,78.66666666666667,147.66666666666666,2.7,0.9041666666666668,12.3,25.4,26.00470588235294,18.621666666666663,27.26708333333333,41.06208333333333,,6.0,2.87,13.58,0.98,,47.69,87.35,43.91,124.5,,1
86,2020-08-10,0.0,1006.0375,1299.0545454545454,20.766666666666666,13.362500000000002,66.125,197.41666666666663,3.1291666666666664,1.225,14.0,29.7,28.1495,22.92708333333333,33.770833333333336,22.452916666666663,,6.0,4.12,12.72,0.98,,53.66,186.7,66.94,69.87,,2
87,2020-08-11,0.0916666666666666,1010.3041666666668,359.39090909090913,15.045833333333333,8.504166666666666,65.95833333333333,173.20833333333334,4.9625,1.2958333333333334,9.9,24.6,20.65458333333333,3.303333333333333,22.230416666666667,31.31,,6.0,2.5,12.86,0.98,,59.75,6.37,42.57,45.16,,6
88,2020-08-12,1.4916666666666665,1012.1708333333332,137.84545454545457,9.341666666666669,8.491666666666667,94.5,124.04166666666669,5.483333333333333,1.5750000000000002,6.6,12.5,7.367083333333333,2.5191666666666666,22.652500000000003,26.953333333333333,,6.0,2.1,11.34,0.98,,19.74,3.39,39.17,46.64,,2
89,2020-08-13,0.4583333333333333,1006.8833333333332,235.6,13.475,12.925,96.54166666666669,224.08333333333331,3.520833333333333,1.075,12.1,14.9,7.31,5.164166666666667,29.7475,5.9375,,6.0,2.49,19.74,0.98,,17.97,15.94,40.4,19.86,,2
90,2020-08-14,0.025,1006.6375000000002,978.1727272727276,16.208333333333332,14.520833333333334,90.29166666666669,123.16666666666669,3.9500000000000006,1.275,13.7,20.4,7.497391304347826,2.54,21.00708333333333,24.89833333333333,,6.0,2.28,13.45,0.98,,18.21,2.82,35.43,51.21,,0
91,2020-08-15,0.075,1001.9166666666666,953.0,17.416666666666668,13.995833333333332,81.125,229.875,6.233333333333334,2.075,15.0,20.6,10.189583333333331,13.95,23.62833333333333,36.01291666666666,,6.0,2.31,12.71,9.8,,35.75,150.9,38.1,64.2,,1
92,2020-08-16,0.0,1010.05,1495.8272727272729,14.141666666666667,9.4375,74.95833333333333,112.875,2.995833333333333,0.8958333333333334,9.5,18.7,12.977916666666667,2.509583333333333,18.2375,33.971250000000005,,6.0,2.04,13.42,2.52,,30.99,3.48,29.14,59.83,,3
93,2020-08-17,0.0083333333333333,1010.0666666666666,1530.2272727272727,13.620833333333332,7.979166666666667,71.66666666666667,159.83333333333334,3.341666666666667,1.1,7.6,21.3,15.833333333333334,7.585416666666667,25.420416666666664,26.888333333333332,,6.0,1.84,9.61,0.98,,35.72,50.5,51.74,75.53,,2
94,2020-08-18,0.1166666666666666,1004.3541666666666,1170.1545454545455,17.183333333333334,13.358333333333334,79.875,134.75,3.7458333333333336,1.1083333333333334,12.5,24.4,20.485,2.641666666666667,25.62875,20.020416666666662,,6.0,2.18,12.37,0.98,,75.62,3.37,45.9,59.75,,4
95,2020-08-19,0.125,1006.8208333333332,726.2076923076924,15.6125,12.304166666666667,81.25,183.45833333333331,5.7250000000000005,1.4124999999999996,12.6,16.7,9.1385,2.1612500000000003,20.020416666666662,36.9875,,6.0,1.81,15.19,10.92,,26.21,2.74,40.86,58.37,,3
96,2020-08-20,0.0,1021.0166666666668,800.8818181818183,9.995833333333334,3.758333333333333,65.91666666666667,186.91666666666663,5.833333333333333,1.4875,8.5,11.2,9.710909090909093,2.075416666666667,21.935416666666665,27.585,,6.0,1.74,13.13,0.98,,35.66,2.99,42.5,44.72,,1
97,2020-08-21,0.0,1024.4208333333331,1637.8727272727272,8.637500000000001,0.9833333333333334,60.375,239.04166666666663,4.4625,1.4833333333333332,4.5,13.0,17.165,2.62875,25.54083333333333,17.893749999999997,,6.0,1.56,15.79,0.98,,43.24,6.46,42.4,51.29,,2
98,2020-08-22,0.0,1022.95,1476.1666666666667,9.733333333333333,3.0041666666666664,66.16666666666667,196.45833333333331,2.920833333333333,0.9708333333333332,4.2,17.1,23.200416666666666,7.826666666666665,29.84083333333333,29.81958333333333,,6.0,1.57,17.75,0.98,,41.69,60.14,61.53,69.07,,1
99,2020-08-23,0.0,1019.4125,1524.6666666666667,13.620833333333332,7.016666666666667,66.25,118.125,4.1625000000000005,1.3041666666666665,7.9,21.7,19.4025,3.04375,21.730416666666667,29.73625,,6.0,1.54,14.39,0.98,,34.47,12.88,43.67,55.31,,0
100,2020-08-24,0.0,1015.3666666666664,1545.1916666666668,17.566666666666666,10.9375,67.75,99.41666666666669,4.658333333333333,1.3291666666666668,12.6,24.0,9.9285,1.8379166666666664,21.34958333333333,26.65333333333333,,6.0,1.43,14.02,0.98,,22.44,2.28,39.85,54.5,,0
101,2020-08-25,0.0,1010.9333333333334,1307.0666666666666,18.95,10.683333333333332,61.0,87.41666666666667,4.583333333333334,1.3125,14.0,25.7,15.252,1.7375,23.91625,25.082916666666662,,6.0,1.43,15.71,0.98,,40.08,2.28,39.15,58.85,,3
102,2020-08-26,0.0,1007.6875,1456.7666666666664,20.73333333333333,13.158333333333331,66.25,119.04166666666669,3.083333333333333,1.1625,14.2,30.2,22.720625,1.72125,24.005625,22.796875,,6.0,1.33,12.69,0.98,,38.47,2.19,35.97,92.62,,3
103,2020-08-27,0.0,1008.2166666666668,1276.4333333333334,21.5625,14.079166666666666,65.0,157.58333333333334,3.9875,1.1791666666666665,17.7,29.0,,,,,,,,,,,,,,,,1
104,2020-08-28,0.0416666666666666,1009.6958333333332,199.5538461538461,17.4875,15.333333333333334,87.29166666666667,116.25,4.754166666666666,1.2875,15.7,19.4,14.336428571428572,1.6892857142857145,27.392142857142854,24.217857142857145,,6.0,1.53,16.95,2.37,,29.76,2.05,49.58,42.71,,1
105,2020-08-29,0.0166666666666666,1004.1416666666668,1050.1083333333331,21.7375,16.6375,75.20833333333333,192.54166666666663,3.8666666666666663,1.0291666666666668,15.7,29.8,19.55130434782609,3.5443478260869568,26.911739130434785,27.53652173913044,,6.0,1.36,13.85,0.98,,50.71,24.59,44.88,71.84,,5
106,2020-08-30,0.7000000000000001,1012.85,101.8818181818182,13.875,12.758333333333336,93.0,161.04166666666666,6.241666666666667,1.4666666666666668,11.1,17.7,,5.12695652173913,4.961818181818182,,,,2.67,0.47,,,,31.99,21.06,,,5
107,2020-08-31,0.0083333333333333,1020.4833333333332,416.6666666666667,11.508333333333336,7.408333333333334,76.375,127.16666666666669,5.4750000000000005,1.6875,10.2,13.0,,6.25,12.21,,,,6.25,12.21,,,,6.25,12.21,,,0
108,2020-09-01,0.4166666666666667,1021.6791666666668,617.8454545454545,13.25,11.1625,87.5,124.875,8.7875,2.8541666666666665,10.5,16.2,6.272173913043478,1.1904347826086954,14.59565217391304,42.73086956521739,,6.0,0.65,10.93,36.73,,12.26,1.71,18.58,49.52,,3
109,2020-09-02,0.0,1012.5333333333332,1413.4833333333331,19.0875,15.220833333333331,79.29166666666667,109.20833333333331,7.3,2.25,15.6,25.3,10.058333333333334,2.96875,21.2875,31.20875,,6.0,0.65,11.23,0.98,,37.3,6.13,47.75,48.44,,3
110,2020-09-03,0.7833333333333333,1008.05,235.9,14.304166666666667,12.679166666666664,90.16666666666669,229.04166666666663,6.016666666666668,1.8416666666666668,11.6,19.1,11.0475,6.428750000000001,23.75500000000001,9.5675,,6.0,5.78,15.64,0.98,,36.72,8.18,35.48,17.33,,1
111,2020-09-04,0.0333333333333333,1013.5541666666668,840.5538461538462,14.1125,11.6,85.66666666666667,199.20833333333331,2.895833333333333,0.9041666666666668,12.0,18.2,8.256153846153847,8.934615384615386,21.55461538461538,6.676153846153846,,6.0,5.8,17.82,0.98,,18.24,19.61,25.04,32.42,,2
112,2020-09-05,0.6666666666666666,1014.2916666666666,220.5,12.845833333333331,11.770833333333334,93.25,122.33333333333331,7.904166666666668,2.5166666666666666,11.9,14.0,6.910869565217391,5.736086956521739,14.545652173913044,43.0995652173913,,6.0,5.53,11.53,27.23,,13.76,6.05,17.16,53.02,,0
113,2020-09-06,1.4833333333333332,1012.2625,92.95384615384616,14.954166666666666,14.354166666666666,96.16666666666669,131.41666666666666,7.166666666666667,2.208333333333333,13.8,15.8,6.0,5.452916666666667,15.319583333333332,40.68125,,6.0,5.27,11.29,26.49,,6.0,5.8,24.49,53.45,,0
114,2020-09-07,0.2833333333333334,1014.2958333333336,242.15384615384616,14.441666666666665,13.391666666666666,93.375,130.70833333333334,8.191666666666668,2.6666666666666665,13.3,15.2,6.852499999999999,5.3029166666666665,13.527083333333335,47.00875,,6.0,5.25,10.55,40.12,,16.56,5.34,16.87,53.5,,2
115,2020-09-08,0.15,1012.4625,1157.1384615384616,16.9375,15.237500000000002,90.20833333333331,121.54166666666669,9.866666666666667,3.070833333333333,14.8,20.8,6.0,5.328333333333333,14.420416666666666,43.92458333333334,,6.0,5.26,10.38,35.81,,6.0,5.45,20.77,50.08,,6
116,2020-09-09,0.0,1009.5708333333332,1145.9,20.47083333333333,17.3125,82.75,122.75,6.229166666666667,1.9166666666666667,17.4,26.1,8.231666666666667,5.420416666666667,21.71291666666667,31.83875,,6.0,5.27,11.68,0.98,,24.77,5.55,41.83,49.93,,4
117,2020-09-10,1.125,1010.4166666666666,1450.7571428571428,19.466666666666665,16.441666666666666,83.625,184.79166666666663,4.770833333333333,1.3791666666666669,16.2,21.4,10.341904761904765,5.3625,21.445833333333336,33.812083333333334,,6.0,5.27,14.89,5.61,,29.08,5.92,36.18,62.73,,2
118,2020-09-11,0.0,1006.5541666666668,1107.923076923077,18.191666666666663,15.666666666666666,86.04166666666667,131.75,4.3625,1.2625,14.1,24.3,7.988823529411765,5.277058823529412,20.932941176470585,30.08117647058824,,6.0,5.24,11.43,13.44,,23.79,5.33,37.43,48.93,,3
119,2020-09-12,0.4916666666666667,1009.5541666666668,174.1916666666667,17.2375,15.995833333333332,92.45833333333331,130.20833333333334,5.354166666666667,1.3291666666666666,15.8,20.2,10.743913043478262,5.277826086956521,20.39,28.987826086956524,,6.0,5.21,11.76,11.18,,25.2,5.37,29.78,74.48,,5
120,2020-09-13,0.0999999999999999,1008.1208333333334,361.3416666666667,18.7,17.425,92.41666666666669,138.95833333333334,5.787499999999999,1.3208333333333335,16.8,20.8,13.5225,5.2870833333333325,17.382916666666667,41.44416666666667,,6.0,5.09,13.19,17.05,,39.79,5.85,20.92,79.41,,2
121,2020-09-14,0.45,1014.975,628.4428571428571,16.345833333333335,12.5125,79.625,169.20833333333334,7.058333333333335,1.7916666666666667,12.0,19.0,7.824999999999999,5.123333333333334,19.11583333333333,31.40166666666667,,6.0,4.99,13.91,16.96,,15.0,5.29,33.41,44.15,,3
122,2020-09-15,0.0,1017.7791666666668,1058.8583333333331,12.529166666666669,7.904166666666668,74.29166666666667,117.95833333333331,4.795833333333333,1.6083333333333334,7.7,17.7,9.328181818181818,5.141666666666667,22.41916666666667,24.352500000000003,,6.0,4.92,14.42,2.78,,29.62,5.56,37.99,53.87,,1
123,2020-09-16,1.8583333333333332,1010.0833333333334,136.15833333333333,16.191666666666666,15.341666666666669,94.75,174.75,5.320833333333334,1.4833333333333334,14.7,17.7,11.45125,5.185,30.397916666666664,24.10708333333333,,6.0,5.02,19.32,7.7,,35.58,5.48,52.89,53.07,,2
124,2020-09-17,0.025,1007.9166666666666,1152.423076923077,17.929166666666664,15.545833333333334,87.375,200.45833333333331,2.8875,0.9333333333333336,14.7,22.7,11.293333333333337,5.515416666666667,27.05208333333333,30.794166666666666,,6.0,5.08,17.24,0.98,,32.26,6.51,48.02,81.3,,1
125,2020-09-18,0.0083333333333333,1005.7833333333332,1645.8307692307694,19.33333333333333,15.754166666666668,81.625,198.0,3.2541666666666664,1.1791666666666667,14.4,25.8,16.249090909090906,5.764090909090909,25.071818181818184,28.47136363636364,,6.0,5.09,15.66,0.98,,45.9,7.65,50.38,85.58,,2
126,2020-09-19,0.0,1009.2791666666668,780.4083333333333,16.641666666666666,13.195833333333336,80.83333333333333,142.45833333333334,4.512499999999999,1.2208333333333332,13.2,19.8,22.752916666666664,5.167916666666667,19.912916666666664,27.250833333333333,,6.0,5.02,14.59,0.98,,47.47,6.14,35.0,44.54,,3
127,2020-09-20,0.0,1016.9208333333332,1797.284615384615,12.6625,5.145833333333333,62.25,159.95833333333334,4.020833333333333,1.2,10.4,16.5,11.959583333333333,4.99,16.837500000000002,34.714166666666664,,6.0,4.81,12.66,7.45,,31.1,5.15,26.73,58.0,,1
128,2020-09-21,0.0,1017.6749999999998,1854.0,12.0,5.095833333333334,66.04166666666667,191.95833333333331,3.529166666666667,1.15,6.0,19.2,15.60375,8.682916666666666,18.234166666666667,30.625833333333333,,6.0,4.77,14.06,0.98,,28.32,39.19,23.08,68.33,,2
129,2020-09-22,0.0,1019.3458333333332,1861.1538461538464,12.816666666666665,6.491666666666667,67.66666666666667,119.45833333333331,5.641666666666667,1.8875,7.9,18.5,13.333888888888888,4.9750000000000005,16.313333333333333,38.34833333333333,,6.0,4.79,13.67,4.36,,24.59,5.29,23.97,57.17,,4
130,2020-09-23,0.0,1016.5416666666666,1734.8846153846157,17.008333333333333,10.066666666666668,67.125,124.58333333333331,3.3375,1.1083333333333334,9.3,26.2,22.42304347826087,6.8039130434782615,25.17217391304348,34.54304347826087,,6.0,4.93,14.66,0.98,,53.75,20.89,45.24,103.4,,1
131,2020-09-24,0.0,1013.6749999999998,1669.776923076923,20.604166666666668,14.108333333333334,69.16666666666667,180.125,3.1875,1.1291666666666669,14.2,28.3,27.7625,8.647499999999999,26.4075,36.52708333333333,,6.0,4.93,16.96,0.98,,54.67,29.33,45.16,89.51,,1
132,2020-09-25,0.0,1011.2833333333332,1664.4615384615386,20.975,15.016666666666666,70.08333333333333,125.33333333333331,5.241666666666667,1.8875,15.7,27.2,18.55666666666667,5.010416666666667,21.91625,41.7075,,6.0,4.79,15.39,0.98,,27.55,5.45,32.62,84.92,,3
133,2020-09-26,0.0083333333333333,1004.5375,1142.0,20.245833333333334,16.645833333333332,80.75,127.08333333333331,6.758333333333333,2.0083333333333333,17.2,25.9,18.881666666666664,5.097916666666666,17.86125,37.209583333333335,,6.0,4.81,13.77,5.48,,32.66,5.54,23.32,66.91,,0
134,2020-09-27,0.6083333333333334,999.9125,309.04615384615386,20.741666666666667,17.933333333333334,84.25,169.83333333333334,8.641666666666666,2.1958333333333333,19.7,22.6,10.560416666666669,5.0425,17.298750000000002,40.71541666666666,,6.0,4.66,11.13,18.0,,30.39,6.25,26.93,51.42,,2
135,2020-09-28,0.0583333333333333,1005.0875,1253.99375,18.84166666666667,14.0,75.16666666666667,277.9166666666667,7.391666666666667,2.308333333333333,16.6,20.7,7.245833333333333,5.460833333333333,22.27875,36.610416666666666,,6.0,4.91,13.55,3.66,,21.94,6.47,48.21,53.75,,4
136,2020-09-29,0.0083333333333333,1009.8250000000002,1562.1692307692306,17.2375,11.879166666666668,72.625,123.375,4.270833333333333,1.4583333333333333,11.9,22.2,10.129166666666668,4.605,24.1125,29.58125,,6.0,4.26,15.02,0.98,,22.91,6.1,39.76,65.85,,4
137,2020-09-30,1.0333333333333334,1004.7291666666666,640.5,19.879166666666663,17.729166666666668,87.875,125.0,4.55,1.2875,17.5,25.5,16.9425,4.25875,29.638333333333332,25.62625,,6.0,3.98,19.25,2.54,,34.97,4.4,43.93,59.36,,0
138,2020-10-01,0.1333333333333333,999.6833333333334,432.4,22.791666666666668,19.6125,82.79166666666667,156.75,4.275,1.1541666666666668,20.7,25.6,9.294285714285715,4.3825,32.138749999999995,23.949166666666667,,6.0,3.86,14.35,0.98,,31.34,5.13,51.03,58.43,,4
139,2020-10-02,0.3083333333333333,1002.9666666666668,158.17499999999998,19.433333333333334,17.916666666666668,91.16666666666669,169.125,6.645833333333333,1.6333333333333335,15.4,24.0,12.105454545454547,4.37625,22.0925,26.25500000000001,,6.0,4.02,13.0,2.58,,32.31,5.48,40.47,46.07,,1
140,2020-10-03,1.3,1016.5833333333334,90.90769230769232,13.1,12.020833333333334,93.125,140.875,9.420833333333333,2.8041666666666667,11.9,14.4,6.58625,4.408333333333334,14.50875,39.53916666666667,,6.0,4.13,11.46,34.04,,13.99,4.51,18.14,44.09,,1
141,2020-10-04,0.075,1015.0541666666668,425.8428571428572,15.025,13.083333333333334,88.29166666666667,110.75,9.429166666666667,2.833333333333333,12.9,17.1,6.0,4.43875,12.902083333333332,40.5225,,6.0,4.26,10.43,34.28,,6.0,4.52,16.21,46.53,,1
142,2020-10-05,0.0249999999999999,1006.4291666666668,861.9230769230769,19.258333333333333,15.770833333333334,80.83333333333333,183.41666666666663,5.979166666666667,1.875,16.5,22.8,7.344166666666666,4.506666666666667,19.81583333333333,26.90083333333333,,6.0,4.29,12.55,10.37,,20.17,4.94,31.83,52.41,,1
143,2020-10-06,0.0,1009.1916666666668,1904.323076923077,17.037499999999998,12.3625,75.375,214.54166666666663,4.791666666666667,1.5666666666666669,13.6,20.6,6.335416666666667,4.895,19.004166666666663,30.38458333333333,,6.0,4.29,14.23,10.04,,14.05,7.05,25.32,58.88,,3
144,2020-10-07,0.0,1008.1708333333332,487.2384615384616,16.329166666666666,14.0125,86.20833333333333,137.20833333333334,4.083333333333333,1.2375,14.0,18.5,9.864166666666668,4.674166666666667,21.923333333333336,28.24791666666667,,6.0,4.25,11.54,7.22,,34.11,6.66,32.3,43.55,,1
145,2020-10-08,0.0083333333333333,1009.6916666666666,1746.2923076923075,18.370833333333334,14.566666666666668,79.83333333333333,114.45833333333331,4.3625,1.3291666666666666,15.2,22.6,10.732083333333334,4.310833333333334,17.739583333333332,35.83958333333333,,6.0,4.15,12.74,10.69,,22.62,4.65,27.07,54.98,,3
146,2020-10-09,0.0,1008.4916666666668,1697.069230769231,17.379166666666666,11.916666666666666,72.33333333333333,115.58333333333331,4.283333333333333,1.3916666666666666,12.0,24.0,13.442083333333334,4.249583333333334,24.78458333333333,31.95375,,6.0,4.06,15.06,6.18,,36.83,4.33,44.26,68.87,,2
147,2020-10-10,0.0083333333333333,1009.6791666666668,2018.076923076923,16.8625,9.845833333333331,65.79166666666667,167.83333333333334,5.300000000000001,1.5041666666666669,13.8,19.9,11.837916666666668,4.105416666666667,17.516666666666666,41.89,,6.0,3.89,13.54,25.92,,41.18,4.32,33.02,59.46,,0
148,2020-10-11,0.0,1011.1708333333332,2023.507692307692,17.3125,10.841666666666669,68.41666666666667,103.75,4.0,1.3166666666666669,11.0,25.4,11.576666666666668,4.339583333333334,17.833333333333332,34.70791666666667,,6.0,3.65,14.08,2.47,,30.38,5.62,25.5,73.96,,0
149,2020-10-12,0.0,1007.9541666666668,1798.5785714285716,20.3375,13.820833333333336,69.875,197.54166666666663,4.695833333333333,1.5958333333333332,14.9,26.9,16.39,4.269583333333333,18.90625,34.69083333333333,,6.0,4.03,14.54,0.98,,34.07,5.15,26.67,75.19,,0
150,2020-10-13,0.0,1009.275,1474.5285714285717,17.849999999999998,12.116666666666664,70.70833333333333,166.75,4.1000000000000005,1.2875,12.9,23.0,13.179000000000002,4.056666666666668,18.74,39.54583333333333,,6.0,3.57,13.87,2.79,,27.73,5.32,27.87,76.07,,3
151,2020-10-14,0.0,1009.1208333333334,1506.95,17.775000000000002,12.729166666666666,74.0,141.16666666666666,3.8333333333333335,1.2416666666666665,13.1,23.6,13.130833333333332,4.180833333333333,20.240416666666665,43.315,,6.0,3.93,15.24,12.31,,28.57,6.71,25.95,111.1,,1
152,2020-10-15,0.0,1014.4500000000002,1317.6928571428573,18.104166666666668,13.908333333333331,77.70833333333333,121.33333333333331,5.0625,1.633333333333333,13.5,22.7,11.80125,3.949583333333333,17.08304347826087,33.85791666666667,,6.0,3.71,6.59,9.37,,30.17,4.18,21.67,51.78,,3
153,2020-10-16,0.0,1016.6043478260872,1835.723076923077,20.208695652173912,14.608695652173912,72.30434782608695,111.34782608695652,7.082608695652173,2.360869565217391,17.4,25.1,12.599166666666669,3.8645833333333335,16.75583333333333,39.69791666666666,,6.0,3.59,10.2,19.44,,25.72,4.2,26.31,60.09,,1
154,2020-10-17,0.0,1013.6375000000002,1793.5,20.025,12.875,66.16666666666667,100.25,5.375,1.7083333333333333,14.7,26.2,15.76,4.545,20.71041666666667,38.880833333333335,,6.0,3.9,10.96,11.03,,40.27,5.58,36.19,63.82,,3
155,2020-10-18,0.0,1008.1125,1920.7142857142856,22.620833333333334,14.449999999999998,63.0,82.16666666666667,3.9083333333333337,1.2416666666666667,17.0,29.7,18.55333333333333,3.975,21.8125,35.82958333333333,,6.0,3.7,11.13,4.92,,42.61,4.42,40.22,72.66,,0
156,2020-10-19,0.0,1005.9375,1939.314285714286,24.3125,15.504166666666668,62.91666666666666,177.45833333333334,3.766666666666667,1.3333333333333333,17.8,32.3,26.034166666666664,12.344583333333333,34.28,36.87375,,6.0,3.78,19.09,0.98,,47.42,50.76,50.96,118.1,,5
157,2020-10-20,0.0,1008.8041666666668,1886.2214285714288,22.525,17.820833333333333,75.5,134.08333333333334,4.991666666666667,1.4083333333333332,17.8,25.9,30.475454545454543,5.65625,24.557500000000005,26.91708333333333,,6.0,3.86,11.61,0.98,,58.91,22.43,66.25,63.41,,3
158,2020-10-21,0.075,1014.9208333333332,691.5142857142857,20.933333333333334,18.870833333333334,88.125,136.5,6.266666666666666,1.9958333333333336,19.3,22.1,14.475416666666666,3.705833333333333,13.249583333333334,29.96666666666667,,6.0,3.32,9.65,17.77,,29.3,4.08,18.9,40.02,,0
159,2020-10-22,0.0,1014.6708333333332,1661.8714285714286,21.2375,17.608333333333334,80.41666666666667,113.08333333333331,10.233333333333334,3.0583333333333336,19.1,24.1,11.268571428571429,3.37625,12.944583333333332,34.41375,,6.0,3.14,7.58,23.93,,35.15,3.92,23.18,42.63,,2
160,2020-10-23,0.0499999999999999,1010.2333333333332,550.9357142857142,21.27083333333333,18.0875,82.33333333333333,123.45833333333331,5.079166666666667,1.425,19.2,24.2,11.204999999999998,3.515,30.52208333333333,17.998749999999998,,6.0,3.19,13.85,3.96,,24.49,3.82,52.66,40.35,,2
161,2020-10-24,0.0,1006.2458333333334,1803.892857142857,23.070833333333336,19.016666666666666,79.83333333333333,165.08333333333334,4.15,1.1833333333333331,19.4,29.5,13.516666666666666,6.232083333333333,23.46625,34.22416666666667,,6.0,3.52,12.77,0.98,,34.31,28.46,39.11,96.04,,3
162,2020-10-25,0.0,1003.9041666666668,1773.9857142857145,23.7625,18.78333333333333,75.79166666666667,107.5,5.416666666666667,1.6708333333333332,19.8,29.8,19.49,3.84,18.04,24.3,,19.49,3.84,18.04,24.3,,19.49,3.84,18.04,24.3,,2
163,2020-10-26,0.3416666666666666,1000.9125,777.2285714285715,22.97083333333333,18.995833333333334,79.04166666666667,179.79166666666666,4.604166666666667,1.475,21.3,26.0,11.78181818181818,5.386818181818182,25.094545454545457,32.29681818181818,,6.0,3.41,14.59,9.45,,27.13,17.27,55.76,54.45,,3
164,2020-10-27,1.4083333333333334,998.4375,722.0357142857143,17.754166666666666,16.079166666666666,90.16666666666669,278.875,8.6875,2.7,15.2,20.3,6.0,4.7683333333333335,24.8125,30.559583333333336,,6.0,3.95,9.42,14.1,,6.0,6.39,48.44,45.1,,5
165,2020-10-28,0.3,999.1458333333334,1075.2294117647057,19.804166666666667,15.566666666666668,77.54166666666667,254.08333333333331,6.1625000000000005,1.95,14.1,25.7,7.165833333333333,5.014166666666667,25.719166666666663,29.030416666666667,,6.0,3.75,11.68,5.41,,19.23,10.28,59.7,48.78,,2
166,2020-10-29,0.0083333333333333,1007.5125000000002,696.907142857143,18.0625,13.595833333333331,76.16666666666667,145.625,5.129166666666666,1.4083333333333332,16.3,19.7,7.155416666666667,3.574583333333333,22.153333333333336,24.45583333333333,,6.0,3.25,13.69,0.98,,18.56,4.21,36.02,46.11,,2
167,2020-10-30,0.0,1016.8666666666668,1541.2428571428572,16.775000000000002,10.570833333333336,68.04166666666667,136.75,4.9375,1.5541666666666665,11.2,20.0,10.91125,3.2891666666666666,19.289166666666667,27.300416666666667,,6.0,2.89,9.93,3.28,,32.09,3.77,31.26,43.27,,0
168,2020-10-31,0.0,1016.9541666666668,1224.1642857142856,17.9875,11.991666666666667,69.20833333333333,126.91666666666669,6.141666666666666,2.0041666666666664,14.7,21.8,8.539166666666667,3.490833333333333,18.76125,28.59375,,6.0,3.2,9.87,7.27,,19.84,3.72,29.8,46.93,,1
169,2020-11-01,0.0,1015.2541666666666,1553.1142857142856,18.09583333333333,12.8,73.125,123.04166666666669,5.487500000000001,1.875,14.3,21.5,9.0725,3.6341666666666663,16.129583333333333,27.29625,,6.0,3.28,8.62,8.66,,25.8,5.37,49.27,41.02,,1
170,2020-11-02,0.0,1012.2083333333334,1952.65,17.983333333333334,11.179166666666667,66.45833333333333,124.45833333333331,4.608333333333333,1.4624999999999997,12.9,22.9,9.501666666666669,3.6725,16.855416666666667,29.86208333333333,,6.0,3.48,9.8,3.1,,25.94,3.81,29.68,53.39,,2
171,2020-11-03,0.0,1011.7416666666668,1587.242857142857,18.27916666666667,13.233333333333334,73.875,126.33333333333331,5.945833333333333,1.8875,14.5,21.7,8.255454545454546,3.767647058823529,19.65733333333333,27.235833333333336,,6.0,3.39,10.49,3.24,,23.51,4.77,32.22,44.54,,4
172,2020-11-04,0.0,1015.3791666666666,1997.1714285714288,17.541666666666668,9.808333333333332,63.333333333333336,138.66666666666666,6.004166666666667,2.0083333333333333,13.3,21.4,6.878260869565217,45.462857142857146,14.017499999999998,32.95208333333333,,6.0,41.46,2.35,7.44,,20.16,49.27,24.28,63.76,,3
173,2020-11-05,0.1333333333333333,1012.9375,1464.385714285714,16.616666666666664,11.845833333333331,74.54166666666667,143.54166666666666,4.666666666666667,1.425,11.8,21.2,11.41625,35.809583333333336,20.42875,20.2575,,6.0,4.76,3.11,0.98,,25.42,48.87,40.84,45.3,,1
174,2020-11-06,0.0,1012.5083333333332,1681.107142857143,19.058333333333334,13.570833333333333,71.875,105.375,6.033333333333334,1.8583333333333332,13.6,23.6,8.192083333333334,4.76875,12.581250000000002,24.9025,,6.0,4.34,2.5,0.98,,20.49,5.3,39.86,50.37,,4
175,2020-11-07,0.0,1011.575,2034.2785714285717,21.887500000000003,16.52916666666667,73.375,114.5,7.454166666666666,2.1875,17.7,27.4,9.265416666666663,4.7875000000000005,6.252083333333332,32.18208333333333,,6.0,4.44,2.82,6.03,,22.24,5.26,13.27,54.03,,0
176,2020-11-08,0.0,1011.5875,1454.2214285714283,21.883333333333336,17.195833333333336,75.29166666666667,124.20833333333331,8.575000000000001,2.670833333333333,19.6,24.6,7.674166666666667,4.715833333333333,2.8504166666666664,34.2225,,6.0,4.23,1.05,27.09,,15.03,5.06,5.99,45.22,,1
177,2020-11-09,0.0499999999999999,1010.3125,490.15,20.55,17.879166666666666,84.875,118.29166666666669,8.129166666666668,2.5083333333333333,19.7,21.8,6.9070833333333335,4.559583333333333,7.414583333333333,26.44708333333333,,6.0,4.43,0.47,12.18,,13.85,4.7,19.41,33.25,,4
178,2020-11-10,0.0,1007.2000000000002,1710.9,23.429166666666664,18.96666666666667,77.5,177.83333333333334,4.545833333333333,1.5208333333333333,19.6,28.3,11.475,6.7575,16.63416666666667,33.217083333333335,,6.0,4.44,5.33,0.98,,36.88,24.71,40.6,73.68,,1
179,2020-11-11,0.0,1007.2583333333332,1404.55,22.5,17.979166666666668,76.66666666666667,156.29166666666666,4.308333333333333,1.1833333333333331,19.5,27.4,9.414583333333333,4.8220833333333335,14.069583333333332,30.77916666666667,,6.0,4.62,5.14,12.58,,18.22,5.06,25.31,66.06,,1
180,2020-11-12,0.0,1006.8,1090.8642857142856,22.55,18.275,77.58333333333333,116.70833333333331,4.025,1.1958333333333333,19.7,26.8,9.46125,4.615,16.81,31.25333333333333,,6.0,4.33,16.81,9.16,,25.21,5.91,16.81,57.81,,3
181,2020-11-13,0.0,1006.0416666666666,1287.5142857142855,23.854166666666668,19.179166666666667,76.16666666666667,138.125,4.854166666666667,1.5541666666666665,20.7,27.3,10.0925,4.6275,,40.622083333333336,,6.0,4.11,,21.42,,21.0,5.17,,80.57,,2
182,2020-11-14,0.0,1003.4666666666666,1949.7714285714285,24.787500000000005,19.28333333333333,74.125,124.25,5.704166666666666,1.7791666666666668,19.8,32.6,11.390416666666669,5.1375,,33.294999999999995,,6.0,4.85,,7.72,,43.12,5.42,,69.08,,3
183,2020-11-15,0.0,1002.1458333333334,1188.1571428571428,24.962499999999995,20.579166666666666,77.45833333333333,197.125,4.733333333333333,1.3916666666666666,21.7,28.6,14.112916666666669,5.105833333333334,,30.595416666666665,,6.0,4.92,,3.72,,28.14,5.54,,60.87,,2
184,2020-11-16,0.9916666666666668,1004.2791666666666,884.0142857142856,22.104166666666668,20.479166666666668,90.83333333333331,173.54166666666666,4.920833333333333,1.3875,19.8,25.2,7.502916666666667,5.153333333333333,,17.289583333333336,,6.0,4.38,,7.96,,16.52,5.6,,30.34,,6
185,2020-11-17,0.0,1006.8416666666666,2052.928571428572,19.616666666666664,13.933333333333332,72.16666666666667,170.95833333333334,4.525,1.3374999999999997,15.5,23.7,8.185416666666667,5.145833333333333,12.271304347826089,23.46333333333333,,6.0,4.9,0.47,0.98,,26.94,5.39,26.72,49.91,,2
186,2020-11-18,0.0,1007.9166666666666,1394.0,19.23333333333333,12.933333333333332,68.45833333333333,101.33333333333331,4.029166666666666,1.2875,14.8,22.7,9.187083333333332,5.15375,9.022916666666667,23.629583333333333,,6.0,5.03,1.27,0.98,,26.46,5.74,17.72,48.9,,1
187,2020-11-19,0.0,1009.1625,1796.292857142857,20.0375,12.4,63.5,122.0,5.170833333333333,1.7083333333333333,15.7,23.9,8.2975,5.14,8.768333333333333,22.95416666666667,,6.0,4.89,0.47,0.98,,23.54,5.87,24.77,41.17,,2
188,2020-11-20,0.0,1010.9041666666666,1320.1928571428568,19.433333333333334,13.229166666666666,68.66666666666667,150.79166666666666,4.691666666666666,1.5958333333333332,15.9,23.1,7.877916666666667,5.94,11.4675,19.720416666666665,,6.0,4.88,1.99,0.98,,20.45,12.33,29.1,41.03,,0
189,2020-11-21,0.0,1011.0875,2069.0071428571428,19.491666666666667,11.65,62.458333333333336,121.91666666666669,5.875,1.8375,14.7,25.1,8.145,5.113333333333333,6.685833333333334,26.102500000000003,,6.0,4.6,0.47,5.22,,18.61,5.26,21.04,40.96,,0
190,2020-11-22,0.0,1012.8791666666666,2115.214285714286,20.091666666666665,12.666666666666666,63.708333333333336,123.25,6.616666666666667,2.108333333333334,15.3,25.5,9.225,5.1925,4.340833333333333,28.76083333333333,,6.0,5.03,0.47,7.82,,22.08,5.36,15.49,44.8,,2
191,2020-11-23,0.0,1012.5541666666668,2236.835714285714,22.579166666666666,14.995833333333335,64.58333333333333,112.79166666666669,6.970833333333334,2.1333333333333333,17.0,29.3,11.405833333333334,5.505,6.363157894736842,28.73125,,6.0,5.12,2.19,4.59,,24.52,7.0,17.91,60.42,,3
192,2020-11-24,0.0,1009.525,2154.35,25.7375,17.375,63.0,114.875,4.95,1.5208333333333333,20.1,34.1,16.007916666666667,5.666250000000001,,37.821666666666665,,6.0,5.28,,5.4,,38.42,7.16,,90.56,,2
193,2020-11-25,0.0,1005.0625,1840.3428571428572,27.870833333333334,17.741666666666667,58.125,189.70833333333331,5.187500000000001,1.6041666666666667,20.3,36.4,25.277083333333337,10.225,,44.80583333333334,,6.0,5.0,,0.98,,98.52,48.35,,88.13,,2
194,2020-11-26,0.5583333333333332,1006.9041666666666,1029.607142857143,24.03333333333333,19.7125,77.91666666666667,267.0,6.904166666666666,1.9958333333333336,21.6,27.0,12.592916666666667,5.315833333333333,,34.76625000000001,,6.0,4.61,,12.53,,70.18,5.71,,62.77,,4
195,2020-11-27,0.0333333333333333,1011.8458333333334,892.5933333333334,22.325,19.379166666666663,84.125,108.0,6.041666666666667,1.8166666666666669,20.8,24.5,9.475,4.804583333333333,,48.10458333333333,,6.0,4.49,,16.65,,27.87,5.09,,63.49,,2
196,2020-11-28,0.0166666666666666,1009.5791666666668,1416.957142857143,25.375,19.925,73.25,130.5,5.816666666666667,1.7916666666666667,21.5,30.0,7.546666666666667,4.902916666666667,,44.93125,,6.0,4.38,,6.76,,21.57,5.77,,75.22,,3
197,2020-11-29,0.3999999999999999,1005.4083333333334,1480.24,25.387500000000003,20.0625,73.66666666666667,227.75,6.125,1.9416666666666664,20.3,29.4,11.822916666666666,18.955,16.594090909090912,43.129583333333336,,6.0,4.64,0.47,5.76,,40.65,64.26,38.35,62.12,,0
198,2020-11-30,0.0,1008.2125,819.6214285714286,23.73333333333333,19.320833333333333,76.54166666666667,210.41666666666663,4.9,1.4791666666666667,22.2,25.8,10.477916666666667,6.413333333333333,30.81,30.594583333333333,,6.0,5.02,30.81,8.58,,30.64,9.56,30.81,51.86,,5
199,2020-12-01,0.0,1009.75,1786.0333333333333,22.375,16.7625,71.41666666666667,117.45833333333331,6.974999999999999,2.0916666666666663,18.2,26.2,16.372083333333332,5.03,4.164761904761905,29.86083333333333,,6.0,4.91,0.47,13.72,,48.4,5.27,11.57,41.44,,1
200,2020-12-02,0.0,1003.8083333333334,1818.0571428571427,24.383333333333336,18.954166666666666,73.125,114.625,6.204166666666666,1.9583333333333333,20.5,29.4,12.750833333333333,5.05,,33.93083333333334,,6.0,4.53,,8.21,,36.43,5.4,,71.76,,4
201,2020-12-03,1.2083333333333333,998.1291666666666,1378.56875,23.42083333333333,19.6125,80.20833333333333,211.375,7.5625,1.9625,20.9,27.8,7.448333333333333,7.334583333333334,13.93782608695652,36.58541666666667,,6.0,4.99,0.47,11.47,,25.52,21.8,27.29,53.52,,1
202,2020-12-04,0.0,1008.2416666666668,2098.407142857143,22.945833333333336,15.683333333333332,67.08333333333333,153.5,4.495833333333333,1.2666666666666666,19.4,27.6,12.562857142857142,5.39875,12.583809523809524,29.33782608695652,,6.0,4.87,5.16,0.98,,36.12,7.38,27.03,68.24,,1
203,2020-12-05,0.0,1015.4565217391304,678.5133333333334,19.97826086956522,13.291304347826088,65.78260869565217,132.7826086956522,7.030434782608695,2.178260869565217,18.8,21.0,10.134285714285712,5.45,3.212916666666666,28.44625,,6.0,4.88,0.47,22.07,,21.18,5.63,10.52,33.64,,2
204,2020-12-06,0.05,1014.3375,563.1133333333333,18.53333333333333,14.3625,77.04166666666667,125.58333333333331,5.787499999999999,2.0291666666666663,17.9,19.6,11.3975,5.546666666666667,1.9270833333333333,23.144583333333333,,6.0,5.2,0.47,16.92,,29.26,5.91,6.22,28.91,,2
205,2020-12-07,0.1083333333333333,1009.7916666666666,1064.3933333333332,20.433333333333334,17.016666666666666,81.58333333333333,131.375,5.304166666666667,1.4666666666666668,17.8,24.0,6.0,5.864999999999999,13.840833333333334,21.459166666666665,,6.0,5.46,0.47,0.98,,6.0,6.37,48.59,46.37,,0
206,2020-12-08,0.0,1008.2166666666666,1893.3533333333328,21.67083333333333,17.0625,76.58333333333333,210.70833333333331,3.829166666666667,1.3041666666666667,17.1,26.5,8.527916666666666,13.242916666666666,14.446666666666664,27.036666666666672,,6.0,5.6,6.61,4.03,,28.62,59.96,30.99,59.13,,1
207,2020-12-09,0.0,1008.7791666666668,1425.64,23.20833333333333,18.4625,75.91666666666667,129.20833333333334,4.495833333333334,1.2666666666666666,20.0,27.2,9.75111111111111,8.209999999999999,10.404444444444444,15.995,,6.0,5.56,0.47,2.74,,22.15,35.12,29.53,31.3,,3
208,2020-12-10,0.0,1007.2875,2113.7533333333336,23.925,17.375,70.25,128.125,4.479166666666667,1.4041666666666666,18.5,30.5,9.571818181818182,6.833333333333333,8.465217391304348,10.322,,6.0,5.98,2.61,0.98,,27.42,15.88,12.85,27.52,,1
209,2020-12-11,0.0,1002.3083333333334,2082.6266666666666,28.03333333333333,18.7125,60.833333333333336,190.91666666666663,5.108333333333333,1.675,21.1,36.5,11.72375,9.16625,16.970000000000002,15.511666666666663,,6.0,5.87,8.81,0.98,,39.98,24.46,38.27,30.01,,3
210,2020-12-12,0.0499999999999999,1004.2,1377.4266666666667,26.675,18.6875,62.375,154.91666666666666,5.116666666666667,1.375,22.3,29.8,15.027499999999998,6.337083333333333,20.68217391304348,15.202916666666669,,6.0,5.76,3.1,0.98,,41.98,6.78,61.83,29.41,,5
211,2020-12-13,1.7083333333333333,1003.0166666666664,1284.1333333333334,25.10833333333333,19.95,75.25,178.375,4.55,1.2791666666666668,21.7,32.3,16.596666666666668,7.822500000000001,16.715416666666666,12.042083333333332,,6.0,6.03,5.55,0.98,,38.01,14.15,34.71,26.94,,2
212,2020-12-14,0.9333333333333332,1005.1333333333332,775.98125,21.89583333333333,18.429166666666667,81.54166666666667,186.16666666666663,4.05,1.2000000000000002,19.1,23.8,6.0,7.366666666666667,16.96,11.244166666666668,,6.0,6.18,16.96,4.88,,6.0,12.55,16.96,16.8,,4
213,2020-12-15,0.0,1003.9541666666668,2046.2,24.058333333333334,17.3,69.0,169.0,4.2125,1.275,18.2,31.0,8.02764705882353,7.628695652173912,,13.354782608695654,,6.0,3.27,,0.98,,22.92,30.43,,30.37,,2
214,2020-12-16,0.025,1005.7541666666666,1414.4799999999998,24.691666666666663,20.654166666666665,79.58333333333333,134.45833333333334,5.233333333333333,1.5916666666666668,21.1,30.1,9.59875,4.06875,,14.287916666666666,,6.0,1.62,,3.22,,26.26,9.57,,29.85,,2
215,2020-12-17,0.0166666666666666,1007.1083333333332,1599.013333333333,24.975000000000005,20.154166666666665,76.33333333333333,125.83333333333331,5.962500000000001,1.9208333333333327,22.0,29.2,6.0,3.2895833333333333,2.4389473684210525,14.782916666666663,,6.0,1.7,0.47,7.92,,6.0,4.98,6.07,22.24,,3
216,2020-12-18,0.0,1004.4500000000002,1947.2733333333333,25.195833333333336,18.966666666666665,69.91666666666667,119.5,5.683333333333334,1.8416666666666668,20.2,31.7,8.422083333333333,3.962916666666666,2.9375,12.388333333333335,,6.0,2.15,1.4,3.38,,25.39,5.35,8.24,25.53,,2
217,2020-12-19,0.1333333333333333,998.2625000000002,846.9733333333335,25.05,20.2875,75.58333333333333,168.625,6.404166666666666,1.7958333333333334,22.3,30.6,7.947916666666667,7.547083333333333,5.1745,9.12125,,6.0,4.07,1.96,2.58,,20.7,29.65,10.41,16.77,,3
218,2020-12-20,0.0,1001.4666666666666,1859.2,24.8625,18.129166666666663,67.79166666666667,276.375,6.391666666666666,2.120833333333333,23.4,26.2,7.756666666666667,5.860416666666667,3.104347826086957,12.9325,,6.0,4.33,0.47,3.47,,23.29,8.34,8.81,21.05,,1
219,2020-12-21,0.0,1007.8791666666666,2141.34,22.52916666666667,12.916666666666666,55.75,226.20833333333331,5.599999999999999,1.6583333333333332,18.9,26.2,8.050416666666667,4.259166666666666,2.818260869565217,11.40625,,6.0,3.18,0.96,2.72,,23.57,5.41,5.83,19.66,,2
220,2020-12-22,0.0,1009.9291666666668,1659.8466666666666,21.312500000000004,13.9,64.70833333333333,117.875,4.154166666666668,1.3541666666666667,16.2,25.4,12.634583333333332,3.8625,5.240909090909091,11.754583333333334,,6.0,0.65,1.58,0.98,,20.53,5.24,11.19,22.99,,2
221,2020-12-23,0.0,1008.3250000000002,1929.7533333333336,22.6875,15.766666666666666,66.375,122.79166666666669,5.720833333333334,1.7875000000000003,17.3,28.2,12.40875,4.515416666666667,7.578333333333333,11.245416666666666,,6.0,1.58,1.9,0.98,,30.75,6.9,19.27,21.21,,4
222,2020-12-24,0.0,1007.0125,2019.86,25.58333333333333,19.36666666666667,70.20833333333333,116.29166666666669,7.125,2.275,21.3,31.0,13.8075,4.753333333333333,6.919999999999999,10.185833333333331,,6.0,4.16,1.92,0.98,,29.48,5.95,12.51,20.07,,1
223,2020-12-25,0.0,1007.1583333333332,1915.8533333333328,25.39583333333333,18.729166666666668,68.0,109.375,6.966666666666666,2.225,21.6,29.3,13.014166666666668,4.4783333333333335,3.0499999999999994,8.837083333333334,,6.0,4.26,0.47,3.39,,37.52,4.85,11.21,14.74,,0
224,2020-12-26,0.0,1007.4,1628.2799999999995,24.5875,18.633333333333333,70.58333333333333,115.45833333333331,6.841666666666666,2.1541666666666663,20.8,28.0,8.832916666666668,4.56125,2.6225,8.322083333333333,,6.0,4.31,0.47,3.1,,22.42,5.07,7.07,14.77,,1
225,2020-12-27,0.0249999999999999,1008.025,1161.2866666666666,24.64583333333333,19.58333333333333,74.75,111.41666666666669,6.008333333333333,1.9166666666666667,21.5,29.3,8.642083333333334,4.932083333333333,3.1654166666666668,8.220833333333333,,6.0,4.38,0.47,2.69,,27.07,5.94,6.15,13.94,,0
226,2020-12-28,0.0,1008.1583333333334,1861.0733333333333,24.916666666666668,19.40833333333333,72.875,113.29166666666669,7.766666666666666,2.4375,21.1,28.7,6.272083333333334,4.4504166666666665,2.474166666666666,9.9875,,6.0,4.31,0.47,3.6,,12.53,4.8,6.67,16.64,,2
227,2020-12-29,0.0,1003.8875000000002,1882.28,25.933333333333337,19.6625,70.25,156.79166666666666,5.145833333333334,1.5625,21.2,30.8,8.92,6.688749999999999,6.977083333333333,12.229166666666666,,6.0,4.2,2.57,0.98,,24.66,20.08,18.57,36.54,,0
228,2020-12-30,0.0916666666666666,999.6749999999998,1653.1266666666668,26.875,21.166666666666668,72.66666666666667,180.66666666666663,4.854166666666667,1.5791666666666666,21.9,33.5,9.664166666666668,5.933333333333334,14.285833333333334,11.970833333333331,,6.0,3.93,4.27,0.98,,29.8,13.7,34.72,26.0,,0
229,2020-12-31,0.6083333333333333,1003.0041666666666,1712.5,24.808333333333334,19.066666666666663,72.33333333333333,173.16666666666666,5.95,1.5125,22.0,28.0,9.207083333333332,4.93125,6.00375,14.32375,,6.0,4.46,1.79,6.06,,27.94,8.66,13.66,22.61,,4
230,2021-01-01,0.0,1009.2833333333334,1798.0500000000002,22.600000000000005,13.816666666666668,58.66666666666666,116.33333333333331,5.699999999999999,1.6000000000000003,21.1,26.8,10.988333333333337,4.456666666666667,2.60875,11.085,,6.0,4.25,0.47,2.8,,31.55,4.79,6.54,15.69,,3
231,2021-01-02,0.0,1009.15,,20.85,8.45,45.0,101.5,3.45,0.95,21.1,21.0,7.573749999999999,7.088333333333334,6.249166666666667,10.260833333333332,,6.0,4.09,0.47,0.98,,20.33,47.83,20.72,20.94,,3
232,2021-01-03,,,,,,,,,,,,10.80125,4.756666666666667,3.0325,10.806666666666668,,6.0,4.34,0.47,0.98,,19.01,5.76,6.1,19.14,,2
233,2021-01-04,0.0,1003.05,810.525,26.425,18.625,62.5,110.5,8.975,2.675,25.6,28.6,10.303333333333333,4.589583333333334,6.06625,10.39,,6.0,3.43,1.51,4.39,,37.0,5.02,13.86,17.46,,3
234,2021-01-05,0.025,1003.525,831.3666666666667,25.183333333333337,19.6125,71.95833333333333,157.83333333333334,4.270833333333333,1.4375,22.4,28.5,10.65125,4.777916666666667,9.697083333333332,9.013333333333334,,6.0,4.19,5.15,0.98,,28.34,6.64,22.51,19.56,,2
235,2021-01-06,0.6083333333333333,1002.9416666666666,1372.3666666666666,24.433333333333334,21.316666666666663,83.75,177.41666666666666,3.8958333333333335,1.1916666666666669,21.2,29.0,7.407083333333333,4.92125,8.44375,10.957083333333337,,6.0,4.57,1.81,2.86,,15.27,6.34,20.45,22.72,,3
236,2021-01-07,0.0,1002.5625,1909.8,27.27916666666667,20.5375,70.20833333333333,203.79166666666663,4.8500000000000005,1.6,22.5,33.0,6.877916666666667,5.13625,10.78875,12.804166666666667,,6.0,4.53,4.02,0.98,,18.48,6.07,26.88,24.96,,1
237,2021-01-08,0.0,1004.4791666666666,2140.9666666666667,28.07083333333333,16.295833333333334,54.833333333333336,213.20833333333331,4.45,1.5041666666666669,22.8,34.1,12.48375,7.658333333333332,14.301666666666668,14.748333333333331,,6.0,4.64,3.45,2.6,,33.88,16.13,33.39,26.13,,3
238,2021-01-09,0.0,1004.7,1955.4133333333327,27.741666666666664,14.875,47.41666666666666,137.33333333333334,4.079166666666667,1.3125,19.9,34.4,14.40125,5.658333333333334,12.794583333333335,17.85375,,6.0,4.74,2.02,0.98,,36.79,8.94,24.85,38.93,,1
239,2021-01-10,0.0,1004.4541666666664,1752.2933333333335,28.64166666666667,21.104347826086958,66.04347826086956,121.875,5.2250000000000005,1.5708333333333335,25.2,33.0,12.767499999999998,4.8758333333333335,5.3637500000000005,13.46125,,6.0,4.51,0.47,4.58,,28.32,5.05,12.49,23.18,,2
240,2021-01-11,0.0,1002.7583333333332,1959.4466666666667,29.820833333333336,21.39166666666667,62.5,151.41666666666666,5.3625,1.6583333333333332,25.2,36.0,32.62,4.74,10.71,7.04,,32.62,4.74,10.71,7.04,,32.62,4.74,10.71,7.04,,2
241,2021-01-12,0.5416666666666666,1005.9916666666668,838.2399999999999,25.20833333333333,21.675,81.54166666666667,175.58333333333334,6.591666666666666,1.7,22.9,29.2,8.96391304347826,5.228695652173913,5.916956521739129,10.203478260869565,,6.0,4.98,1.22,3.66,,46.31,6.24,16.03,15.78,,4
242,2021-01-13,0.0,1012.4500000000002,1251.6066666666666,23.02916666666667,17.408333333333335,71.29166666666667,130.91666666666666,6.920833333333333,2.25,20.9,25.9,10.84375,5.085,1.6545833333333333,8.732916666666666,,6.0,4.98,0.47,6.32,,22.1,5.23,6.13,10.84,,1
243,2021-01-14,0.0,1013.0833333333334,1617.6733333333332,22.766666666666666,15.9625,66.66666666666667,115.95833333333331,7.395833333333333,2.3625000000000003,19.0,26.4,11.025416666666668,5.312916666666666,4.1025,6.6675,,6.0,4.99,0.47,0.98,,26.38,5.99,10.26,11.17,,2
244,2021-01-15,0.0,1007.3208333333332,1936.32,25.070833333333336,19.64583333333333,73.0,108.91666666666669,7.220833333333332,2.275,20.3,30.7,8.47125,5.295416666666667,4.038333333333333,7.460833333333333,,6.0,4.86,0.47,0.98,,25.83,6.01,12.23,12.9,,3
245,2021-01-16,1.0166666666666666,999.9708333333332,916.1,25.166666666666668,20.183333333333334,75.83333333333333,92.70833333333331,6.083333333333333,1.5458333333333334,21.0,32.3,9.16375,5.964166666666666,9.594761904761905,7.574166666666666,,6.0,5.44,3.87,1.96,,27.96,7.1,18.97,14.87,,0
246,2021-01-17,0.175,998.6791666666668,1020.0266666666666,24.0125,21.354166666666668,86.08333333333333,192.5,3.904166666666667,1.2625,20.9,28.5,15.145652173913042,5.717083333333332,9.39,7.307916666666666,,6.0,5.13,2.51,0.98,,88.75,6.14,22.46,17.56,,3
247,2021-01-18,0.0,1006.2541666666666,1850.5,23.525,17.6375,71.625,161.25,5.337500000000001,1.4041666666666668,21.4,26.6,8.830454545454545,5.521249999999999,4.112916666666666,8.171666666666667,,6.0,5.12,1.03,3.51,,43.74,6.2,10.64,15.02,,4
248,2021-01-19,0.0,1011.2416666666668,1970.5866666666664,22.70416666666667,15.966666666666669,67.45833333333333,110.5,5.2375,1.825,17.2,27.2,9.6725,5.242916666666667,3.5108333333333337,6.995,,6.0,5.01,0.47,0.98,,21.55,5.58,9.64,12.8,,2
249,2021-01-20,0.0,1011.375,995.0333333333332,22.9,18.154166666666665,75.04166666666667,123.08333333333331,6.970833333333334,2.266666666666667,20.1,25.6,9.668333333333331,5.178333333333334,3.296666666666667,6.3625,,6.0,5.08,1.39,2.32,,27.06,5.24,6.94,10.46,,2
250,2021-01-21,0.0,1012.7166666666666,1420.8466666666666,23.745833333333334,19.40833333333333,77.125,117.04166666666669,7.941666666666667,2.5708333333333333,21.2,26.8,9.32375,5.180833333333333,2.2729166666666667,8.418750000000001,,6.0,5.05,0.47,6.05,,29.64,5.45,5.4,11.85,,3
251,2021-01-22,0.0,1013.7958333333332,1482.9066666666663,25.179166666666664,20.15833333333333,74.875,109.375,7.520833333333333,2.220833333333333,22.1,29.1,6.636666666666667,5.210833333333333,2.8766666666666665,8.820833333333333,,6.0,5.01,0.47,3.28,,14.72,5.61,6.68,14.15,,3
252,2021-01-23,0.0,1010.9916666666668,1575.0600000000002,25.58333333333333,20.354166666666668,74.29166666666667,111.58333333333331,5.720833333333332,1.820833333333333,21.5,30.5,8.848695652173912,5.388749999999999,4.175,8.995833333333334,,6.0,5.04,0.47,2.7,,22.64,5.99,11.5,17.35,,3
253,2021-01-24,0.5833333333333334,1006.4583333333334,1576.1933333333334,25.20833333333333,20.7625,78.375,184.08333333333331,4.55,1.4083333333333332,21.5,31.5,10.812083333333334,7.52625,9.105833333333337,9.195,,6.0,5.16,0.47,0.98,,29.46,20.33,24.48,23.74,,0
254,2021-01-25,0.0,1003.7041666666668,1723.7,25.42083333333333,20.0125,73.95833333333333,151.25,3.3416666666666672,1.15,20.6,31.1,10.829999999999998,7.161666666666666,11.705833333333333,9.265,,6.0,5.26,4.81,0.98,,63.23,15.05,27.03,26.99,,6
255,2021-01-26,0.775,1001.375,1506.15,25.433333333333337,21.316666666666663,79.66666666666667,197.625,4.820833333333334,1.425,22.7,31.8,11.991818181818184,12.376666666666663,15.22375,5.072916666666667,,6.0,5.05,6.64,0.98,,32.97,49.57,31.92,13.85,,4
256,2021-01-27,1.075,999.0125,664.02,24.92083333333333,22.225000000000005,85.83333333333333,206.54166666666663,4.245833333333333,1.2833333333333334,22.3,28.5,11.906666666666666,13.660000000000002,16.875,5.4975,,6.0,5.43,1.23,0.98,,40.49,83.15,36.31,11.58,,3
257,2021-01-28,0.0416666666666666,1001.8958333333334,619.55625,23.52083333333333,21.245833333333334,87.33333333333333,162.0,3.6833333333333336,1.1458333333333333,22.1,25.7,8.351666666666667,4.99875,8.965217391304348,6.745,,6.0,4.33,4.5,2.63,,28.41,5.65,15.96,12.57,,5
258,2021-01-29,0.2583333333333333,1000.0791666666668,1287.8266666666668,25.40833333333333,21.883333333333336,82.125,222.125,4.8375,1.525,21.2,30.2,10.017083333333334,9.367916666666668,11.182083333333331,5.7941666666666665,,6.0,4.55,0.47,0.98,,53.93,34.19,19.75,14.36,,3
259,2021-01-30,0.0,1001.9458333333332,1705.5142857142855,27.04583333333333,21.0,70.79166666666667,250.16666666666663,4.204166666666667,1.2875,23.9,31.6,6.858750000000001,6.347916666666667,10.802083333333334,8.276666666666667,,6.0,5.61,2.26,0.98,,17.86,8.83,23.12,17.94,,2
260,2021-01-31,0.2749999999999999,1003.0708333333332,1174.9533333333334,25.20416666666667,21.229166666666668,79.54166666666667,195.29166666666663,4.4750000000000005,1.15,21.6,27.6,8.972083333333332,5.548333333333333,5.654166666666666,7.825833333333333,,6.0,4.92,1.6,3.46,,26.81,7.03,12.96,15.73,,2
261,2021-02-01,0.0,1003.7374999999998,1816.9857142857145,26.620833333333334,21.4375,74.66666666666667,221.20833333333331,3.3791666666666664,1.1708333333333334,22.5,31.1,7.2175,7.643333333333333,9.21782608695652,9.032083333333333,,6.0,5.61,2.5,0.98,,19.33,16.7,19.21,22.04,,6
262,2021-02-02,0.1916666666666666,1004.5291666666666,1691.6285714285716,27.48333333333333,22.5,75.58333333333333,151.375,4.379166666666666,1.1875,24.2,32.4,15.9575,8.82625,14.471666666666666,12.017083333333332,,6.0,5.24,4.45,0.98,,35.19,22.75,39.34,33.22,,3
263,2021-02-03,0.1999999999999999,1005.5458333333332,539.0928571428572,25.07083333333333,22.741666666666664,87.41666666666667,178.45833333333334,3.2416666666666667,0.9166666666666666,23.5,29.1,10.925833333333337,6.840833333333333,14.745416666666666,4.365,,6.0,5.17,8.51,0.98,,47.58,15.82,29.39,16.98,,3
264,2021-02-04,0.5833333333333334,1001.7083333333334,1225.7214285714283,23.5,20.391666666666666,83.45833333333333,239.20833333333331,7.554166666666667,2.3000000000000003,21.2,24.9,8.0475,6.085,10.105833333333337,5.793333333333333,,6.0,5.13,2.96,0.98,,26.31,8.54,20.59,10.17,,0
265,2021-02-05,0.0,1003.8916666666668,1438.0,21.34166666666667,15.6625,71.0,240.79166666666663,7.204166666666667,2.091666666666667,18.2,25.1,8.086666666666666,8.662500000000001,8.601666666666667,5.251666666666666,,6.0,5.42,1.08,0.98,,23.28,25.34,25.97,8.61,,4
266,2021-02-06,0.0,1006.3666666666664,1972.6928571428573,22.1375,15.079166666666667,65.54166666666667,213.45833333333331,4.8,1.3291666666666666,18.2,27.7,10.257272727272728,6.702083333333333,9.081666666666669,6.249166666666667,,6.0,5.39,1.44,0.98,,24.15,11.54,24.69,14.31,,0
267,2021-02-07,0.0,1008.4541666666668,1801.8642857142856,23.09583333333333,17.541666666666668,71.95833333333333,190.875,3.8875,1.3125,19.2,27.9,13.895,7.290833333333334,7.633333333333333,7.293333333333333,,6.0,5.27,0.47,0.98,,28.92,31.1,21.66,15.25,,0
268,2021-02-08,0.0,1009.0458333333332,2098.0071428571428,23.433333333333334,16.7625,67.58333333333333,116.91666666666669,5.529166666666666,1.75,18.5,28.4,9.029166666666669,5.369583333333334,4.0616666666666665,6.40625,,6.0,5.11,1.07,0.98,,26.66,5.98,8.46,14.41,,7
269,2021-02-09,0.0,1008.7208333333334,1545.2714285714285,24.004166666666663,18.1875,72.125,110.79166666666669,5.1625000000000005,1.5666666666666669,19.5,29.8,10.678,7.513750000000001,3.41,8.120434782608696,,6.0,5.15,3.41,0.98,,28.18,16.76,3.41,22.72,,1
270,2021-02-10,0.0,1009.1,2069.492857142857,25.183333333333337,19.104166666666668,70.91666666666667,108.375,5.991666666666667,1.7916666666666667,21.5,30.4,11.128695652173912,6.47,,10.601363636363637,,6.0,5.68,,0.98,,26.19,13.28,,28.21,,4
271,2021-02-11,0.0,1008.1833333333334,1905.7076923076925,25.09166666666667,18.829166666666666,70.70833333333333,101.04166666666669,5.375,1.6916666666666664,21.2,29.8,13.199166666666663,6.5075,7.48391304347826,18.9725,,6.0,5.61,3.83,0.98,,30.91,8.79,12.6,46.66,,4
272,2021-02-12,0.0666666666666666,1007.2083333333334,1016.5,24.72083333333333,20.58333333333333,78.58333333333333,93.70833333333331,4.05,1.2708333333333333,22.5,28.3,14.827916666666669,6.584583333333334,12.39125,13.212916666666668,,6.0,6.02,4.04,0.98,,27.1,7.83,21.77,41.01,,4
273,2021-02-13,0.0916666666666666,1005.0583333333334,2033.642857142857,25.129166666666663,20.191666666666663,76.5,210.70833333333331,3.4708333333333337,1.1375,21.1,30.4,10.736666666666665,9.886666666666668,14.12791666666667,29.202916666666667,,6.0,6.21,4.77,0.98,,38.41,40.11,29.92,69.97,,0
274,2021-02-14,0.0,1002.0708333333332,1123.5857142857144,24.604166666666668,20.275,77.45833333333333,237.33333333333331,3.995833333333333,1.3666666666666665,22.8,29.0,10.235217391304348,17.023333333333333,14.4975,22.395416666666662,,6.0,6.22,5.63,4.79,,34.45,57.26,23.31,54.51,,1
275,2021-02-15,0.0083333333333333,1001.2,1596.5,23.83333333333333,19.179166666666664,76.5,260.2916666666667,4.041666666666667,1.0833333333333333,20.3,28.4,6.252083333333334,9.825833333333334,13.835416666666667,25.492500000000003,,6.0,6.29,4.29,3.53,,12.05,27.75,27.54,63.94,,1
276,2021-02-16,0.0499999999999999,1000.4166666666666,1550.178571428571,24.370833333333334,19.179166666666667,74.58333333333333,247.25,5.133333333333334,1.675,21.6,28.9,6.307083333333334,19.35166666666667,17.52625,17.830416666666668,,6.0,6.27,5.63,2.17,,13.37,108.5,45.14,41.19,,3
277,2021-02-17,0.0,1000.7541666666666,1932.4928571428568,24.149999999999995,17.0625,66.45833333333333,277.3333333333333,5.5625,1.7916666666666667,20.2,27.7,6.0,10.36,15.493333333333332,23.427916666666665,,6.0,6.54,4.04,2.51,,6.0,35.15,36.22,45.42,,1
278,2021-02-18,0.0,1001.7083333333334,1625.4928571428572,23.933333333333334,17.245833333333334,66.79166666666667,278.2083333333333,6.2625,1.925,20.8,27.6,6.0,13.967083333333337,14.943333333333332,19.09090909090909,,6.0,7.22,4.49,7.52,,6.0,36.61,26.61,38.06,,2
279,2021-02-19,0.0,1004.6791666666668,1787.1076923076923,24.42083333333333,18.308333333333334,70.58333333333333,232.95833333333331,3.8791666666666655,1.2791666666666666,20.3,28.9,6.266249999999999,9.140833333333331,14.566249999999998,18.50583333333333,,6.0,6.33,4.62,0.98,,12.39,24.22,34.27,46.03,,1
280,2021-02-20,0.0,1008.4916666666668,1346.6642857142856,23.854166666666668,18.804166666666667,75.04166666666667,150.16666666666666,3.6666666666666665,1.0958333333333332,20.3,28.1,7.512916666666666,7.81,12.917916666666663,30.41708333333333,,6.0,6.28,4.78,0.98,,21.91,11.95,29.95,93.38,,3
281,2021-02-21,0.0,1009.4458333333332,1962.7384615384617,25.35,19.6875,73.58333333333333,114.875,4.9125000000000005,1.625,21.1,30.6,6.31625,6.563333333333333,2.367083333333333,28.75500000000001,,6.0,6.22,0.47,3.36,,13.59,7.72,7.81,60.08,,3
282,2021-02-22,0.0,1006.3416666666666,1942.0538461538465,26.991666666666664,19.2,65.0,154.75,4.025,1.25,21.9,33.3,6.25875,10.020416666666666,10.5575,31.007500000000004,,6.0,6.26,3.57,0.98,,12.21,43.61,24.0,67.92,,5
283,2021-02-23,0.0666666666666666,1005.025,926.9846153846156,26.35,20.3375,70.20833333333333,213.79166666666663,4.05,1.0541666666666665,23.2,28.6,6.264583333333333,9.818333333333332,12.359583333333331,30.982916666666668,,6.0,6.68,6.55,7.54,,12.35,20.06,27.65,84.86,,3
284,2021-02-24,0.0,1008.6583333333332,2027.923076923077,25.02083333333333,16.116666666666667,59.66666666666666,132.75,4.9,1.3625,21.2,29.3,6.0,6.495,4.185,28.420416666666664,,6.0,6.29,0.47,4.62,,6.0,6.98,13.0,53.83,,2
285,2021-02-25,0.0,1008.6583333333332,2037.8,24.229166666666668,17.358333333333334,67.91666666666667,119.41666666666669,5.55,1.8541666666666667,19.8,29.1,6.286666666666666,6.465416666666667,4.10875,21.496666666666663,,6.0,6.28,0.47,0.98,,12.88,6.91,8.8,40.51,,5
286,2021-02-26,0.0,1009.4791666666666,1963.715384615385,24.316666666666663,17.3125,66.29166666666667,114.79166666666669,7.166666666666667,2.1375,19.9,28.4,6.0,6.604583333333333,3.495416666666667,18.144583333333333,,6.0,6.39,0.47,0.98,,6.0,7.1,11.3,39.14,,6
287,2021-02-27,0.0,1012.7458333333334,1873.0153846153844,24.904166666666665,18.225,67.33333333333333,117.41666666666669,8.316666666666665,2.516666666666667,21.4,28.8,6.0,6.6137500000000005,1.6079166666666669,20.02083333333333,,6.0,6.47,0.47,6.48,,6.0,6.78,5.47,31.86,,2
288,2021-02-28,0.0,1012.225,1341.9076923076923,24.558333333333337,19.7375,74.91666666666667,118.25,9.0375,2.766666666666667,21.5,27.2,6.0,6.732916666666667,0.5183333333333332,22.36916666666666,,6.0,6.65,0.47,13.23,,6.0,6.76,1.63,30.03,,3
289,2021-03-01,0.0,1007.6208333333334,1262.6230769230767,24.879166666666663,20.4,77.33333333333333,109.29166666666669,6.400000000000001,1.9375,22.0,29.3,6.0,6.8133333333333335,3.737916666666667,24.76708333333333,,6.0,6.69,0.47,12.75,,6.0,7.27,7.62,40.81,,2
290,2021-03-02,0.0,1005.8875,1773.4076923076923,26.254166666666663,20.433333333333334,72.29166666666667,153.79166666666666,4.9875,1.625,22.0,31.1,6.309166666666667,9.281666666666668,5.505416666666666,30.25,,6.0,6.7,1.35,0.98,,13.42,39.55,13.14,80.48,,2
291,2021-03-03,0.0,1007.0958333333332,1322.5153846153846,26.65416666666667,21.854166666666668,76.5,135.70833333333334,4.266666666666667,1.2916666666666667,23.3,31.5,6.38625,8.92,6.388333333333333,32.46,,6.0,6.81,2.19,3.21,,15.27,21.89,15.52,85.96,,4
292,2021-03-04,0.4749999999999999,1004.5333333333332,386.40769230769234,24.791666666666668,22.58333333333333,87.70833333333333,128.04166666666666,4.091666666666667,1.2,22.3,26.8,6.0,7.025,6.94,20.53958333333333,,6.0,6.87,0.47,3.79,,6.0,7.18,15.22,39.3,,4
293,2021-03-05,0.5833333333333334,1000.1458333333334,609.6230769230768,22.25,20.75,91.45833333333331,267.2083333333333,3.520833333333333,1.0833333333333333,20.9,24.2,6.524166666666666,7.473333333333334,9.312916666666668,11.003750000000002,,6.0,7.06,3.38,0.98,,18.58,8.85,15.43,34.67,,1
294,2021-03-06,0.0,1003.7666666666668,1534.7923076923075,22.766666666666666,17.804166666666667,74.58333333333333,212.04166666666663,4.304166666666667,1.3999999999999997,19.9,25.4,6.0,7.421666666666667,5.355,17.334999999999997,,6.0,7.11,0.47,0.98,,6.0,9.52,18.66,52.21,,2
295,2021-03-07,0.0,1006.8666666666668,1659.430769230769,22.495833333333334,16.45416666666667,70.875,150.20833333333334,3.3458333333333337,1.0916666666666668,17.2,27.7,6.0,7.375,4.115833333333334,22.481666666666666,,6.0,7.13,0.47,0.98,,6.0,8.6,16.32,52.82,,1
296,2021-03-08,0.0,1006.0,1902.353846153846,24.45,18.73333333333333,72.375,173.83333333333334,3.8625,1.1375,20.2,30.3,8.092857142857142,11.8425,7.515000000000001,26.186666666666667,,6.0,7.32,2.45,0.98,,23.43,56.69,23.36,64.44,,4
297,2021-03-09,0.4666666666666667,1006.6583333333332,1374.423076923077,23.445833333333336,19.23333333333333,78.33333333333333,150.79166666666666,4.754166666666666,1.3500000000000003,20.4,26.6,8.197083333333333,7.904090909090908,5.027083333333333,18.723636363636363,,6.0,7.52,0.47,4.5,,21.77,9.29,14.71,32.87,,7
298,2021-03-10,0.0,1006.3624999999998,1573.5,22.84583333333333,17.433333333333334,73.41666666666667,154.79166666666666,4.191666666666666,1.2541666666666669,19.2,26.1,11.10375,7.969166666666666,8.497083333333334,16.746666666666666,,6.0,7.66,0.47,0.98,,32.26,8.27,29.03,37.53,,7
299,2021-03-11,0.0,1005.8125,1657.3076923076924,22.4125,17.008333333333333,73.375,197.125,3.1958333333333333,1.075,18.3,27.6,21.61458333333333,10.583333333333334,9.882083333333334,19.495,,6.0,7.92,3.38,0.98,,70.52,28.31,16.71,50.9,,4
300,2021-03-12,0.0,1008.0541666666668,1479.3384615384614,23.45416666666667,17.895833333333332,72.875,148.875,3.15,1.0125,18.9,27.9,14.912608695652176,8.954583333333334,9.785833333333333,24.13208333333333,,6.0,7.9,4.51,0.98,,37.53,12.72,27.57,85.32,,1
301,2021-03-13,0.0,1008.5791666666664,1908.4846153846156,24.17083333333333,17.462500000000002,68.5,162.375,3.695833333333333,1.1541666666666668,18.7,30.1,16.532,9.408333333333331,7.080416666666667,30.814166666666665,,6.0,7.97,2.12,0.98,,40.84,21.48,16.62,79.46,,3
302,2021-03-14,0.0,1009.0782608695652,1698.15,24.247826086956525,20.330434782608695,80.47826086956522,150.43478260869566,4.313043478260869,1.308695652173913,20.3,29.6,14.722916666666665,10.070416666666668,5.072916666666667,22.175,,6.0,8.02,0.47,0.98,,34.51,28.57,21.81,55.87,,2
303,2021-03-15,0.0,1009.4541666666668,1255.1,24.09166666666667,18.85833333333333,73.5,116.95833333333331,5.066666666666666,1.7,21.1,27.6,10.705833333333336,8.112083333333333,3.3941666666666666,24.379583333333333,,6.0,7.77,0.47,3.92,,21.23,8.33,14.34,38.47,,4
304,2021-03-16,0.0,1004.9791666666666,1780.8307692307694,26.78333333333333,20.4625,70.04166666666667,144.16666666666666,5.2625,1.6125,22.5,33.0,17.04375,10.64625,7.935416666666668,40.12916666666667,,6.0,7.89,0.47,8.55,,47.74,33.54,17.6,113.3,,4
305,2021-03-17,0.5916666666666667,1001.9,1137.7615384615383,25.604166666666668,21.579166666666666,79.45833333333333,190.33333333333331,6.270833333333333,1.9166666666666667,21.9,28.7,13.002727272727272,9.34875,9.384583333333332,30.89583333333333,,6.0,7.93,3.18,5.47,,45.29,22.24,15.82,56.82,,4
306,2021-03-18,0.0,1007.8083333333334,967.8076923076924,22.941666666666663,17.779166666666665,73.04166666666667,196.75,4.895833333333333,1.35,20.4,25.0,7.603750000000001,8.342916666666666,6.348333333333333,23.322916666666668,,6.0,8.07,1.62,7.09,,33.17,9.32,14.71,37.61,,4
307,2021-03-19,0.0,1010.6875,1308.8615384615384,22.575,17.345833333333335,73.29166666666667,107.70833333333331,5.520833333333333,1.7625,19.4,26.2,10.261818181818182,8.22125,5.06875,20.266666666666666,,6.0,7.96,1.33,2.97,,22.36,8.66,12.27,38.41,,1
308,2021-03-20,0.0,1008.9499999999998,1783.3461538461538,25.633333333333336,18.7125,67.875,99.16666666666669,4.904166666666666,1.4541666666666666,21.1,33.0,11.433043478260869,8.361666666666666,6.41875,24.243749999999995,,6.0,8.05,3.22,0.98,,34.47,8.59,10.34,58.1,,3
309,2021-03-21,0.125,1008.2708333333334,601.6846153846154,25.04583333333333,21.6375,81.875,203.66666666666663,4.441666666666666,1.2625,23.5,26.3,10.783333333333331,12.586666666666668,8.100416666666666,16.910416666666666,,6.0,7.81,1.94,2.78,,30.9,60.87,18.08,31.6,,7
310,2021-03-22,0.0833333333333333,1011.9458333333332,633.2846153846154,23.02916666666667,20.0875,84.125,142.125,4.791666666666667,1.3375,21.1,24.6,6.2995833333333335,8.235416666666667,4.761666666666667,21.49625,,6.0,7.71,0.99,9.25,,13.19,8.7,10.0,33.37,,5
311,2021-03-23,0.15,1010.0625,422.0076923076923,22.066666666666663,20.09583333333333,88.70833333333333,151.20833333333334,4.320833333333333,1.2708333333333333,21.0,23.0,9.032083333333333,8.199166666666668,7.949583333333333,16.343333333333334,,6.0,7.65,0.47,6.72,,24.48,8.89,21.19,27.35,,3
312,2021-03-24,0.0166666666666666,1011.5,1082.123076923077,22.48333333333333,19.32916666666667,83.08333333333333,115.625,4.920833333333333,1.5583333333333331,19.7,26.4,7.28,7.800833333333333,3.5537499999999995,23.683750000000003,,6.0,7.45,0.47,3.7,,26.11,8.27,12.07,37.5,,4
313,2021-03-25,0.0,1009.2916666666666,1712.7076923076927,25.004166666666663,20.054166666666667,76.29166666666667,104.45833333333331,4.1125,1.3666666666666665,20.1,31.8,9.723333333333334,8.73125,7.652500000000001,21.524583333333336,,6.0,7.41,3.26,0.98,,31.16,23.51,19.68,52.12,,6
314,2021-03-26,0.5750000000000001,1006.275,861.5083333333333,24.087499999999995,20.8,82.75,180.54166666666663,4.752173913043478,1.3333333333333333,21.7,28.8,9.938333333333334,9.729166666666666,13.095416666666663,24.491666666666664,,6.0,8.51,1.93,4.83,,27.93,16.03,36.79,50.17,,4
315,2021-03-27,0.0083333333333333,1006.5791666666668,556.2846153846153,22.975,20.729166666666668,87.54166666666667,274.8333333333333,3.725,1.1791666666666667,21.7,24.5,10.827826086956522,10.015833333333331,11.97375,13.465416666666664,,6.0,7.68,4.44,0.98,,34.17,30.59,22.28,28.21,,1
316,2021-03-28,0.0583333333333333,1005.9166666666666,1187.784615384615,23.754166666666663,20.766666666666666,84.16666666666667,277.875,4.2375,1.4458333333333335,21.8,26.4,8.700000000000001,14.275833333333331,10.118333333333332,15.821666666666667,,6.0,7.71,2.42,0.98,,28.41,40.16,21.73,44.12,,5
317,2021-03-29,0.0,1006.6666666666666,1286.1692307692306,22.350000000000005,17.258333333333333,74.54166666666667,257.7083333333333,5.3,1.6666666666666667,19.9,24.2,6.95625,9.942083333333334,7.6325,19.936666666666667,,6.0,8.64,2.7,6.42,,22.35,22.18,21.15,38.5,,1
318,2021-03-30,0.1583333333333333,1006.7958333333332,946.9230769230768,20.22083333333333,16.224999999999998,77.875,238.0,5.141666666666667,1.3458333333333332,17.8,23.6,9.441666666666666,14.52833333333333,11.932083333333331,14.621666666666668,,6.0,8.52,2.57,0.98,,23.01,45.56,22.13,30.23,,2
319,2021-03-31,0.0083333333333333,1008.5875,1465.9769230769232,20.6875,15.7875,75.04166666666667,218.08333333333331,4.1375,1.2083333333333333,17.4,24.6,10.977777777777778,8.493333333333334,10.473333333333333,12.3325,,6.0,7.93,1.24,0.98,,28.59,9.0,23.1,32.35,,6
320,2021-04-01,0.0083333333333333,1009.5,1193.7076923076925,20.60833333333333,16.420833333333334,78.29166666666667,145.95833333333334,4.458333333333333,1.2958333333333334,17.8,24.7,12.576875,16.34952380952381,11.563333333333334,16.88047619047619,,6.0,8.16,1.48,0.98,,27.73,76.28,23.16,43.81,,2
321,2021-04-02,0.0,1012.7666666666668,1097.4615384615386,19.745833333333334,15.979166666666666,79.16666666666667,134.70833333333334,5.141666666666667,1.6083333333333332,17.0,23.0,11.937083333333334,9.70125,5.005,18.820833333333336,,6.0,8.51,0.47,0.98,,23.8,22.04,22.89,34.26,,3
322,2021-04-03,0.0,1012.8333333333334,1479.1615384615384,21.945833333333336,17.429166666666664,77.25,104.20833333333331,5.179166666666667,1.6291666666666669,18.2,27.8,10.76125,10.245,3.758333333333333,26.37875,,6.0,8.5,0.47,10.9,,37.83,25.74,14.28,48.88,,3
323,2021-04-04,0.0,1012.3958333333334,1586.453846153846,22.979166666666668,17.55,73.875,106.41666666666669,4.966666666666666,1.6666666666666667,18.3,28.7,11.002083333333331,8.73625,3.6020833333333333,18.24625,,6.0,8.4,0.47,0.98,,21.94,9.11,10.04,40.94,,1
324,2021-04-05,0.0,1011.625,1493.7615384615383,23.5375,17.52916666666667,70.875,105.20833333333331,4.179166666666666,1.3458333333333332,19.1,29.5,9.195,8.814166666666667,6.262083333333334,19.49416666666667,,6.0,8.4,1.77,0.98,,26.13,9.18,11.06,48.32,,4
325,2021-04-06,0.0,1011.0416666666666,1392.1692307692306,24.116666666666664,17.979166666666668,70.5,131.08333333333334,3.970833333333333,1.2125,20.3,29.3,12.8295,10.845833333333331,10.040416666666667,22.467916666666667,,6.0,8.36,3.65,0.98,,29.73,23.93,26.34,61.88,,5
326,2021-04-07,0.0,1012.65,1588.284615384615,23.508333333333336,17.695833333333336,71.875,94.20833333333331,5.145833333333334,1.6375000000000002,19.1,28.5,10.708181818181815,9.105416666666668,6.633333333333333,18.61583333333333,,6.0,8.66,1.99,0.98,,22.83,9.47,17.29,44.13,,2
327,2021-04-08,0.0,1012.5583333333334,1436.0,24.854166666666668,17.020833333333332,62.958333333333336,114.83333333333331,4.295833333333333,1.275,21.3,30.2,18.47375,9.10625,10.468333333333334,19.475,,6.0,8.65,3.14,0.98,,48.42,10.05,22.5,49.6,,1
328,2021-04-09,0.0,1010.225,1489.369230769231,25.916666666666668,18.179166666666667,64.58333333333333,214.75,3.8166666666666655,1.2291666666666667,21.0,32.4,20.395909090909093,15.690833333333332,16.427083333333332,21.335416666666664,,6.0,8.57,6.48,0.98,,51.06,65.52,40.15,57.09,,3
329,2021-04-10,0.0,1006.8791666666666,1322.025,27.67083333333333,18.916666666666668,60.0,201.95833333333331,3.391666666666667,1.1666666666666667,24.1,32.3,21.297,15.86625,17.6425,26.582916666666662,,6.0,8.93,7.07,0.98,,66.56,56.14,33.27,59.66,,5
330,2021-04-11,0.0083333333333333,1003.8166666666666,1112.5384615384614,26.75,18.120833333333334,60.91666666666666,234.33333333333331,5.495833333333334,1.825,23.5,32.5,17.888666666666666,17.40375,10.165416666666664,30.9975,,6.0,9.18,0.47,2.92,,51.28,70.78,23.87,60.89,,5
331,2021-04-12,0.0,1011.1416666666664,1149.1153846153843,21.2625,15.0875,68.41666666666667,201.16666666666663,6.004166666666666,1.8291666666666664,18.3,24.9,9.697058823529412,9.579166666666666,7.786666666666666,20.004583333333333,,6.0,9.09,1.33,2.26,,30.99,10.44,21.76,38.3,,6
332,2021-04-13,0.0,1014.8166666666666,851.8166666666666,21.104166666666668,16.154166666666665,74.66666666666667,100.58333333333331,3.4249999999999994,1.0583333333333331,18.6,24.0,15.697916666666666,9.00125,10.340000000000002,16.796249999999997,,6.0,8.62,2.13,0.98,,30.17,9.93,29.61,40.07,,2
333,2021-04-14,0.0,1013.1958333333332,1625.3000000000002,21.433333333333334,14.625,67.25,105.75,4.95,1.5916666666666668,17.0,26.9,12.905833333333332,9.448333333333332,8.874166666666667,20.8625,,6.0,8.63,2.23,0.98,,33.55,11.04,15.7,45.67,,6
334,2021-04-15,0.0,1010.7125,1215.5333333333333,22.44583333333333,15.3375,65.29166666666667,146.45833333333334,3.4958333333333336,1.0458333333333334,18.5,27.3,18.7925,12.555833333333334,14.080833333333333,20.804166666666664,,6.0,8.72,3.06,0.98,,46.99,43.17,38.03,63.89,,9
335,2021-04-16,0.0,1008.3291666666668,1380.85,24.3,17.245833333333334,66.25,199.54166666666663,2.9625000000000004,1.1291666666666669,20.6,28.0,32.88666666666666,14.95125,17.471666666666664,30.13875,,6.0,9.66,5.19,0.98,,56.81,50.37,34.58,70.65,,5
336,2021-04-17,0.0,1009.7791666666668,904.7846153846154,23.24166666666667,18.65833333333333,75.875,135.91666666666666,4.775,1.4708333333333332,21.5,25.1,44.99,9.399545454545454,8.766818181818183,22.453181818181815,,17.69,8.93,1.52,0.98,,100.0,10.01,17.15,43.7,,1
337,2021-04-18,0.0,1011.7291666666666,1053.0166666666669,22.0625,18.1375,79.5,122.16666666666669,6.05,1.9333333333333331,19.8,25.1,9.345,8.9225,4.30125,18.12333333333333,,6.0,8.78,0.47,0.98,,22.39,9.18,10.16,34.07,,6
338,2021-04-19,0.0,1013.7916666666666,1116.5416666666667,21.008333333333336,15.366666666666667,72.04166666666667,109.58333333333331,4.379166666666666,1.5583333333333331,17.0,24.9,11.51125,9.117083333333332,7.821666666666666,17.262916666666666,,6.0,8.83,1.89,0.98,,26.94,10.09,19.29,39.16,,3
339,2021-04-20,0.0083333333333333,1014.5916666666668,1354.3666666666668,21.541666666666668,15.729166666666666,71.75,125.29166666666669,6.491666666666667,2.029166666666667,18.7,25.1,13.459583333333333,9.116666666666667,5.239166666666666,22.07409090909091,,6.0,8.83,0.94,7.7,,29.96,12.13,14.03,32.74,,4
340,2021-04-21,0.0,1014.7,1192.0454545454545,21.3,17.075,77.58333333333333,105.75,7.620833333333333,2.2125,19.3,24.3,12.206666666666663,9.082916666666668,2.7687500000000003,24.24125,,6.0,8.86,0.47,4.63,,25.65,9.76,8.28,35.99,,4
341,2021-04-22,0.0,1013.5125000000002,1294.9,21.2125,14.925000000000002,68.54166666666667,103.41666666666669,6.691666666666667,1.9708333333333328,17.4,25.2,15.179583333333332,9.024583333333334,5.991666666666667,24.64208333333333,,6.0,8.8,1.12,0.98,,26.13,9.72,20.8,41.25,,7
342,2021-04-23,0.0,1011.2,1374.5,21.27083333333333,15.6375,72.04166666666667,91.25,4.808333333333334,1.4208333333333334,16.9,27.3,12.757916666666668,9.245833333333332,8.380416666666667,18.019166666666667,,6.0,8.92,2.12,0.98,,35.57,9.94,19.75,39.72,,2
343,2021-04-24,0.0,1007.4958333333334,1257.2,21.754166666666663,15.241666666666667,69.16666666666667,159.33333333333334,2.9375,0.9500000000000002,16.1,27.4,17.6525,13.860833333333334,13.837916666666668,30.13083333333333,,6.0,9.06,4.05,0.98,,35.39,51.03,60.42,76.87,,3
344,2021-04-25,1.0833333333333333,1007.2791666666668,653.8416666666667,19.575,17.295833333333334,87.125,234.75,4.858333333333333,1.3791666666666669,18.1,23.0,7.543888888888889,10.101363636363637,6.097727272727273,17.661818181818184,,6.0,9.13,0.47,2.13,,27.16,18.23,15.63,31.37,,6
345,2021-04-26,0.0083333333333333,1010.2708333333334,910.2416666666668,17.441666666666666,12.083333333333334,71.08333333333333,235.75,4.3,1.3416666666666668,14.6,20.5,8.23625,21.651666666666667,12.975,16.746666666666666,,6.0,9.17,1.6,0.98,,23.12,107.1,28.89,45.76,,2
346,2021-04-27,0.0,1011.9500000000002,1528.0,17.670833333333334,11.0875,67.125,237.41666666666663,4.029166666666667,1.2625000000000002,14.9,21.4,10.655,9.463333333333331,14.444166666666668,14.799166666666665,,6.0,8.94,1.82,0.98,,32.23,11.04,40.38,44.2,,1
347,2021-04-28,0.0,1014.3583333333332,1153.9636363636364,16.275000000000002,11.9125,76.20833333333333,239.70833333333331,3.3541666666666665,1.1083333333333334,12.0,21.2,16.900000000000002,11.296666666666669,17.159583333333334,14.211666666666666,,6.0,9.28,3.83,0.98,,34.54,26.26,32.12,52.46,,1
348,2021-04-29,0.0083333333333333,1017.6541666666668,1470.9363636363637,17.666666666666668,13.083333333333334,76.91666666666667,136.5,2.9249999999999994,1.0208333333333333,13.9,22.8,14.24,9.457916666666666,11.12,18.762083333333333,,6.0,9.13,4.15,0.98,,28.33,10.14,25.34,48.52,,3
349,2021-04-30,0.0,1017.2333333333332,1408.3909090909092,19.016666666666666,13.570833333333333,73.41666666666667,137.45833333333334,3.3000000000000003,1.1125,14.0,25.9,13.71875,14.110416666666666,15.369583333333331,22.45,,6.0,9.59,4.72,0.98,,28.36,52.2,45.82,59.53,,3
350,2021-05-01,0.0,1014.4083333333332,1412.809090909091,19.89583333333333,13.108333333333334,68.29166666666667,114.95833333333331,3.1666666666666665,1.0166666666666666,14.1,26.1,18.02583333333333,9.660416666666668,12.122083333333334,19.81875,,6.0,9.31,5.55,0.98,,43.61,10.08,25.69,56.68,,0
351,2021-05-02,0.0,1012.0,1368.009090909091,21.05,14.675,70.125,150.54166666666666,2.7625,0.9541666666666666,14.8,28.6,22.47958333333333,12.83625,11.475833333333334,26.09083333333333,,6.0,9.22,6.22,0.98,,37.56,26.49,22.15,67.24,,1
352,2021-05-03,0.0,1009.4125,1342.5181818181818,23.587499999999995,15.841666666666669,64.25,157.08333333333334,3.0041666666666664,1.0333333333333334,17.2,31.5,24.535,14.311666666666667,20.506666666666668,24.094090909090905,,6.0,9.37,9.87,0.98,,52.38,36.09,34.59,64.61,,7
353,2021-05-04,0.225,1008.2041666666668,478.9181818181818,22.90416666666667,17.370833333333334,72.125,164.66666666666666,3.879166666666667,1.125,20.8,26.5,23.207083333333333,12.457083333333337,17.585416666666667,20.243333333333336,,6.0,9.36,2.78,0.98,,38.18,48.66,36.5,43.55,,7
354,2021-05-05,0.6666666666666666,1013.9541666666668,161.10833333333335,16.283333333333335,14.566666666666668,89.79166666666667,166.41666666666666,4.491666666666667,1.0583333333333331,14.3,18.1,7.166363636363636,9.545454545454543,11.814090909090908,15.536363636363635,,6.0,9.43,0.47,0.98,,23.25,9.91,21.38,31.13,,6
355,2021-05-06,0.0583333333333333,1014.3833333333332,462.3,14.808333333333332,11.391666666666666,80.66666666666667,218.0,5.233333333333333,1.5,13.8,16.2,7.540833333333334,10.489166666666668,11.634166666666667,17.903333333333332,,6.0,9.39,0.47,4.07,,16.36,21.81,28.83,30.0,,7
356,2021-05-07,0.0,1018.275,1441.5181818181818,13.762499999999998,9.8375,78.79166666666667,253.25,3.7125,1.2791666666666666,9.8,18.9,15.217916666666667,16.2525,14.650833333333331,13.157083333333333,,6.0,9.56,4.27,0.98,,46.63,81.53,36.84,47.27,,5
357,2021-05-08,0.0,1021.025,1371.0909090909092,14.925000000000002,10.804166666666664,78.95833333333333,150.375,2.5875,0.975,10.2,21.0,15.983333333333333,10.531249999999998,11.174166666666666,21.86916666666667,,6.0,9.37,5.94,0.98,,33.18,20.1,30.39,58.09,,1
358,2021-05-09,0.0083333333333333,1018.7416666666668,1326.7363636363636,16.787499999999998,12.1625,76.125,131.04166666666666,3.4,1.1541666666666666,11.7,22.9,12.16125,13.26,9.749166666666667,19.391666666666666,,6.0,9.59,2.83,0.98,,29.46,38.96,30.88,54.04,,3
359,2021-05-10,0.0,1013.5625,1150.4454545454546,18.979166666666668,13.954166666666666,74.54166666666667,197.16666666666663,3.325,1.1166666666666667,14.0,24.8,15.091666666666669,28.512083333333333,15.906666666666666,15.229583333333332,,6.0,9.64,2.97,0.98,,37.39,167.6,41.48,43.01,,4
360,2021-05-11,0.6666666666666666,1013.4166666666666,1055.7181818181818,16.083333333333332,12.429166666666664,79.91666666666667,181.45833333333331,5.8875,1.3125,14.4,18.4,7.8125,9.866666666666667,8.215,22.594583333333333,,6.0,9.56,0.47,0.98,,19.48,10.45,24.21,39.29,,7
361,2021-05-12,0.0,1015.0625,1352.0636363636363,14.204166666666666,7.579166666666667,65.625,223.25,3.170833333333333,1.0041666666666669,10.9,18.7,17.1025,12.738333333333337,15.515,13.407083333333333,,6.0,9.8,4.61,0.98,,36.79,37.53,39.11,46.91,,7
362,2021-05-13,0.0083333333333333,1016.9666666666668,1334.4272727272728,12.9375,8.25,75.70833333333333,206.75,2.5,0.9541666666666666,9.1,18.7,22.63625,35.49041666666667,22.88833333333333,15.126666666666669,,6.0,9.86,9.62,0.98,,34.37,174.1,48.31,56.5,,3
363,2021-05-14,0.0,1016.3333333333334,1125.9545454545455,12.795833333333334,8.887500000000001,78.66666666666667,127.45833333333331,2.495833333333333,0.8583333333333334,7.8,19.4,25.358571428571427,12.8075,23.48125,13.362499999999995,,6.0,9.67,6.84,0.98,,56.25,26.26,64.41,55.23,,6
364,2021-05-15,0.0083333333333333,1014.6041666666666,1126.9545454545455,13.570833333333333,11.341666666666669,87.20833333333333,148.70833333333334,2.558333333333333,0.9208333333333334,9.0,19.4,33.465,36.04375,21.2675,17.51125,,16.61,10.78,10.33,0.98,,48.64,273.2,54.07,71.94,,3
365,2021-05-16,0.0,1013.725,942.8545454545456,15.595833333333331,13.449999999999998,87.66666666666667,144.29166666666666,2.6333333333333333,0.875,12.4,20.2,26.10833333333333,35.50333333333333,16.24166666666667,11.686666666666667,,6.0,11.45,6.31,0.98,,50.89,196.1,32.66,46.76,,3
366,2021-05-17,0.0,1012.1833333333332,984.5636363636364,16.395833333333332,13.362500000000002,83.33333333333333,205.875,3.4375,1.1208333333333331,14.7,20.3,17.369583333333335,16.179583333333333,14.185416666666669,21.212083333333336,,6.0,11.71,3.48,0.98,,33.53,40.36,27.79,47.0,,6
367,2021-05-18,0.0,1013.575,1292.809090909091,14.675000000000002,9.7875,74.25,212.95833333333331,3.1833333333333336,1.0333333333333334,10.7,18.9,18.50708333333333,11.966666666666669,18.3875,18.22583333333333,,6.0,11.22,4.23,0.98,,40.48,12.73,34.34,52.53,,7
368,2021-05-19,0.0083333333333333,1011.85,1247.4454545454546,12.795833333333334,8.950000000000001,79.29166666666667,154.0,2.145833333333333,0.7624999999999998,8.7,17.9,23.294166666666666,15.59375,23.99208333333333,17.795416666666668,,6.0,10.89,6.33,0.98,,51.92,33.24,95.75,73.52,,6
369,2021-05-20,0.0,1010.2375,490.95454545454544,13.395833333333334,10.145833333333334,81.375,100.70833333333331,2.5916666666666663,0.8125,10.9,16.7,25.53333333333333,12.28875,21.010416666666668,6.346666666666667,,6.0,11.09,7.34,0.98,,42.54,14.38,39.59,34.83,,6
370,2021-05-21,1.075,1006.6916666666666,247.09090909090904,15.5375,13.529166666666669,88.125,109.1304347826087,4.882608695652174,1.4,14.2,18.2,13.595,17.438333333333333,15.459583333333336,12.306666666666668,,6.0,11.0,1.85,0.98,,33.62,62.42,34.22,40.31,,5
371,2021-05-22,0.975,1001.1208333333334,860.8454545454545,17.96666666666667,15.375,86.16666666666667,196.29166666666663,6.3791666666666655,1.7166666666666668,15.9,21.2,10.357916666666666,14.84375,8.825833333333332,21.377916666666664,,6.0,10.6,0.47,0.98,,28.65,44.46,25.69,40.15,,6
372,2021-05-23,0.0,1003.9500000000002,398.0545454545455,14.4625,7.95,65.125,306.5416666666667,10.562499999999998,3.6666666666666665,13.7,15.1,12.53125,212.0945833333333,13.739166666666668,21.472916666666663,,6.0,20.29,3.32,6.19,,26.79,561.1,29.79,31.49,,7
373,2021-05-24,0.0,1009.5416666666666,1012.6,13.7875,7.666666666666667,66.875,281.2083333333333,9.833333333333334,2.9666666666666663,11.7,15.4,7.585833333333333,23.544583333333332,10.634583333333332,24.637083333333333,,6.0,12.16,2.19,2.37,,20.36,102.0,39.32,38.75,,5
374,2021-05-25,0.0,1013.4291666666668,1259.8727272727272,13.125,7.145833333333333,68.29166666666667,285.2083333333333,4.679166666666666,1.5583333333333331,9.1,18.5,17.025833333333335,78.47125,18.82166666666667,17.39125,,6.0,13.08,7.03,0.98,,45.42,484.1,43.45,44.78,,9
375,2021-05-26,0.0,1013.4708333333334,1236.009090909091,13.041666666666666,8.545833333333334,76.16666666666667,261.75,2.4541666666666666,0.9958333333333332,8.7,19.1,23.605416666666667,17.29625,23.019583333333333,15.40625,,6.0,11.54,11.37,0.98,,48.0,42.87,46.82,77.15,,7
376,2021-05-27,0.0083333333333333,1009.4375,1241.609090909091,14.4,9.641666666666666,76.0,227.75,2.545833333333333,0.8583333333333334,10.0,22.0,33.19041666666667,19.45125,25.294166666666666,14.77875,,6.0,11.42,10.6,0.98,,75.38,116.9,46.7,50.67,,7
377,2021-05-28,2.4916666666666667,1001.2125,88.51818181818182,14.904166666666669,12.091666666666669,84.0,130.91666666666666,3.8416666666666655,1.1916666666666669,11.8,17.3,26.247083333333336,12.520833333333334,17.920833333333334,8.21125,,6.0,11.43,2.19,0.98,,56.44,13.91,33.4,41.79,,6
378,2021-05-29,0.6666666666666666,1002.9875,1090.3545454545454,16.837500000000002,13.358333333333334,81.95833333333333,244.79166666666663,5.191666666666666,1.6083333333333334,15.0,20.0,8.168750000000001,13.851666666666668,10.667083333333332,20.064166666666665,,6.0,10.75,3.14,0.98,,32.49,47.72,26.37,39.27,,2
379,2021-05-30,0.0,1014.6958333333332,1261.0545454545454,11.6875,2.4083333333333337,56.0,231.79166666666663,4.333333333333333,1.2333333333333334,7.8,14.4,13.167083333333332,11.784999999999998,9.115416666666668,17.848333333333333,,6.0,10.71,0.47,0.98,,35.85,16.28,24.64,57.84,,7
380,2021-05-31,0.0,1015.2875,1214.4727272727273,9.754166666666666,4.6125,72.41666666666667,195.75,2.4541666666666666,0.9375,5.0,16.2,21.175416666666667,17.287499999999998,17.355416666666667,10.635,,6.0,10.8,7.39,0.98,,64.46,82.44,33.93,55.06,,4
381,2021-06-01,0.0083333333333333,1010.0583333333334,1089.0636363636363,13.025,7.779166666666666,73.33333333333333,215.25,1.8458333333333328,0.7041666666666666,8.0,20.8,31.98375,18.840833333333336,25.90625,11.142499999999998,,6.0,11.04,7.75,0.98,,65.62,103.7,57.61,47.35,,6
382,2021-06-02,0.0,1006.6999999999998,814.2454545454547,16.59166666666667,12.058333333333332,75.25,207.70833333333331,3.1833333333333336,1.075,13.0,22.2,26.207894736842103,26.33125,20.81375,11.50625,,6.0,12.05,7.17,0.98,,42.83,243.6,44.92,37.78,,6
383,2021-06-03,0.0,1012.4333333333334,1141.7181818181818,14.995833333333332,10.9,78.25,184.83333333333331,2.4625,0.8000000000000002,10.1,21.4,19.877916666666668,22.45958333333333,17.349166666666665,13.72625,,6.0,11.64,5.52,0.98,,51.22,105.9,39.78,43.0,,3
384,2021-06-04,0.0,1010.9583333333334,988.9636363636364,18.129166666666663,13.775,77.95833333333333,167.04166666666666,2.4833333333333334,0.975,10.9,28.2,28.4125,12.237916666666669,21.072916666666668,10.59875,,13.0,11.1,3.73,0.98,,56.12,13.51,50.28,44.49,,4
385,2021-06-05,0.0,1006.9333333333334,1058.0545454545454,22.60833333333333,16.445833333333336,70.91666666666667,207.16666666666663,4.283333333333333,1.375,17.6,30.4,21.379166666666663,19.650416666666665,12.700833333333334,30.49875,,6.0,11.04,3.26,0.98,,48.72,162.5,33.42,61.48,,8
386,2021-06-06,0.6,1012.975,278.75454545454545,15.833333333333334,14.245833333333332,90.20833333333331,171.45833333333334,5.6000000000000005,1.4208333333333332,14.9,17.5,12.7975,11.239166666666668,4.647916666666666,23.52,,6.0,10.78,1.13,9.18,,35.41,11.95,8.69,34.57,,7
387,2021-06-07,0.0083333333333333,1014.7875,540.6636363636364,15.854166666666666,12.945833333333333,83.25,118.20833333333331,6.566666666666667,2.029166666666667,14.4,18.4,7.1433333333333335,10.88125,4.46125,27.544166666666666,,6.0,10.72,0.47,5.6,,15.63,11.27,20.42,42.95,,9
388,2021-06-08,0.5583333333333335,1014.1791666666668,121.4909090909091,16.229166666666668,14.570833333333336,89.91666666666667,110.33333333333331,5.816666666666666,1.7666666666666666,15.9,16.8,6.697500000000001,11.034166666666666,11.48875,16.400416666666665,,6.0,10.68,0.47,0.98,,16.56,11.95,25.37,31.07,,7
389,2021-06-09,0.1166666666666666,1012.8541666666666,763.9727272727273,17.8875,16.041666666666668,89.04166666666667,99.70833333333331,7.8125,2.4250000000000003,16.4,19.8,6.0,10.7,8.677083333333334,23.46125,,6.0,10.41,0.47,4.53,,6.0,11.02,22.9,43.87,,12
390,2021-06-10,0.875,1010.5,114.66363636363636,16.070833333333333,15.154166666666669,94.33333333333331,157.91666666666666,2.8416666666666663,0.8583333333333334,15.1,17.3,9.355416666666668,11.380416666666669,19.40625,2.36375,,6.0,10.51,5.58,0.98,,25.67,13.23,37.69,15.72,,6
391,2021-06-11,0.0083333333333333,1012.8791666666666,745.7615384615384,15.158333333333331,12.370833333333332,84.83333333333333,265.375,4.504166666666667,1.475,12.9,17.4,7.959583333333334,11.245,12.99708333333333,13.550416666666669,,6.0,10.57,3.92,0.98,,18.28,12.8,29.33,38.73,,5
392,2021-06-12,0.0,1014.4625,1139.1181818181817,12.625,6.766666666666666,69.04166666666667,281.7083333333333,3.633333333333333,1.2791666666666668,8.2,17.8,12.675833333333337,22.782916666666665,15.749166666666667,15.909166666666666,,6.0,11.0,3.84,0.98,,51.22,100.7,29.89,37.96,,7
393,2021-06-13,0.0,1016.1083333333332,1129.0454545454545,13.958333333333334,9.441666666666666,75.95833333333333,161.95833333333334,1.9833333333333327,0.6541666666666667,9.1,21.0,25.43125,18.25375,15.414583333333336,17.17125,,6.0,10.35,4.63,0.98,,62.18,71.32,27.56,68.77,,1
394,2021-06-14,0.0,1014.2374999999998,1131.0,15.112500000000002,10.8875,78.04166666666667,182.95833333333331,2.275,0.8125,10.6,22.0,22.257916666666663,15.312916666666668,19.77782608695652,10.733333333333333,,6.0,10.25,2.7,0.98,,50.04,38.89,52.43,51.56,,5
395,2021-06-15,0.0083333333333333,1015.3041666666668,144.55454545454543,13.458333333333334,11.816666666666668,90.08333333333331,198.33333333333331,3.1875,0.8708333333333332,11.7,15.2,26.39625,11.52125,17.13083333333333,11.200416666666667,,6.0,10.81,2.18,0.98,,55.95,12.66,64.39,32.74,,7
396,2021-06-16,0.0,1018.3791666666666,847.2363636363636,11.575,6.320833333333333,70.79166666666667,186.0,5.383333333333333,1.3291666666666666,9.2,13.6,9.989999999999998,11.189583333333331,11.923749999999998,24.367500000000003,,6.0,10.6,0.47,0.98,,44.98,12.05,32.51,43.26,,6
397,2021-06-17,0.0,1019.4333333333334,695.3272727272728,10.733333333333334,7.0,78.125,210.91666666666663,3.391666666666667,1.0291666666666668,8.7,13.8,16.654545454545453,11.517499999999998,18.010833333333334,14.023749999999998,,6.0,10.55,1.24,0.98,,45.5,12.68,31.42,34.19,,8
398,2021-06-18,0.0,1019.7583333333332,636.0909090909091,11.495833333333332,9.579166666666667,88.375,141.66666666666666,2.7541666666666664,0.8875000000000001,9.4,14.0,14.481818181818182,12.232500000000002,14.171666666666669,11.884583333333332,,6.0,11.43,5.46,0.98,,31.92,13.46,37.05,35.94,,9
399,2021-06-19,0.0333333333333333,1016.3333333333334,295.50909090909084,13.879166666666668,12.050000000000002,88.83333333333333,116.66666666666669,3.5541666666666667,1.0625,12.0,16.4,14.61875,12.03,16.373749999999998,6.75875,,6.0,11.55,2.66,0.98,,26.35,12.51,36.31,21.03,,3
400,2021-06-20,0.0333333333333333,1014.8291666666668,593.7272727272727,15.054166666666667,13.558333333333332,91.08333333333331,233.83333333333331,2.7125,0.9541666666666666,13.8,17.2,12.166666666666666,11.78375,7.680833333333332,6.900000000000001,,6.0,11.21,2.6,0.98,,30.52,12.53,18.22,20.34,,3
401,2021-06-21,0.0583333333333333,1016.2333333333332,228.7363636363636,13.795833333333334,12.466666666666663,91.58333333333331,127.0,3.5500000000000003,1.0208333333333333,13.4,14.2,7.198333333333333,11.5025,8.208333333333334,14.500416666666666,,6.0,10.97,2.69,0.98,,19.89,12.45,14.49,30.26,,10
402,2021-06-22,0.0,1017.1083333333332,479.8727272727273,14.183333333333332,12.516666666666666,89.91666666666667,133.875,3.7166666666666655,1.2041666666666666,12.7,16.3,7.517500000000001,11.202083333333334,8.012083333333335,20.63125,,6.0,10.8,1.7,7.07,,17.22,12.73,24.64,38.53,,15
403,2021-06-23,0.0,1015.8250000000002,731.0545454545455,16.033333333333335,13.2875,84.45833333333333,98.75,5.345833333333334,1.5083333333333335,13.9,19.4,7.394583333333333,11.783750000000005,9.759583333333332,16.113333333333333,,6.0,10.83,1.14,0.98,,26.33,12.65,21.68,32.94,,6
404,2021-06-24,0.2833333333333334,1003.6166666666668,334.3636363636364,17.508333333333336,13.783333333333331,79.08333333333333,156.20833333333334,6.516666666666667,1.820833333333333,16.0,20.7,9.405833333333334,15.072916666666666,13.4525,9.572083333333332,,6.0,11.36,4.09,0.98,,21.66,44.3,25.28,23.75,,8
405,2021-06-25,0.0,1010.9916666666668,1146.4,15.487500000000002,10.7625,74.875,254.20833333333331,5.108333333333333,1.6416666666666668,12.7,18.5,10.53625,14.51875,13.289166666666668,18.50875,,6.0,12.58,0.47,0.98,,33.42,26.54,40.45,46.48,,4
406,2021-06-26,3.375,1007.4791666666666,66.47999999999999,14.116666666666664,12.425,89.875,125.45833333333331,5.458333333333333,1.6375,11.7,16.4,7.405833333333334,12.009166666666664,9.784166666666666,13.907083333333333,,6.0,11.4,4.3,4.72,,16.12,12.55,16.66,24.07,,10
407,2021-06-27,1.1916666666666669,1008.3833333333332,97.98125,13.8625,11.908333333333331,88.25,220.83333333333331,6.920833333333333,2.066666666666667,11.6,16.5,33.806,12.005,4.209166666666667,21.3,,6.0,11.27,0.47,14.72,,100.0,13.1,10.09,28.57,,2
408,2021-06-28,0.0,1017.3791666666666,1081.709090909091,9.179166666666667,3.3333333333333326,67.70833333333333,279.5833333333333,8.275,2.4375,7.5,10.9,6.0,59.59666666666667,10.419166666666667,23.359583333333333,,6.0,11.33,0.47,3.08,,6.0,287.6,27.78,39.97,,8
409,2021-06-29,0.0,1017.425,481.990909090909,8.1125,2.454166666666667,67.70833333333333,291.4166666666667,10.316666666666668,3.391666666666667,7.2,8.7,9.142105263157896,111.08541666666667,12.281666666666666,20.71,,6.0,13.85,4.0,12.39,,22.59,668.5,21.6,28.1,,17
410,2021-06-30,0.0583333333333333,1021.2541666666666,327.22727272727275,8.987499999999999,6.570833333333333,85.04166666666667,284.4166666666667,6.854166666666667,2.0666666666666664,7.7,10.9,9.666818181818185,35.109166666666674,12.93125,16.172916666666666,,6.0,12.82,0.47,0.98,,35.92,164.6,25.71,31.03,,7
411,2021-07-01,0.0,1021.35,1071.2,10.795833333333334,8.737499999999999,87.91666666666667,182.79166666666663,2.0416666666666665,0.7833333333333332,6.6,16.3,9.234210526315788,14.074583333333331,19.665416666666665,8.167083333333332,,6.0,12.54,3.79,0.98,,28.81,17.33,50.09,36.2,,7
412,2021-07-02,0.0083333333333333,1017.4583333333334,1115.909090909091,12.916666666666666,9.258333333333333,80.75,180.79166666666663,2.8375,1.1041666666666667,8.2,19.2,16.705,19.632916666666663,19.79217391304348,10.990416666666668,,6.0,11.65,4.12,0.98,,59.36,103.0,45.12,45.81,,6
413,2021-07-03,0.0,1018.5625,1131.3818181818183,12.204166666666667,8.708333333333334,81.375,176.0,1.9458333333333333,0.7041666666666666,8.4,17.5,28.346315789473685,14.58875,22.83083333333333,15.822083333333332,,6.0,12.58,9.12,0.98,,56.18,35.24,51.04,57.54,,2
414,2021-07-04,0.0083333333333333,1019.3458333333334,861.7,10.545833333333333,8.229166666666666,86.04166666666667,137.16666666666666,2.625,0.9291666666666668,6.0,15.1,27.382083333333338,12.598333333333334,16.593333333333334,12.043333333333337,,6.0,11.56,6.33,0.98,,44.97,13.16,36.76,44.21,,9
415,2021-07-05,0.0083333333333333,1018.4458333333332,1048.2272727272727,12.204166666666666,9.716666666666669,85.95833333333333,126.95833333333331,2.3375,0.8083333333333335,7.2,18.5,34.60823529411764,14.893333333333333,30.969166666666663,12.38625,,6.0,11.42,10.18,0.98,,66.78,29.26,90.46,42.33,,8
416,2021-07-06,0.0083333333333333,1017.9875,895.2333333333335,13.9875,11.875,87.91666666666667,150.54166666666666,2.8541666666666665,0.875,10.8,19.0,31.40875,15.3975,24.66625,13.36625,,6.0,12.17,9.24,0.98,,48.99,25.29,44.82,43.96,,12
417,2021-07-07,0.0,1015.775,1117.7363636363636,16.7,11.404166666666669,73.375,121.08333333333331,3.5041666666666664,1.075,11.0,23.2,37.15375,37.98583333333333,23.52565217391304,8.542857142857141,,6.0,12.24,7.64,0.98,,70.39,299.2,45.6,34.47,,4
418,2021-07-08,0.0,1014.5625,1107.3818181818183,16.933333333333334,12.545833333333334,77.0,146.04166666666666,2.3375,0.7666666666666666,12.4,22.0,46.95625,18.043333333333333,30.942916666666665,14.873333333333331,,16.58,13.17,10.4,0.98,,87.94,54.61,69.12,56.41,,6
419,2021-07-09,0.0,1014.8208333333332,1044.2,16.554166666666667,13.333333333333334,83.0,133.16666666666666,3.0375,0.8166666666666668,13.3,21.8,32.23625,37.23625,28.790000000000003,18.24375,,6.0,12.75,7.57,0.98,,75.07,176.8,87.63,89.77,,1
420,2021-07-10,0.0083333333333333,1011.8041666666668,1136.0363636363636,16.933333333333334,12.270833333333334,77.08333333333333,206.33333333333331,3.641666666666667,1.2875,11.8,24.1,36.22625,40.63333333333333,22.715833333333336,17.52541666666667,,6.0,13.31,7.03,0.98,,87.5,192.1,50.58,59.69,,7
421,2021-07-11,0.0,1013.7208333333332,1053.2727272727273,16.55,13.370833333333332,82.20833333333333,129.04166666666666,3.395833333333333,1.0375,13.6,21.0,39.967083333333335,13.4325,12.11875,25.87708333333333,,13.6,12.97,4.68,0.98,,72.0,15.6,35.55,54.28,,4
422,2021-07-12,0.0,1013.0666666666666,1052.5272727272727,18.1,13.9,79.54166666666667,143.04166666666666,2.895833333333333,0.8958333333333334,14.5,24.5,31.9475,14.340833333333334,20.375,15.257916666666668,,6.0,12.6,4.02,0.98,,81.51,17.52,37.54,49.24,,8
423,2021-07-13,0.0,1010.8,598.5363636363636,17.458333333333332,13.858333333333334,80.83333333333333,179.04166666666666,1.9208333333333327,0.6875,13.9,21.6,49.057,14.765,31.68541666666667,9.92,,22.01,13.22,7.19,0.98,,86.09,26.15,68.48,40.74,,9
424,2021-07-14,0.0,1010.1041666666666,829.3727272727273,18.391666666666666,13.9,75.45833333333333,116.125,3.9875,1.1458333333333333,16.3,20.7,45.20818181818181,13.420416666666668,21.764166666666668,21.081666666666667,,6.0,13.04,6.08,0.98,,91.72,13.92,33.89,57.15,,8
425,2021-07-15,0.425,1006.8958333333334,250.4,16.229166666666668,14.800000000000002,91.41666666666669,202.29166666666663,4.991666666666666,1.2833333333333334,15.1,18.3,24.897916666666664,13.27125,20.038750000000004,18.551666666666662,,6.0,12.38,6.2,2.6,,61.09,14.12,35.49,40.73,,3
426,2021-07-16,0.0,1012.9291666666668,765.5545454545455,13.541666666666666,10.6,83.20833333333333,165.45833333333334,3.208333333333333,0.9833333333333334,10.2,16.4,12.293333333333337,12.702916666666669,12.403333333333334,28.86958333333333,,6.0,12.17,1.72,0.98,,33.81,13.9,24.3,50.16,,4
427,2021-07-17,0.0083333333333333,1010.9541666666668,680.6363636363636,12.616666666666667,9.883333333333333,84.5,220.33333333333331,4.325,1.5499999999999998,10.5,16.0,15.804583333333332,17.955833333333334,13.875,18.743333333333336,,6.0,12.13,6.33,0.98,,35.59,61.73,26.33,44.35,,3
428,2021-07-18,0.025,1013.3666666666668,1212.1454545454546,10.866666666666667,2.9958333333333336,59.79166666666666,277.4583333333333,9.591666666666669,3.045833333333334,7.2,13.7,15.345416666666669,14.84125,5.477499999999999,37.1375,,6.0,12.03,1.29,16.88,,28.79,29.71,21.07,48.71,,5
429,2021-07-19,0.0,1016.5458333333332,580.6272727272727,10.233333333333334,3.8708333333333336,64.875,280.75,10.670833333333334,3.0625,9.3,11.7,14.24875,15.8075,12.075,31.375416666666663,,6.0,12.22,0.47,7.79,,37.03,47.1,33.92,44.38,,5
430,2021-07-20,0.0,1019.4083333333332,1191.290909090909,9.208333333333334,5.058333333333334,76.83333333333333,267.9166666666667,3.4125,1.0541666666666665,5.3,14.1,28.980416666666667,19.633750000000003,21.803913043478257,12.922173913043478,,6.0,13.56,10.67,0.98,,73.22,79.22,39.76,47.17,,4
431,2021-07-21,0.0,1018.7458333333334,1277.0181818181818,10.008333333333336,5.5125,76.25,216.29166666666663,2.4916666666666667,0.9125,5.4,16.9,48.209583333333335,16.894166666666667,23.398260869565217,19.998181818181816,,6.0,12.81,11.96,0.98,,78.12,45.6,45.82,87.71,,8
432,2021-07-22,0.0,1020.4333333333334,1234.6272727272728,11.5625,5.904166666666666,70.66666666666667,134.33333333333334,2.395833333333333,0.875,4.2,21.3,50.75666666666666,16.427083333333332,31.98625,29.145416666666662,,25.57,12.4,11.3,7.67,,100.0,52.96,67.2,89.35,,10
433,2021-07-23,0.0083333333333333,1015.6375,1211.6363636363635,15.695833333333333,10.179166666666667,74.58333333333333,150.5,1.8958333333333333,0.7125,8.2,26.8,65.21900000000001,30.036666666666665,48.39958333333333,51.12625,,42.85,12.57,8.56,7.45,,97.69,106.5,104.7,200.7,,6
434,2021-07-24,0.0,1011.9708333333332,1182.1272727272726,17.891666666666666,10.5625,66.75,162.0,2.2666666666666666,0.7541666666666668,11.3,26.9,63.2495,15.107500000000002,37.807500000000005,46.49375,,37.65,12.74,12.8,7.57,,92.81,29.5,100.5,164.5,,6
435,2021-07-25,0.0,1007.0416666666666,948.5909090909092,19.933333333333334,12.133333333333336,63.458333333333336,196.91666666666663,3.379166666666667,1.3125,13.4,27.5,54.56421052631579,13.491666666666667,24.41,34.79208333333333,,6.0,12.73,11.16,7.8,,97.72,18.58,59.47,92.56,,6
436,2021-07-26,1.2666666666666666,1005.2041666666668,157.5090909090909,18.591666666666665,15.758333333333336,84.79166666666667,102.9090909090909,3.8478260869565215,0.9636363636363636,15.8,21.7,46.90958333333333,13.338333333333331,31.40625,14.639166666666666,,15.67,12.56,14.79,7.55,,89.78,14.27,49.59,33.44,,9
437,2021-07-27,0.0869565217391304,1009.2695652173912,794.8583333333335,12.421739130434784,7.85217391304348,76.43478260869566,243.2173913043478,7.965217391304347,2.391304347826087,9.5,16.6,8.957916666666666,12.887083333333337,9.509583333333332,45.3975,,6.0,11.96,1.2,18.03,,24.49,20.33,23.35,56.9,,3
438,2021-07-28,0.0833333333333333,1014.5416666666666,887.2,7.079166666666668,1.5208333333333333,68.41666666666667,274.7083333333333,8.516666666666667,2.5458333333333334,4.7,9.9,13.5125,29.69125,14.38,42.5625,,6.0,12.51,5.73,16.17,,27.05,168.8,34.8,61.86,,6
439,2021-07-29,0.0,1019.9458333333332,1277.418181818182,6.629166666666666,1.4,70.54166666666667,273.125,7.545833333333332,2.4375,3.3,10.6,9.745,18.912916666666668,15.36,43.76416666666666,,6.0,12.98,3.18,15.27,,27.31,46.52,36.06,67.14,,5
440,2021-07-30,0.0,1023.4625,1292.9181818181817,7.520833333333333,2.620833333333333,73.16666666666667,184.0,2.395833333333333,0.8125,2.8,13.6,25.799166666666668,20.31583333333333,26.925,33.71875,,6.0,12.6,14.67,6.89,,53.84,80.52,66.75,74.1,,3
441,2021-07-31,0.0,1022.9833333333332,1360.4545454545455,11.008333333333336,4.695833333333334,69.66666666666667,118.66666666666669,3.170833333333333,0.9916666666666666,4.7,18.8,28.942083333333333,13.532916666666663,20.385,30.077916666666663,,6.0,12.15,6.8,6.88,,69.2,19.19,46.71,76.77,,4
442,2021-08-01,0.0083333333333333,1022.9541666666668,1310.7545454545457,11.783333333333331,8.4625,81.75,148.70833333333334,2.375,0.7958333333333334,7.0,18.3,38.99958333333333,15.250416666666666,17.307083333333335,35.502916666666664,,21.15,12.07,8.38,6.96,,67.44,28.98,36.21,101.7,,8
443,2021-08-02,0.0,1022.5208333333334,1148.8272727272729,11.283333333333331,8.35,82.95833333333333,155.20833333333334,3.7416666666666663,0.9583333333333334,9.7,14.7,24.04458333333333,13.808333333333332,15.345,35.22208333333333,,6.0,12.26,3.58,15.25,,62.65,27.33,27.97,60.52,,11
444,2021-08-03,0.0,1023.1625,1284.6636363636362,11.133333333333333,8.283333333333333,83.625,131.45833333333334,2.9625000000000004,0.9791666666666666,7.1,16.0,26.47791666666667,13.202083333333333,16.633333333333333,38.63791666666667,,6.0,12.06,4.89,7.31,,42.46,17.89,38.28,77.44,,9
445,2021-08-04,0.0,1024.5041666666666,626.4727272727273,12.795833333333334,11.416666666666666,91.625,124.5,4.079166666666667,1.275,10.4,14.9,6.74625,12.331250000000002,8.964583333333334,41.94375,,6.0,11.84,1.28,30.65,,16.91,12.99,22.12,50.7,,6
446,2021-08-05,0.0,1022.6291666666666,1262.581818181818,17.020833333333332,14.254166666666668,84.70833333333333,110.58333333333331,6.733333333333333,1.8916666666666664,14.2,21.6,9.93625,12.647916666666664,9.217916666666667,41.520833333333336,,6.0,12.04,2.47,16.83,,32.21,13.21,20.16,64.79,,1
447,2021-08-06,0.0,1019.6166666666668,937.1272727272728,17.625,13.308333333333332,77.41666666666667,101.41666666666669,3.4249999999999994,1.0041666666666669,13.7,22.3,27.86041666666667,13.251666666666669,21.840416666666663,22.630416666666665,,6.0,12.5,10.19,7.33,,88.26,14.14,45.81,69.39,,6
448,2021-08-07,0.0083333333333333,1014.85,1289.8454545454545,19.02916666666667,13.404166666666669,73.5,112.33333333333331,2.9666666666666663,1.0708333333333335,12.9,27.4,38.275416666666665,13.759166666666667,22.032083333333333,30.35875,,6.0,12.97,8.97,7.17,,88.13,17.76,48.2,86.18,,3
449,2021-08-08,0.0,1012.5666666666666,1301.1727272727271,20.73333333333333,14.945833333333333,71.625,161.625,2.395833333333333,0.8416666666666667,15.4,27.4,51.08125,16.375416666666666,17.014166666666664,34.19583333333333,,16.67,12.85,7.74,7.17,,96.26,46.25,34.73,100.8,,4
450,2021-08-09,0.0833333333333333,1009.5875,620.4545454545455,19.129166666666663,15.004166666666668,78.83333333333333,122.20833333333331,2.9791666666666665,0.9916666666666666,16.0,25.8,45.781666666666666,15.674166666666665,23.081304347826087,22.02208333333333,,21.83,13.1,12.71,7.12,,76.9,42.22,41.34,73.4,,10
451,2021-08-10,0.3166666666666666,1012.4208333333332,126.02307692307691,14.666666666666666,13.7125,93.91666666666669,166.04166666666666,4.366666666666667,1.0583333333333331,12.8,16.6,12.66125,12.580833333333336,17.28125,26.71333333333333,,6.0,12.08,3.2,7.19,,37.38,13.28,29.57,40.2,,1
452,2021-08-11,0.0,1019.5458333333332,1193.790909090909,12.029166666666669,7.166666666666667,73.33333333333333,166.25,4.833333333333333,1.2291666666666667,9.5,13.8,9.46375,12.499166666666667,10.581666666666663,43.963750000000005,,6.0,11.93,1.02,11.27,,30.87,13.67,30.12,61.94,,9
453,2021-08-12,0.0,1022.1083333333332,760.4545454545455,9.0625,5.541666666666667,79.33333333333333,112.66666666666669,3.9625,1.2708333333333333,4.3,13.2,18.24375,13.28625,12.997916666666669,33.44,,6.0,12.02,3.95,7.42,,35.15,19.85,27.99,65.18,,7
454,2021-08-13,0.0,1020.4791666666666,1082.7454545454543,13.704166666666666,10.379166666666666,81.41666666666667,108.83333333333331,6.779166666666666,2.029166666666667,10.3,18.2,11.152916666666668,12.709166666666668,8.799583333333333,44.73041666666666,,6.0,12.45,3.17,10.96,,26.7,13.23,21.76,68.46,,2
455,2021-08-14,0.0,1015.9083333333334,1034.6272727272728,16.8125,12.670833333333334,78.0,128.91666666666666,4.754166666666666,1.3791666666666669,13.3,21.6,12.369166666666668,14.264583333333334,10.3475,44.45083333333333,,6.0,12.42,2.36,12.73,,42.17,22.13,24.99,71.89,,6
456,2021-08-15,0.0,1012.7916666666666,1096.009090909091,15.220833333333331,13.216666666666669,88.20833333333333,124.45833333333331,3.1166666666666667,1.0833333333333333,12.6,18.3,17.034166666666668,14.09375,10.280416666666666,33.612500000000004,,6.0,12.58,4.59,7.62,,27.13,22.02,21.82,72.03,,6
457,2021-08-16,0.0,1010.8583333333332,734.1090909090909,15.183333333333332,13.125,87.95833333333333,152.58333333333334,3.008333333333333,1.0,13.2,18.4,16.529583333333335,14.860833333333332,13.38,37.82208333333333,,6.0,12.49,1.41,23.58,,42.92,27.52,27.2,55.3,,14
458,2021-08-17,0.0083333333333333,1008.5416666666666,1155.3833333333334,19.016666666666666,15.633333333333336,82.54166666666667,139.70833333333334,2.3625000000000003,0.7625000000000001,15.1,26.1,42.2375,25.68875,27.78458333333333,34.33208333333334,,18.0,13.43,5.61,7.37,,95.73,101.2,59.77,83.9,,11
459,2021-08-18,0.85,1008.9416666666666,294.0636363636364,18.254166666666663,16.583333333333332,90.25,121.54166666666669,6.537499999999999,1.8375,16.6,20.6,26.19,13.290833333333332,15.905833333333334,37.30875,,6.0,12.67,7.41,6.97,,71.11,14.65,36.0,81.65,,2
460,2021-08-19,0.0,1003.5416666666666,1378.3,24.141666666666666,15.699999999999998,64.875,186.41666666666663,4.55,1.5958333333333332,16.6,34.2,33.47217391304348,14.322083333333332,28.28,46.61625,,15.32,13.0,8.21,7.04,,100.0,18.46,75.22,116.2,,6
461,2021-08-20,0.0333333333333333,1005.8875,546.9454545454545,20.84166666666667,14.983333333333334,70.33333333333333,121.25,5.966666666666668,1.6041666666666667,17.7,25.5,39.17208333333334,13.7325,15.54125,60.60583333333333,,6.0,13.23,5.19,9.94,,79.89,14.85,50.18,100.9,,8
462,2021-08-21,0.0583333333333333,1011.3666666666668,232.4333333333333,16.033333333333335,14.245833333333332,89.33333333333333,123.45833333333331,5.716666666666666,1.5708333333333335,15.0,18.3,12.654583333333337,13.262916666666667,9.293333333333331,40.4425,,6.0,12.75,1.76,8.26,,30.31,13.79,19.79,56.49,,8
463,2021-08-22,0.0,1002.1041666666666,1239.1636363636362,21.8,14.9375,68.91666666666667,179.16666666666666,2.929166666666667,1.0041666666666669,15.5,31.7,32.22875,40.365,21.41583333333333,39.94541666666667,,6.0,12.67,7.12,7.0,,82.61,276.7,57.9,101.0,,2
464,2021-08-23,0.0,1005.6083333333336,1065.2181818181818,18.14583333333333,11.758333333333333,67.79166666666667,115.66666666666669,6.458333333333333,2.0625,15.9,22.0,30.09125,13.10375,6.5058333333333325,55.9975,,6.0,12.61,2.25,23.44,,80.03,13.56,24.9,71.87,,6
465,2021-08-24,0.875,1003.3916666666668,126.06,16.02916666666667,14.666666666666666,91.66666666666669,118.66666666666669,8.0625,2.3541666666666665,14.4,17.3,17.771666666666665,13.539583333333333,14.11125,39.38375,,6.0,12.56,0.47,7.52,,33.7,18.44,35.49,63.28,,13
466,2021-08-25,2.8416666666666663,1000.1166666666668,71.02499999999999,17.59166666666667,17.070833333333336,96.70833333333331,110.41666666666669,5.447826086956522,1.5,16.3,19.1,15.77,13.835416666666667,20.596666666666668,37.67208333333333,,6.0,12.91,7.66,8.54,,34.94,17.74,34.47,65.18,,5
467,2021-08-26,0.5416666666666666,1007.2625,580.5749999999999,14.408333333333331,12.175000000000002,86.91666666666667,203.04166666666663,6.666666666666667,1.7375,12.3,15.8,8.46125,12.96583333333333,12.11,50.61833333333334,,6.0,12.68,2.84,21.23,,24.84,13.37,23.58,70.0,,2
468,2021-08-27,0.0,1015.8916666666668,1449.4769230769232,13.949999999999998,10.129166666666666,80.0,141.25,2.8875000000000006,1.0625,8.9,19.8,12.140833333333331,18.368333333333336,14.86125,39.12791666666666,,6.0,12.68,7.3,8.77,,28.07,66.73,28.4,90.49,,6
469,2021-08-28,0.0,1018.1291666666666,1607.3,15.533333333333331,11.379166666666665,77.58333333333333,107.625,6.183333333333333,1.95,11.7,20.8,16.127916666666668,15.137916666666664,9.39,47.13333333333333,,6.0,12.76,4.03,17.45,,35.83,26.91,14.3,79.54,,4
470,2021-08-29,0.0,1018.5375,1550.5500000000002,18.775,13.258333333333333,71.29166666666667,113.5,4.645833333333333,1.425,15.5,23.9,20.50208333333333,13.980416666666663,9.648333333333332,51.47208333333333,,6.0,13.43,3.69,19.35,,43.88,14.81,19.68,78.62,,3
471,2021-08-30,0.0,1016.5958333333332,1485.8076923076924,19.329166666666666,14.170833333333333,74.125,106.66666666666669,4.270833333333333,1.3833333333333335,14.8,25.6,22.44333333333333,13.629166666666668,13.755416666666669,38.95875,,6.0,12.74,7.34,10.99,,43.27,14.87,27.58,77.89,,6
472,2021-08-31,0.0,1015.2375,1630.4333333333332,21.6125,14.366666666666667,66.08333333333333,88.45833333333333,4.741666666666666,1.3,17.4,27.8,24.664285714285715,17.968333333333334,17.44875,51.10958333333334,,6.0,13.69,1.41,12.8,,65.63,49.28,28.16,83.68,,9
473,2021-09-01,0.0,1012.6375000000002,1498.658333333333,21.229166666666668,13.858333333333334,66.08333333333333,179.70833333333334,3.3208333333333333,1.2208333333333332,15.0,28.3,30.63083333333333,19.120416666666667,22.160416666666663,43.7925,,6.0,12.94,10.56,13.25,,99.99,62.07,44.46,95.16,,15
474,2021-09-02,0.0,1008.65,1221.1916666666666,22.7375,15.475,65.0,185.45833333333331,3.004166666666667,1.0958333333333334,18.4,28.3,52.50333333333333,24.03,23.851666666666663,44.70416666666667,,6.0,13.77,12.78,17.17,,99.63,124.6,47.41,97.75,,8
475,2021-09-03,0.0,1008.6791666666668,641.4833333333332,19.90416666666667,16.054166666666667,78.83333333333333,209.91666666666663,4.675,1.3541666666666667,17.6,22.4,25.46625,14.893333333333333,14.399166666666668,51.99416666666667,,6.0,13.67,5.47,25.09,,56.68,18.98,29.59,77.81,,5
476,2021-09-04,0.0833333333333333,1010.2375,963.5833333333334,16.8875,13.233333333333334,79.625,130.08333333333334,4.775,1.3875,14.5,20.5,10.536666666666669,13.765,5.53125,63.68416666666667,,6.0,13.66,2.73,50.21,,33.0,13.93,10.64,78.32,,4
477,2021-09-05,0.975,1008.2041666666668,700.3142857142857,17.245833333333334,14.958333333333334,87.04166666666667,213.375,5.495833333333334,1.5125000000000002,15.2,20.7,7.199583333333333,17.292083333333334,8.924583333333333,49.384166666666665,,6.0,13.72,4.07,35.88,,19.2,44.51,19.62,74.02,,2
478,2021-09-06,0.0,1011.7208333333332,1426.5083333333332,18.27083333333333,14.741666666666667,80.75,97.25,5.595833333333334,1.675,15.9,21.5,9.757083333333332,13.877083333333331,7.601666666666667,56.052083333333336,,6.0,13.68,3.32,18.22,,22.1,14.19,19.49,85.26,,6
479,2021-09-07,1.475,1009.0791666666668,139.8,16.925,15.566666666666668,91.875,107.91666666666669,7.295833333333334,2.2458333333333336,16.3,17.6,8.708333333333334,13.802083333333334,5.670416666666668,55.07750000000001,,6.0,13.69,1.33,47.34,,24.45,13.98,10.41,62.36,,8
480,2021-09-08,1.5916666666666668,1001.725,315.9846153846154,18.0375,17.129166666666666,94.375,130.08333333333334,6.095833333333334,1.7791666666666668,17.0,19.4,11.959166666666668,14.070833333333336,16.473333333333333,36.38,,6.0,13.7,0.47,15.32,,35.78,14.81,32.7,62.71,,6
481,2021-09-09,0.0499999999999999,1005.15,1406.7642857142855,17.900000000000002,12.145833333333334,70.58333333333333,273.0416666666667,8.670833333333333,2.920833333333333,14.8,20.3,10.044583333333334,57.480833333333344,12.02125,46.86916666666667,,6.0,14.01,0.47,25.99,,25.47,188.1,28.4,64.8,,9
482,2021-09-10,0.0083333333333333,1009.9208333333332,634.1153846153846,15.233333333333334,10.108333333333333,71.83333333333333,287.8333333333333,9.145833333333334,2.9458333333333333,13.7,16.8,12.185416666666669,54.675,15.302916666666668,44.27791666666667,,6.0,14.62,3.55,25.87,,33.18,284.1,32.18,58.16,,7
483,2021-09-11,0.0,1013.0458333333332,1367.5384615384614,16.795833333333334,11.120833333333332,70.16666666666667,245.66666666666663,4.145833333333333,1.3083333333333331,14.9,20.5,9.394583333333332,16.491249999999997,9.510833333333332,56.09083333333333,,6.0,13.39,5.56,34.51,,33.01,40.68,19.9,101.6,,3
484,2021-09-12,0.0,1009.5625,1599.0153846153844,19.20833333333333,13.754166666666668,73.66666666666667,95.25,4.154166666666666,1.2375,11.9,28.9,9.372307692307691,13.768333333333336,8.4025,48.020833333333336,,6.0,13.05,4.48,10.57,,21.7,14.68,19.3,95.14,,6
485,2021-09-13,1.875,1002.5208333333334,67.12307692307694,19.729166666666668,17.38333333333333,86.79166666666667,111.125,6.7625,1.9458333333333333,18.1,21.7,,14.145833333333334,13.235416666666666,39.017916666666665,,,13.48,8.14,12.76,,,14.79,22.45,64.5,,6
486,2021-09-14,0.5,1002.9583333333334,245.52142857142857,18.5625,17.595833333333335,94.125,213.33333333333331,3.991666666666666,1.0708333333333333,17.8,19.5,,25.78916666666667,15.932916666666666,47.77666666666667,,,14.22,2.76,27.37,,,151.1,32.94,73.88,,7
487,2021-09-15,0.0083333333333333,1015.4041666666668,1737.9615384615386,16.025000000000002,7.691666666666666,60.29166666666666,192.75,5.891666666666666,1.625,12.9,19.0,,18.848333333333333,9.17,60.872083333333336,,,13.75,0.47,22.4,,,85.16,23.62,109.2,,5
488,2021-09-16,0.0,1020.4916666666668,1618.715384615385,14.9,8.408333333333333,67.29166666666667,115.95833333333331,5.349999999999999,1.875,10.4,19.5,,14.2625,10.430416666666666,46.57666666666668,,,13.46,2.94,9.85,,,14.92,24.4,77.81,,0
489,2021-09-17,0.1913043478260869,1015.9,507.3333333333333,15.634782608695652,12.730434782608697,83.56521739130434,123.56521739130434,4.740909090909091,1.3478260869565215,13.2,19.6,,15.973333333333334,18.645416666666662,26.472916666666663,,,13.45,5.05,13.93,,,21.86,33.41,43.32,,5
490,2021-09-18,0.0083333333333333,1009.8875,981.053846153846,17.97083333333333,15.9125,88.54166666666667,124.58333333333331,2.8666666666666667,0.8958333333333334,14.9,22.5,,14.811666666666667,11.262499999999998,44.4775,,,14.29,4.41,9.94,,,16.96,17.79,106.8,,5
491,2021-09-19,0.7000000000000001,1007.8708333333334,563.4357142857143,19.529166666666665,17.3875,87.66666666666667,124.58333333333331,5.062500000000001,1.4375,17.8,22.7,,14.668333333333331,4.744166666666667,62.85125,,,14.4,0.47,46.07,,,14.94,10.66,80.64,,4
492,2021-09-20,0.0666666666666666,1003.7000000000002,740.8066666666667,21.60833333333333,19.279166666666665,86.875,108.41666666666669,5.666666666666667,1.2416666666666665,19.8,24.7,,14.445,7.849999999999999,47.73583333333334,,,14.1,2.0,12.32,,,14.84,16.28,80.33,,9
493,2021-09-21,0.0083333333333333,1012.8958333333334,1043.953846153846,17.570833333333336,13.441666666666668,77.41666666666667,187.20833333333331,7.670833333333334,2.0083333333333333,15.2,20.4,,14.370416666666666,4.039583333333334,63.84041666666667,,,13.71,0.47,40.66,,,14.85,10.3,82.97,,8
494,2021-09-22,0.0,1016.9375,1455.0,16.1375,10.629166666666666,71.5,109.91666666666669,6.595833333333334,2.0625,12.2,20.8,,14.284999999999998,6.515000000000001,51.85375,,,13.65,2.66,14.97,,,15.22,17.25,76.75,,3
495,2021-09-23,0.1416666666666667,1014.0291666666668,779.0333333333333,16.775000000000002,11.554166666666664,72.16666666666667,110.16666666666669,5.654166666666666,1.75,14.8,19.3,,14.664583333333333,14.579999999999998,41.47333333333333,,,13.6,1.94,12.85,,,16.4,39.41,68.2,,6
496,2021-09-24,0.1166666666666666,1013.2791666666666,1094.5923076923077,17.320833333333336,14.329166666666666,83.83333333333333,186.70833333333331,3.266666666666667,1.0,15.5,20.7,,14.7125,13.88375,41.2125,,,14.09,4.89,16.41,,,15.63,21.19,74.66,,9
497,2021-09-25,0.0,1013.075,1787.6076923076923,17.175,12.854166666666666,78.08333333333333,148.5,3.1166666666666667,1.0541666666666667,12.0,22.9,,18.701666666666668,10.06,50.71291666666667,,,13.65,5.24,8.01,,,64.91,24.7,129.2,,4
498,2021-09-26,0.0,1010.7708333333334,1785.4076923076923,19.320833333333333,15.816666666666668,81.70833333333333,143.41666666666666,4.141666666666667,1.2625,15.0,26.0,,17.565416666666668,8.547500000000001,53.83166666666667,,,14.1,3.15,14.55,,,28.05,21.26,113.0,,6
499,2021-09-27,0.0,1010.9958333333334,1779.2384615384617,21.52083333333333,17.599999999999998,79.625,149.29166666666666,3.929166666666667,1.2291666666666667,18.0,27.9,,22.35833333333333,11.534166666666666,65.59166666666667,,,14.89,1.51,24.76,,,74.08,26.07,119.8,,7
500,2021-09-28,0.125,1009.8916666666668,370.36666666666673,19.05416666666667,16.925,87.66666666666667,157.875,4.508333333333334,1.1625,17.3,20.3,,15.142499999999998,13.224166666666669,49.97166666666666,,,14.44,1.34,23.82,,,15.71,30.77,71.14,,11
501,2021-09-29,0.2416666666666667,1011.3624999999998,760.0384615384615,18.808333333333334,16.349999999999998,86.5,165.83333333333334,5.075,1.5833333333333333,17.2,21.2,,14.887499999999998,8.35375,49.695833333333326,,,14.4,2.46,17.77,,,15.28,20.96,68.93,,6
502,2021-09-30,0.2666666666666666,1008.4541666666668,1245.0916666666665,18.33333333333333,14.391666666666666,78.45833333333333,104.75,8.533333333333333,2.5583333333333336,15.4,22.9,,14.735833333333332,6.412916666666668,58.59,,,14.11,0.47,33.46,,,15.3,17.24,74.22,,5
503,2021-10-01,0.8583333333333334,1002.9625,709.7230769230771,19.041666666666668,17.170833333333334,89.375,169.79166666666666,5.308333333333333,1.4291666666666665,16.7,22.9,,16.66125,12.175416666666663,41.01458333333333,,,14.5,2.52,12.42,,,28.07,23.69,68.11,,6
504,2021-10-02,0.0,1006.3041666666668,1694.9076923076923,18.48333333333333,13.804166666666667,74.95833333333333,158.54166666666666,4.8125,1.4541666666666666,15.3,22.5,,15.227083333333336,5.339166666666666,72.48208333333334,,,14.4,1.38,51.08,,,16.67,8.48,109.6,,4
505,2021-10-03,0.1666666666666666,1002.8666666666668,700.3153846153847,17.966666666666665,15.387499999999998,85.125,183.16666666666663,5.641666666666667,1.75,16.5,21.2,,15.594583333333333,5.310416666666666,55.42958333333333,,,15.06,2.8,30.16,,,18.18,16.08,77.03,,4
506,2021-10-04,0.0,1010.1916666666666,1124.2307692307693,15.983333333333334,10.591666666666669,71.16666666666667,157.70833333333334,4.683333333333333,1.2625,13.6,18.3,,14.894166666666663,6.536666666666666,57.267083333333325,,,14.37,0.47,46.26,,,15.41,15.27,75.72,,5
507,2021-10-05,0.009090909090909,1013.6727272727272,1709.2272727272727,15.213636363636365,8.254545454545456,65.36363636363636,131.8181818181818,3.695454545454545,1.1454545454545455,10.3,20.7,,14.855,7.705000000000001,55.36875,,,14.24,4.0,12.35,,,15.63,18.85,107.3,,5
508,2021-10-06,0.0083333333333333,1009.3125,1067.423076923077,17.5625,11.8125,69.66666666666667,188.45833333333331,4.054166666666667,1.2625,13.8,21.9,,25.241666666666664,13.563333333333333,48.03208333333333,,,14.28,3.75,13.39,,,138.6,30.58,73.55,,7
509,2021-10-07,0.0,1013.5375,1482.6076923076923,15.866666666666667,9.45,66.625,165.54166666666666,5.625,1.6125,11.7,18.9,,14.88625,5.272083333333334,60.094166666666666,,,14.29,0.47,36.71,,,15.43,13.52,78.68,,8
510,2021-10-08,0.0,1011.8583333333332,1314.6153846153843,16.141666666666666,11.075,73.29166666666667,116.95833333333331,6.695833333333334,2.2541666666666664,12.0,20.4,,15.3025,7.67125,47.07,,,14.49,3.56,10.37,,,16.49,14.79,75.36,,4
511,2021-10-09,0.0083333333333333,1010.5791666666668,1117.930769230769,18.03333333333333,14.575,80.75,110.375,8.320833333333335,2.716666666666667,15.7,20.7,,15.666666666666666,4.239166666666667,51.69916666666666,,,15.22,1.92,33.3,,,17.12,6.54,70.31,,2
512,2021-10-10,0.0,1011.1333333333332,1471.9214285714286,19.954166666666666,15.695833333333333,77.58333333333333,109.45833333333331,8.158333333333333,2.520833333333333,17.2,23.9,,15.760833333333332,3.12875,57.23041666666666,,,15.17,1.42,45.44,,,16.88,5.42,71.04,,6
513,2021-10-11,0.0583333333333333,1010.8,653.4615384615385,18.966666666666665,14.883333333333333,77.45833333333333,103.95833333333331,5.608333333333333,1.6041666666666667,17.2,21.5,,15.560833333333331,8.682083333333333,41.29291666666666,,,15.22,3.5,22.04,,,15.93,15.21,61.18,,11
514,2021-10-12,0.0249999999999999,1007.5375,1570.707142857143,21.17083333333333,16.258333333333336,75.66666666666667,177.20833333333334,3.683333333333333,1.2166666666666666,16.5,27.0,,16.355,9.89375,50.47416666666666,,,15.09,2.52,11.02,,,20.23,27.97,110.4,,0
515,2021-10-13,0.0,1003.7875,1458.0571428571432,22.83333333333333,17.712500000000002,75.08333333333333,109.33333333333331,3.391666666666667,1.0958333333333334,17.3,29.2,,15.808750000000002,11.4225,40.83708333333333,,,15.22,4.53,7.96,,,17.73,20.45,89.72,,6
516,2021-10-14,0.0,997.9041666666668,1723.7999999999995,25.429166666666664,18.141666666666666,65.08333333333333,172.79166666666666,4.708333333333333,1.5458333333333334,21.1,29.8,,18.99291666666667,11.18391304347826,56.96416666666666,,,15.21,2.81,10.62,,,37.2,24.93,110.5,,4
517,2021-10-15,0.625,1004.7791666666666,423.3769230769231,20.495833333333334,18.104166666666668,86.58333333333333,140.25,6.504166666666666,1.8541666666666667,16.7,24.6,,15.677916666666668,9.321666666666667,43.44333333333333,,,15.36,3.17,17.25,,,16.29,22.07,64.53,,2
518,2021-10-16,0.6416666666666667,1012.9333333333334,664.6538461538462,16.7,15.008333333333333,90.04166666666667,165.33333333333334,6.1625000000000005,1.5958333333333332,16.0,18.1,,15.367916666666666,4.42875,49.11375,,,15.04,1.47,34.4,,,15.55,9.16,66.4,,1
519,2021-10-17,0.0,1014.7,1575.6,17.429166666666664,11.1375,67.375,136.70833333333334,4.966666666666667,1.4791666666666667,14.8,21.4,,15.900416666666668,3.570833333333333,52.00291666666666,,,15.26,1.2,33.38,,,16.57,9.33,66.27,,3
520,2021-10-18,0.0,1014.0333333333332,1497.8857142857144,17.775000000000002,13.145833333333334,75.58333333333333,135.04166666666666,5.662499999999999,1.825,14.0,22.5,,16.026666666666667,7.10875,39.6725,,,15.18,2.61,8.45,,,16.44,13.58,71.58,,4
521,2021-10-19,0.0,1016.1333333333332,1280.2785714285717,17.724999999999998,11.283333333333331,68.33333333333333,117.08333333333331,4.583333333333333,1.525,13.1,21.6,,15.680416666666666,8.024166666666668,43.162083333333335,,,14.9,2.8,4.43,,,16.88,22.01,73.55,,5
522,2021-10-20,0.0,1015.1833333333334,1484.707142857143,17.408333333333335,11.720833333333331,70.58333333333333,116.83333333333331,6.195833333333333,1.929166666666667,13.0,21.2,,15.895416666666668,7.054583333333333,42.88782608695652,,,14.73,2.57,5.94,,,16.5,14.86,81.44,,1
523,2021-10-21,0.0,1010.5208333333334,1833.5285714285717,19.1375,12.516666666666666,67.58333333333333,141.16666666666666,4.6375,1.5125,13.7,25.2,,19.8075,9.306666666666668,51.84833333333333,,,16.25,4.83,6.54,,,72.94,17.41,123.4,,4
524,2021-10-22,0.0,1007.2708333333331,1779.55,20.004166666666663,14.795833333333333,74.25,143.41666666666666,3.8666666666666663,1.225,15.7,25.6,,18.11791666666667,11.277500000000002,48.18416666666667,,,16.1,5.27,3.88,,,34.36,21.74,140.9,,3
525,2021-10-23,0.0499999999999999,1000.0083333333332,806.8071428571429,20.229166666666668,16.037499999999998,78.20833333333333,185.45833333333331,4.6875,1.4291666666666665,16.5,26.0,,21.52541666666667,15.697083333333332,39.85916666666667,,,16.45,5.9,13.61,,,42.97,32.36,90.79,,3
526,2021-10-24,0.0666666666666666,1005.6708333333332,1982.9285714285716,19.1125,12.345833333333331,67.70833333333333,212.66666666666663,5.770833333333333,1.8208333333333333,15.7,24.4,,17.327916666666667,6.285416666666667,44.98541666666667,,,16.38,1.38,13.9,,,24.26,19.46,68.46,,2
527,2021-10-25,0.0,1011.4833333333332,2079.457142857143,19.945833333333333,10.754166666666668,59.16666666666666,225.625,4.245833333333334,1.4416666666666669,12.8,27.4,,29.441666666666663,16.232083333333335,34.76,,,15.86,6.92,4.63,,,126.2,45.02,82.99,,4
528,2021-10-26,0.0,1011.7374999999998,2037.1,23.029166666666665,12.479166666666666,56.125,186.5,2.8875,1.0666666666666669,15.6,31.5,,26.08791666666666,19.68958333333333,55.61958333333333,,,16.38,9.02,5.03,,,71.14,40.92,155.1,,9
529,2021-10-27,0.0,1013.7458333333334,1980.3,25.02083333333333,13.308333333333332,51.29166666666666,139.66666666666666,3.583333333333333,1.275,17.5,33.0,,29.419166666666666,20.124166666666664,62.001250000000006,,,16.13,4.17,5.98,,,154.1,49.44,146.4,,7
530,2021-10-28,0.0,1016.0291666666666,2048.2285714285717,23.92916666666667,13.2125,52.04166666666666,109.83333333333331,5.866666666666667,2.016666666666667,17.9,28.4,,16.678333333333335,10.908333333333331,42.062916666666666,,,15.17,3.63,3.76,,,18.55,27.44,88.32,,5
531,2021-10-29,0.0,1013.8833333333332,1986.3428571428567,22.14583333333333,16.933333333333334,73.625,117.41666666666669,8.7,2.6291666666666664,18.5,27.3,,15.948333333333332,4.968333333333334,47.37625,,,15.0,2.44,27.05,,,18.38,7.52,82.4,,6
532,2021-10-30,0.0,1010.5458333333332,2003.5857142857144,23.2,18.1125,74.375,107.91666666666669,7.525000000000001,2.220833333333333,19.5,27.7,,15.265416666666669,4.961666666666667,44.61083333333334,,,15.02,2.0,25.53,,,16.04,10.5,68.31,,2
533,2021-10-31,0.0,1009.8083333333334,1874.321428571429,24.191666666666663,18.191666666666663,70.66666666666667,107.625,5.254166666666667,1.6083333333333334,19.8,29.4,,15.38,5.184166666666667,38.428333333333335,,,15.11,1.68,21.31,,,16.32,13.64,63.03,,6
534,2021-11-01,0.0,1009.2208333333332,2015.8357142857144,23.941666666666663,17.6375,70.08333333333333,100.83333333333331,4.595833333333333,1.3999999999999997,18.9,29.7,,15.879166666666668,7.334583333333334,32.29625,,,15.15,3.19,3.93,,,17.57,11.76,74.8,,9
535,2021-11-02,0.0,1007.4041666666668,1977.4857142857145,24.14583333333333,18.820833333333333,74.41666666666667,123.75,4.820833333333334,1.5666666666666664,19.3,30.5,,19.00333333333333,6.2025,43.35041666666666,,,15.13,2.95,2.61,,,34.73,10.33,123.2,,2
536,2021-11-03,0.3583333333333334,1004.2291666666666,627.3285714285714,21.854166666666668,19.65,87.54166666666667,116.08333333333331,4.7375,1.275,20.6,23.5,,15.638750000000002,11.5605,16.480416666666667,,,15.48,3.92,4.18,,,16.44,19.93,36.82,,3
537,2021-11-04,0.3749999999999999,1002.925,1863.435714285714,23.337499999999995,18.808333333333334,77.79166666666667,204.875,4.270833333333333,1.3708333333333331,19.2,28.9,,15.944583333333334,,49.00083333333333,,,15.37,,4.91,,,17.08,,97.65,,0
538,2021-11-05,0.0,1004.9041666666668,1786.357142857143,23.808333333333337,19.57083333333333,78.33333333333333,153.29166666666666,4.995833333333334,1.425,20.1,28.7,,16.37333333333333,,46.42166666666666,,,15.48,,7.94,,,18.58,,121.9,,6
539,2021-11-06,0.4916666666666667,1009.0625,565.3428571428573,20.89583333333333,18.875,88.375,133.16666666666666,5.8125,1.775,17.3,22.4,,15.77375,2.364090909090909,33.15708333333334,,,15.47,1.1,18.71,,,16.01,3.49,45.34,,4
540,2021-11-07,0.0,1010.9,1962.107142857143,19.0875,13.266666666666666,70.20833333333333,126.25,5.425000000000001,1.6416666666666666,15.7,23.2,,15.604166666666666,2.3433333333333333,53.37458333333333,,,15.43,0.47,34.81,,,15.85,5.4,73.74,,2
541,2021-11-08,0.0,1009.9041666666666,2061.371428571428,19.20833333333333,12.554166666666664,66.875,125.04166666666669,4.670833333333333,1.5416666666666667,14.5,24.2,,17.505000000000003,6.0129166666666665,36.53869565217392,,,11.39,2.22,8.6,,,110.2,10.58,67.75,,5
542,2021-11-09,0.0,1011.3833333333332,2097.842857142857,20.004166666666663,12.979166666666666,66.25,137.20833333333334,4.245833333333334,1.3708333333333331,14.4,25.0,,12.391666666666666,7.50875,35.89541666666667,,,11.35,2.26,3.5,,,18.92,22.78,70.86,,9
543,2021-11-10,0.0,1012.6541666666666,2034.207142857143,19.808333333333334,12.041666666666666,63.5,122.45833333333331,6.1000000000000005,1.9583333333333333,15.2,24.1,,11.625833333333333,4.968333333333334,36.79333333333333,,,11.25,1.14,7.93,,,12.29,13.43,59.41,,4
544,2021-11-11,0.0,1015.1291666666666,1744.9142857142858,19.891666666666666,12.520833333333334,63.125,119.54166666666669,8.304166666666667,2.691666666666667,16.5,23.3,,11.472916666666668,3.0187499999999994,46.04208333333333,,,10.79,1.05,33.09,,,11.81,7.02,59.56,,11
545,2021-11-12,0.0,1015.6166666666668,1848.9,19.3375,12.254166666666668,64.75,115.33333333333331,8.25,2.591666666666667,15.5,22.5,,11.764166666666668,4.3125,41.967083333333335,,,11.11,1.63,19.88,,,12.58,9.02,58.49,,6
546,2021-11-13,0.0,1011.3916666666668,2139.95,20.629166666666663,12.745833333333332,62.41666666666666,112.16666666666669,7.1000000000000005,2.158333333333333,15.6,26.2,,11.662083333333332,4.997916666666667,41.017083333333325,,,11.4,1.89,15.06,,,11.99,9.46,66.09,,5
547,2021-11-14,0.0,1007.6416666666668,1947.0285714285717,22.616666666666664,13.529166666666669,58.958333333333336,175.5,4.629166666666667,1.4291666666666665,16.8,30.0,,20.389166666666664,7.246956521739131,53.7325,,,11.65,2.04,11.89,,,62.42,15.9,128.2,,5
548,2021-11-15,0.0,1006.7041666666668,1903.0142857142855,24.554166666666664,16.058333333333334,61.875,141.45833333333334,4.4,1.4458333333333335,19.7,31.4,,13.827083333333334,10.99,51.28375,,,12.1,10.99,13.12,,,25.14,10.99,111.1,,3
549,2021-11-16,0.2666666666666666,1005.55,1158.4071428571428,23.78333333333333,17.891666666666666,71.70833333333333,180.25,5.033333333333334,1.3875,19.7,29.7,,13.816956521739131,,40.82652173913044,,,12.07,,3.45,,,24.21,,92.31,,5
550,2021-11-17,0.0416666666666666,1007.7708333333334,350.17142857142863,18.59583333333333,16.900000000000002,89.95833333333333,174.5,5.158333333333334,1.3375,15.5,20.2,,12.1625,,29.838750000000005,,,11.78,,15.03,,,12.69,,42.08,,4
551,2021-11-18,0.2333333333333333,1007.6125,445.2214285714286,16.758333333333333,14.470833333333331,86.58333333333333,115.16666666666669,4.454166666666667,1.3916666666666666,15.4,18.2,,11.988333333333337,5.047272727272727,27.30916666666667,,,11.81,1.34,17.36,,,12.23,9.0,37.19,,7
552,2021-11-19,0.0,1009.2833333333334,1177.65,19.52083333333333,13.320833333333333,69.41666666666667,114.25,3.908333333333333,1.1708333333333334,16.7,23.8,,12.175,6.681304347826088,31.9725,,,12.05,1.49,11.33,,,12.36,13.59,52.97,,6
553,2021-11-20,0.0,1010.8250000000002,2214.671428571429,20.691666666666663,10.895833333333334,58.79166666666666,130.33333333333334,3.5333333333333337,1.1125,13.2,28.8,,15.77,10.950000000000005,36.03208333333333,,,11.96,3.44,0.98,,,46.12,25.05,104.6,,2
554,2021-11-21,0.0,1008.0958333333332,2178.421428571429,23.85833333333333,11.987500000000002,50.66666666666666,188.58333333333331,3.3666666666666667,1.125,16.3,32.2,,32.01125,13.604583333333332,46.90416666666666,,,12.07,4.54,0.98,,,133.5,30.69,115.6,,4
555,2021-11-22,0.0,1003.6791666666668,2172.1357142857146,27.133333333333336,12.533333333333331,44.5,195.79166666666663,3.583333333333333,1.1375000000000002,18.5,35.3,,16.459999999999997,16.19875,53.99375,,,12.64,5.63,2.11,,,45.82,30.66,116.9,,4
556,2021-11-23,0.0,1006.35,1660.314285714286,23.89583333333333,14.666666666666666,57.083333333333336,178.5,6.291666666666667,1.7041666666666666,20.8,27.4,,14.7725,8.993478260869566,43.33958333333334,,,12.28,1.52,9.29,,,29.32,36.82,76.01,,6
557,2021-11-24,0.0,1010.1583333333332,2252.8857142857146,21.27916666666667,11.208333333333334,57.66666666666666,107.5,5.533333333333334,1.7416666666666665,15.2,29.0,,12.39375,6.457272727272727,36.48833333333334,,,12.17,2.94,7.97,,,12.85,14.86,65.31,,3
558,2021-11-25,0.3,1002.8041666666668,1400.36,23.26666666666667,16.616666666666664,69.79166666666667,99.45833333333331,4.925000000000001,1.375,16.6,33.7,,12.747083333333334,11.6405,44.03874999999999,,,12.21,6.48,2.54,,,13.95,23.24,115.0,,6
559,2021-11-26,1.1217391304347828,996.5695652173912,609.5866666666666,21.839130434782607,19.93913043478261,89.08695652173913,222.0434782608696,7.086956521739131,2.0043478260869567,20.8,23.1,,13.075833333333335,,37.751250000000006,,,12.39,,17.98,,,15.18,,57.07,,6
560,2021-11-27,0.3916666666666666,1000.4291666666668,1426.8466666666668,22.4875,19.97083333333333,86.25,180.875,6.7375,1.7375,20.3,25.2,,12.54125,,33.04333333333333,,,12.45,,17.84,,,12.63,,41.53,,4
561,2021-11-28,0.0083333333333333,1001.3625,977.0071428571428,23.09583333333333,19.375,80.33333333333333,179.66666666666666,2.95,0.8583333333333334,20.0,26.1,,13.172083333333331,4.453076923076923,34.89458333333334,,,12.39,1.92,5.05,,,14.37,15.38,72.4,,3
562,2021-11-29,0.0,996.1,1683.0214285714285,23.808333333333334,17.091666666666665,67.91666666666667,257.9166666666667,8.341666666666667,2.5625,21.9,25.6,,24.90875,13.692105263157892,37.5275,,,12.61,5.62,6.41,,,94.17,23.73,67.79,,6
563,2021-11-30,0.0,999.8583333333332,1450.253333333333,23.78333333333333,14.983333333333334,58.375,267.3333333333333,8.3125,2.5708333333333333,20.8,26.6,,28.287500000000005,12.052105263157896,31.894166666666667,,,12.58,3.56,5.99,,,164.6,34.04,51.58,,9
564,2021-12-01,0.4416666666666667,1006.1749999999998,1178.935714285714,20.820833333333333,16.375,76.66666666666667,188.20833333333331,5.304166666666666,1.4333333333333336,18.8,23.9,,13.227083333333333,4.988181818181818,21.99875,,,12.62,1.82,12.11,,,14.33,10.37,33.01,,8
565,2021-12-02,0.0,1009.0291666666666,1544.513333333333,20.179166666666667,13.575,67.08333333333333,118.83333333333331,6.079166666666667,1.7833333333333332,16.0,24.2,,12.655833333333334,,28.68208333333333,,,12.27,,3.83,,,13.62,,46.38,,2
566,2021-12-03,0.0,1008.7208333333332,1964.2866666666669,21.1875,15.308333333333332,70.45833333333333,112.0,7.245833333333334,2.25,16.9,25.2,,12.715000000000002,3.671764705882353,33.38958333333333,,,12.37,1.92,11.76,,,13.39,9.08,52.83,,7
567,2021-12-04,0.0,1009.0,1906.513333333333,23.075,16.808333333333334,69.66666666666667,106.625,6.341666666666666,1.8708333333333331,18.6,28.8,,13.1,,30.988333333333333,,,12.64,,7.16,,,14.27,,61.73,,2
568,2021-12-05,0.0,1009.4625,1089.0400000000002,23.10833333333333,18.775,77.33333333333333,122.41666666666669,6.916666666666667,2.204166666666667,20.3,26.1,,12.933333333333335,1.8123809523809524,31.03291666666667,,,12.6,0.47,17.7,,,13.55,2.89,50.97,,4
569,2021-12-06,2.5,1010.7333333333332,1324.3933333333334,21.691666666666663,18.2,81.70833333333333,121.45833333333331,9.083333333333334,2.7791666666666663,18.9,24.6,,12.795416666666668,2.5077272727272724,25.98541666666667,,,12.4,0.47,15.3,,,13.23,9.36,45.8,,6
570,2021-12-07,0.0166666666666666,1014.6333333333332,1597.3733333333332,20.8125,14.516666666666667,68.70833333333333,113.29166666666669,7.579166666666667,2.283333333333333,16.9,23.9,,13.09625,3.1808333333333336,31.01125,,,12.7,0.47,12.7,,,14.19,8.36,44.4,,3
571,2021-12-08,0.0,1013.5791666666668,1634.9333333333334,20.758333333333333,13.558333333333332,65.375,117.5,6.454166666666667,1.9666666666666668,16.5,25.2,,13.06375,4.638333333333334,30.034166666666668,,,12.65,1.9,6.22,,,14.31,10.96,47.33,,3
572,2021-12-09,0.0583333333333333,1011.8583333333332,1601.0266666666669,20.616666666666667,15.729166666666666,74.75,119.29166666666669,6.420833333333332,1.9583333333333333,17.5,24.6,,20.12708333333333,5.256666666666667,25.09695652173913,,,12.62,2.04,5.22,,,172.5,8.9,42.94,,6
573,2021-12-10,0.0,1007.9416666666668,2113.02,21.0625,13.55,64.29166666666667,124.75,6.008333333333333,1.925,15.8,25.7,,14.0775,6.10125,29.7525,,,13.61,1.98,2.19,,,15.34,12.01,54.19,,5
574,2021-12-11,0.0,1002.0708333333332,1619.753333333333,21.71666666666667,15.445833333333333,68.83333333333333,124.83333333333331,5.1625000000000005,1.5833333333333333,17.8,26.7,,14.110833333333332,5.391666666666667,35.14541666666667,,,13.65,2.5,7.74,,,15.66,8.78,63.04,,4
575,2021-12-12,0.0,1001.0375,1993.42,24.22083333333333,17.566666666666666,68.79166666666667,123.33333333333331,5.5,1.8083333333333331,19.1,31.2,,14.0425,5.355,36.8275,,,13.7,2.42,5.77,,,14.95,10.14,70.45,,3
576,2021-12-13,0.0,1002.95,1286.006666666667,25.933333333333334,20.383333333333336,73.83333333333333,111.625,5.304166666666666,1.6583333333333334,21.4,32.2,,14.195833333333336,8.093684210526316,46.0275,,,13.37,3.54,6.08,,,16.19,13.33,88.7,,10
577,2021-12-14,0.5666666666666667,1004.5625,280.06,23.058333333333334,21.433333333333334,90.625,111.08333333333331,7.5,2.2625,21.3,24.4,,13.765,4.573181818181818,29.395,,,13.47,1.87,16.09,,,14.01,10.85,38.95,,8
578,2021-12-15,0.0416666666666666,1004.5583333333334,909.0,23.45,20.90833333333333,85.95833333333333,115.45833333333331,7.566666666666666,2.35,21.1,26.3,,13.823750000000002,3.989130434782609,34.80875,,,13.3,1.08,20.38,,,14.38,7.98,57.23,,4
579,2021-12-16,0.0,1004.7583333333332,964.44,23.691666666666663,20.7625,84.08333333333333,156.66666666666666,4.620833333333334,1.3458333333333334,21.6,26.1,8.814545454545454,14.125217391304348,7.819411764705883,22.186086956521734,,6.0,13.03,3.12,4.66,,18.63,14.79,12.2,40.11,,2
580,2021-12-17,0.0083333333333333,1008.85,1667.4733333333331,22.991666666666664,18.34166666666667,75.91666666666667,195.375,5.5625,1.8375,19.9,26.5,10.079565217391306,15.644782608695651,8.6345,32.48608695652174,,6.0,13.96,2.33,2.27,,21.2,24.02,27.92,55.84,,5
581,2021-12-18,0.0,1011.1791666666668,1425.82,22.3125,17.712500000000002,75.54166666666667,113.08333333333331,8.904166666666667,2.6333333333333333,19.8,24.7,11.103333333333332,14.227083333333336,3.0650000000000004,29.700416666666666,,6.0,13.07,1.65,18.35,,21.06,15.07,4.73,38.6,,6
582,2021-12-19,0.0,1008.5375,2093.7533333333336,24.025,17.466666666666665,68.41666666666667,107.83333333333331,7.091666666666666,2.0416666666666665,19.3,29.8,15.013750000000002,15.324583333333331,4.903333333333333,36.38708333333334,,6.0,13.93,2.06,9.41,,38.07,16.59,15.36,69.42,,3
583,2021-12-20,0.0,1004.3875,2075.0,25.77916666666667,18.133333333333336,64.95833333333333,180.70833333333331,4.7250000000000005,1.5333333333333332,20.0,32.8,20.558333333333334,19.00375,10.919545454545457,47.43083333333334,,6.0,14.25,4.04,2.08,,48.61,52.84,18.39,132.4,,5
584,2021-12-21,0.0083333333333333,1002.55,1542.5866666666668,24.775,19.8,75.41666666666667,159.0,3.954166666666667,1.15,21.3,29.3,33.63291666666667,14.482083333333334,10.059047619047618,53.705000000000005,,13.82,13.31,3.73,23.02,,50.0,16.55,19.9,144.6,,7
585,2021-12-22,0.0416666666666666,1003.5666666666666,1792.9333333333334,24.54583333333333,18.7625,71.79166666666667,144.33333333333334,5.745833333333333,1.4541666666666666,22.6,26.8,17.672916666666666,14.070833333333333,5.766666666666666,30.663750000000004,,6.0,13.15,1.56,15.08,,37.76,14.96,10.46,48.82,,5
586,2021-12-23,0.0,1008.5625,1883.5266666666669,22.891666666666666,16.183333333333334,67.29166666666667,140.16666666666666,5.045833333333333,1.5416666666666667,18.6,26.4,17.125416666666666,14.502083333333331,9.281249999999998,26.38416666666667,,6.0,13.78,2.43,2.69,,28.22,15.09,47.4,42.85,,4
587,2021-12-24,0.0,1007.5333333333332,1899.7333333333331,23.04583333333333,15.816666666666668,66.33333333333333,111.875,6.0375000000000005,1.758333333333333,18.4,27.4,18.6975,14.114583333333334,5.49625,28.820416666666663,,6.0,13.32,2.26,3.43,,42.48,15.03,9.35,52.53,,4
588,2021-12-25,0.0,1004.3291666666668,2104.393333333333,24.0875,16.458333333333332,65.75,169.875,5.0375000000000005,1.6791666666666665,18.2,31.1,23.144583333333333,15.287916666666668,6.029166666666666,37.15375,,6.0,13.7,1.42,2.39,,51.2,24.58,11.78,91.68,,4
589,2021-12-26,0.0,1003.55,1271.7666666666669,24.008333333333336,18.7125,73.875,150.5,4.2125,1.2458333333333331,19.7,28.3,23.59,15.686666666666667,6.995,34.8775,,6.0,13.56,1.51,5.39,,42.46,21.64,14.99,94.71,,6
590,2021-12-27,0.0,1003.7791666666666,1965.9333333333332,24.941666666666663,16.900000000000002,66.33333333333333,207.20833333333331,4.029166666666667,1.4458333333333335,19.1,32.2,18.57208333333333,34.41416666666667,8.408095238095237,40.32375,,6.0,14.17,2.35,2.89,,46.83,149.3,18.72,75.7,,7
591,2021-12-28,0.0,1006.2791666666668,2058.3066666666664,25.212499999999995,18.329166666666666,68.125,118.0,5.974999999999999,1.8833333333333333,20.8,30.1,17.277083333333334,14.537916666666668,4.542083333333333,35.62166666666666,,6.0,13.5,1.55,7.35,,36.29,15.71,10.52,63.51,,2
592,2021-12-29,0.0,1009.2958333333332,1950.6,23.995833333333334,17.658333333333335,68.95833333333333,117.95833333333331,7.283333333333334,2.35,19.4,29.0,19.7725,14.147916666666664,3.809166666666666,32.65875,,6.0,13.44,1.75,9.73,,39.08,15.12,6.76,55.64,,5
593,2021-12-30,0.0,1005.1166666666668,2010.5466666666669,25.675,18.929166666666664,68.33333333333333,109.79166666666669,6.695833333333334,2.108333333333333,20.9,31.9,19.945416666666667,14.375416666666666,5.514166666666667,36.18083333333333,,6.0,13.54,2.43,14.29,,33.84,15.64,11.29,64.55,,1
594,2021-12-31,0.0,1001.3125,1909.3133333333333,27.09166666666667,17.795833333333334,59.54166666666666,155.29166666666666,4.941666666666666,1.625,22.3,33.2,24.784166666666664,19.99833333333333,9.370833333333334,45.12916666666666,,6.0,14.14,3.72,4.48,,83.03,59.7,23.15,113.9,,2
595,2022-01-01,0.0,999.8375,2011.8733333333328,27.379166666666663,19.8375,66.25,152.75,4.2,1.4041666666666668,21.5,34.2,35.970416666666665,24.808333333333334,6.347083333333334,51.25666666666667,,18.96,14.38,1.72,4.52,,96.15,88.21,15.92,135.2,,2
596,2022-01-02,0.525,1000.8208333333332,1370.7733333333333,26.350000000000005,20.32916666666667,72.125,131.95833333333334,5.666666666666667,1.5458333333333334,21.8,34.8,17.489166666666666,16.167083333333334,5.253333333333333,49.529583333333335,,6.0,13.75,2.77,7.13,,46.73,26.56,12.28,133.9,,1
597,2022-01-03,0.0,1002.4625,1688.9733333333331,27.479166666666668,21.3375,70.95833333333333,133.04166666666666,4.258333333333333,1.2541666666666669,23.2,33.1,13.463333333333331,13.939999999999998,9.167916666666668,56.88875,,6.0,13.78,5.68,7.0,,31.27,14.47,14.24,130.1,,8
598,2022-01-04,0.025,1000.1833333333334,727.98,26.183333333333334,21.7375,77.375,200.79166666666663,3.575,1.1125,24.5,28.8,20.456666666666667,14.0875,12.570416666666668,41.01291666666666,,6.0,13.71,5.91,4.75,,36.97,15.34,20.87,90.95,,7
599,2022-01-05,2.225,1000.375,333.5466666666667,23.191666666666663,21.72083333333333,91.58333333333331,172.20833333333334,5.587500000000001,1.3124999999999998,21.1,25.4,15.570833333333333,15.722083333333332,9.421666666666669,20.49291666666667,,6.0,13.84,3.11,7.51,,40.0,18.35,19.83,43.62,,7
600,2022-01-06,0.0,1007.7583333333332,1419.6333333333334,22.245833333333334,15.699999999999998,67.83333333333333,125.25,6.675,1.9333333333333336,17.9,25.3,16.170416666666668,15.103333333333332,4.4816666666666665,20.984583333333333,,6.0,14.05,1.37,6.14,,32.49,16.53,14.53,32.09,,9
601,2022-01-07,0.0,1009.5166666666668,1596.986666666667,22.05416666666667,15.304166666666664,66.91666666666667,115.04166666666669,6.779166666666666,2.145833333333333,17.9,25.1,15.617083333333332,15.314583333333331,4.412916666666667,23.449583333333333,,6.0,14.43,2.19,5.68,,29.63,16.33,8.35,38.61,,4
602,2022-01-08,0.0,1009.8833333333332,1865.7666666666669,22.620833333333334,15.879166666666668,66.58333333333333,107.33333333333331,8.612499999999999,2.6166666666666667,19.1,25.6,14.289583333333336,14.780416666666667,3.459583333333333,27.245833333333337,,6.0,13.55,1.51,6.02,,23.85,16.29,6.57,41.81,,1
603,2022-01-09,0.0,1010.5124999999998,1819.1733333333327,23.058333333333337,16.375,66.95833333333333,101.875,8.741666666666665,2.5625,19.2,27.1,13.993333333333334,14.85875,2.9,26.269583333333333,,6.0,14.13,1.24,13.44,,29.79,16.42,5.12,35.7,,9
604,2022-01-10,0.0,1007.6583333333332,1823.1933333333332,24.383333333333336,17.929166666666664,69.16666666666667,124.375,5.908333333333334,1.7791666666666668,19.1,28.9,14.457916666666668,14.863333333333337,4.827083333333333,27.64166666666667,,6.0,14.23,2.94,6.45,,28.72,16.51,6.53,65.4,,5
605,2022-01-11,0.0,1004.6,2078.6266666666666,25.65416666666667,18.741666666666667,68.83333333333333,184.70833333333331,4.716666666666668,1.5375,20.0,32.2,16.65625,16.887083333333333,7.204166666666667,19.967222222222222,,6.0,0.65,0.47,4.11,,40.74,208.0,18.24,62.33,,5
606,2022-01-12,0.0,1005.9541666666668,2058.526666666666,25.58333333333333,19.25,71.33333333333333,146.95833333333334,4.995833333333333,1.65,20.8,32.6,23.033529411764704,25.363333333333333,8.008260869565218,46.39739130434782,,6.0,0.65,3.67,3.76,,48.17,325.5,18.34,141.6,,6
607,2022-01-13,0.0,1008.1833333333334,2060.353333333333,26.120833333333334,19.5625,69.91666666666667,146.25,4.9,1.6833333333333336,20.1,33.5,25.572916666666668,5.9975,11.31875,45.65041666666667,,6.0,0.65,3.45,0.98,,44.72,55.26,41.02,157.5,,6
608,2022-01-14,0.0,1009.0260869565216,1910.5357142857144,28.00869565217392,19.508695652173916,63.34782608695652,164.95652173913044,5.086956521739131,1.6130434782608696,21.8,36.0,25.289583333333336,6.047083333333333,10.174166666666666,50.745000000000005,,6.0,0.65,4.69,4.16,,55.68,38.51,18.94,146.6,,2
609,2022-01-15,0.0,1007.4666666666668,1714.5866666666664,29.65833333333333,21.45,62.66666666666666,253.33333333333331,4.891666666666667,1.6458333333333333,25.3,35.7,15.973333333333334,2.652083333333333,10.1775,36.6725,,6.0,0.65,4.98,5.51,,31.63,14.29,16.95,96.64,,2
610,2022-01-16,0.7416666666666667,1002.125,1826.4133333333327,30.979166666666668,21.629166666666663,60.04166666666666,256.4166666666667,6.075,1.8666666666666665,26.1,38.6,17.948333333333334,8.665833333333333,7.77375,44.09666666666667,,6.0,0.65,2.36,13.93,,44.15,43.73,16.82,84.07,,5
611,2022-01-17,0.7833333333333333,1002.2333333333332,1381.6,26.649999999999995,21.945833333333336,77.375,162.5,5.9375,1.575,22.2,34.2,13.540833333333332,0.65,9.459166666666668,45.02041666666667,,6.0,0.65,0.47,3.77,,24.79,0.65,28.98,109.7,,3
612,2022-01-18,0.6166666666666667,1006.7875,400.4875,24.42083333333333,22.15833333333333,87.5,140.125,4.3500000000000005,1.175,21.9,26.9,16.62125,0.65,9.763333333333334,31.28375,,6.0,0.65,1.74,7.59,,41.6,0.65,20.97,70.63,,6
613,2022-01-19,0.0,1008.5521739130436,1885.54,28.686956521739127,22.30434782608696,71.65217391304348,167.7826086956522,3.534782608695652,1.1478260869565218,22.9,36.5,24.640416666666667,,12.982916666666668,45.90958333333333,,6.0,,4.55,4.11,,47.99,,40.58,135.9,,6
614,2022-01-20,0.0,1007.3041666666668,1514.7933333333335,29.5,23.166666666666668,70.20833333333333,157.54166666666666,3.9916666666666663,1.2833333333333334,24.4,35.7,31.099166666666665,,9.336666666666666,44.24416666666667,,6.0,,2.39,2.45,,48.59,,24.94,146.6,,9
615,2022-01-21,0.0,1005.6124999999998,1892.06,28.891666666666666,23.1,72.75,88.875,5.379166666666666,1.6583333333333332,24.1,34.5,27.22833333333333,1.965,5.364583333333333,39.81583333333333,,6.0,1.63,1.38,3.24,,44.66,2.46,12.67,83.66,,5
616,2022-01-22,0.0,1003.275,1910.48,30.72083333333333,22.92916666666667,66.20833333333333,183.41666666666663,4.779166666666667,1.4916666666666665,24.7,38.5,26.172083333333337,2.0316666666666667,5.584583333333334,52.24958333333333,,6.0,1.81,1.31,3.36,,58.24,2.24,10.93,131.6,,4
617,2022-01-23,0.1916666666666666,1003.2291666666666,901.14,30.070833333333336,22.73333333333333,66.33333333333333,175.08333333333334,3.404166666666667,1.025,24.9,35.1,35.9225,1.9458333333333333,8.800833333333332,46.90208333333334,,16.16,1.74,0.47,3.94,,53.62,2.25,14.81,109.8,,5
618,2022-01-24,0.0166666666666666,1004.5,1903.0866666666664,29.258333333333336,24.57916666666667,77.625,192.41666666666663,3.7375,1.1458333333333333,25.0,34.4,25.54583333333333,1.9208333333333332,9.223333333333333,56.17416666666666,,6.0,1.61,1.99,3.03,,94.44,2.2,22.02,182.1,,5
619,2022-01-25,0.0,1003.6583333333334,1753.0266666666669,29.554166666666664,22.962499999999995,69.41666666666667,155.66666666666666,5.3375,1.4625,24.3,35.5,23.951666666666668,1.9283333333333332,6.73125,59.80291666666667,,14.14,1.65,0.47,19.29,,34.59,2.29,20.74,149.9,,7
620,2022-01-26,2.3666666666666667,1000.3708333333334,1570.3733333333332,27.625,22.495833333333334,75.95833333333333,184.375,5.104166666666667,1.55,23.2,35.5,19.97,2.095,7.5575,51.458333333333336,,13.23,1.84,2.14,3.2,,32.89,2.58,18.32,133.2,,5
621,2022-01-27,0.5416666666666666,1004.45,410.0750000000001,23.641666666666666,21.05,85.75,163.66666666666666,6.779166666666666,1.975,22.9,24.5,10.197916666666666,2.125,3.752916666666666,33.32625,,6.0,2.04,0.47,3.78,,25.22,2.46,11.47,56.63,,2
622,2022-01-28,0.0,1008.1208333333334,1392.9733333333331,21.837499999999995,16.1375,71.0,124.04166666666669,6.2625,1.95,18.9,24.4,16.74791666666667,2.117083333333333,4.892083333333333,16.588333333333335,,6.0,1.91,1.02,0.98,,35.96,2.4,11.52,31.03,,6
623,2022-01-29,0.0,1007.2166666666668,1709.2285714285715,22.15416666666667,15.245833333333332,66.54166666666667,120.70833333333331,6.2375,2.0458333333333334,18.3,25.3,14.053333333333333,1.9595833333333332,4.038749999999999,20.256666666666664,,6.0,1.8,0.47,1.99,,29.57,2.26,10.84,36.34,,3
624,2022-01-30,0.0,1005.5958333333334,1552.8666666666666,23.804166666666664,16.9375,66.375,105.70833333333331,6.179166666666667,1.8333333333333333,20.1,27.8,12.33125,1.9416666666666664,2.5129166666666665,25.13583333333333,,6.0,1.82,0.47,8.85,,33.18,2.12,6.6,43.98,,3
625,2022-01-31,0.0999999999999999,1002.1083333333332,1772.3285714285714,24.866666666666664,18.504166666666663,68.625,173.0,4.1375,1.2583333333333335,20.5,31.2,19.325,2.874166666666666,5.566666666666666,37.77625,,6.0,1.91,1.65,3.48,,36.83,8.06,11.02,85.27,,4
626,2022-02-01,0.0083333333333333,1006.1333333333332,1814.685714285714,24.754166666666663,19.616666666666664,73.91666666666667,130.375,5.575,1.6833333333333336,21.8,28.1,23.188333333333333,1.8904166666666664,3.2516666666666665,34.73,,6.0,1.73,1.08,6.46,,42.03,2.1,8.4,65.0,,4
627,2022-02-02,0.0,1006.75,1940.6,25.695833333333336,19.529166666666665,70.95833333333333,120.08333333333331,4.879166666666666,1.4666666666666668,19.9,32.5,22.53708333333334,2.234583333333333,3.98875,36.711666666666666,,6.0,1.66,1.33,2.7,,42.12,4.0,8.54,94.37,,3
628,2022-02-03,0.0,1004.1958333333332,1807.8857142857144,28.116666666666664,21.054166666666664,68.66666666666667,161.875,4.895833333333333,1.6416666666666668,22.5,34.9,26.584166666666665,4.18375,7.510000000000001,43.10208333333333,,6.0,1.59,2.3,3.52,,60.41,19.64,16.1,113.0,,4
629,2022-02-04,0.0,1001.2875,1117.071428571429,27.350000000000005,22.266666666666666,74.375,228.79166666666663,4.545833333333333,1.5458333333333332,24.7,29.9,21.331666666666667,4.163333333333333,7.006666666666667,31.32041666666667,,6.0,1.62,1.85,8.77,,46.72,15.2,17.6,51.16,,3
630,2022-02-05,0.2416666666666666,999.6166666666668,1065.5571428571427,25.1875,21.92083333333333,82.5,222.04166666666663,4.170833333333333,1.3166666666666669,23.3,30.2,22.45833333333333,1.92125,7.347499999999999,30.887916666666666,,6.0,1.55,1.5,6.21,,45.46,2.41,12.89,65.32,,2
631,2022-02-06,0.0,1004.2130434782608,1744.3642857142856,24.17826086956521,18.92608695652174,74.69565217391305,266.9130434782609,5.865217391304348,1.973913043478261,22.2,26.7,14.225833333333332,3.1595833333333334,6.102499999999999,32.900416666666665,,6.0,1.62,1.28,10.36,,39.49,26.49,22.98,54.45,,4
632,2022-02-07,0.0,1008.1,1947.4,22.4875,13.620833333333332,58.16666666666666,258.1666666666667,5.558333333333333,1.8166666666666664,18.8,25.0,9.284583333333334,3.359166666666667,9.792083333333334,28.10708333333333,,6.0,2.01,2.63,5.32,,35.39,10.74,23.07,54.94,,4
633,2022-02-08,0.0,1008.6875,1737.642857142857,22.679166666666664,15.804166666666667,65.66666666666667,207.41666666666663,5.45,1.6333333333333335,18.9,25.4,16.949583333333333,1.8945833333333333,4.036666666666666,26.507916666666663,,6.0,1.6,0.47,4.36,,31.31,2.2,15.29,49.41,,1
634,2022-02-09,0.0,1008.7083333333334,1692.4071428571428,22.566666666666663,17.070833333333336,72.91666666666667,114.75,4.4625,1.3708333333333336,18.8,27.1,17.864166666666666,1.8595833333333327,4.154166666666666,24.35708333333333,,6.0,1.58,1.49,3.13,,40.99,2.28,9.92,54.07,,1
635,2022-02-10,0.0,1006.3291666666668,1990.95,24.445833333333336,17.962500000000002,68.75,114.5,6.108333333333333,1.9041666666666668,20.0,30.5,15.36904761904762,9.97625,4.401666666666666,30.22652173913044,,6.0,1.73,0.94,5.34,,36.17,185.2,8.31,69.44,,2
636,2022-02-11,0.0,1005.5333333333332,1827.0285714285717,26.21666666666667,19.508333333333336,68.75,130.75,5.208333333333333,1.5958333333333332,21.5,32.4,18.99571428571429,2.225714285714286,5.062857142857142,7.574285714285715,,6.0,2.1,3.89,0.98,,37.88,2.35,6.29,13.82,,3
637,2022-02-12,0.0,1005.4333333333334,1890.853846153846,26.929166666666664,19.4875,65.375,142.29166666666666,4.391666666666667,1.4083333333333332,21.9,33.1,,,,,,,,,,,,,,,,6
638,2022-05-21,0.0083333333333333,1016.5958333333334,1270.0727272727272,12.241666666666667,8.995833333333332,82.58333333333333,187.25,2.141666666666667,0.8041666666666667,7.9,18.7,,,,,,,,,,,,,,,,11
639,2022-05-22,0.0,1016.0,831.1909090909089,13.745833333333332,10.658333333333331,83.125,146.16666666666666,1.9041666666666668,0.6958333333333333,10.5,19.5,,,,,,,,,,,,,,,,11
640,2022-05-23,0.0083333333333333,1013.5416666666666,1114.3272727272729,15.3875,12.291666666666666,83.75,159.45833333333334,2.1916666666666664,0.7541666666666668,10.9,22.3,,,,,2.725,,,,,2.725,,,,,2.725,10
641,2022-05-24,0.0,1012.425,1164.8545454545454,17.758333333333333,13.329166666666666,77.83333333333333,175.16666666666666,2.3791666666666664,0.925,12.0,25.0,,9.4875,42.79166666666666,27.10636363636364,2.4724621212272724,,3.3,17.5,0.98,1.35,,80.3,102.1,98.8,4.6,16
642,2022-05-25,0.0083333333333333,1012.0875,1125.2545454545457,20.025,14.554166666666664,74.0,140.41666666666666,3.266666666666667,1.1583333333333332,14.1,28.1,,4.478260869565218,38.79583333333334,28.735833333333336,2.4788541666666664,,3.3,13.1,0.98,1.4575,,9.0,97.8,78.6,5.77,8
643,2022-05-26,0.0666666666666666,1014.6875,392.3181818181818,17.970833333333335,15.941666666666668,88.16666666666667,182.125,3.5875000000000004,1.0416666666666667,16.5,20.1,,4.641666666666667,26.47083333333333,16.508333333333333,1.8060416666666663,,3.3,9.5,3.1,1.27,,12.0,45.1,41.8,2.81,11
644,2022-05-27,0.6249999999999999,1011.2458333333334,179.62727272727273,16.854166666666668,16.150000000000002,95.66666666666669,211.29166666666663,2.9916666666666667,0.875,15.9,17.9,,3.782608695652174,34.229166666666664,8.345833333333333,2.487083333333333,,2.8,7.3,2.8,1.315,,5.1,67.8,21.9,6.1175,8
645,2022-05-28,0.0833333333333333,1008.3791666666666,396.2363636363637,17.25,16.22083333333333,93.75,139.33333333333334,2.7458333333333336,0.85,16.3,18.8,,3.295652173913044,24.47083333333333,10.361739130434785,2.0140625,,2.5,8.4,0.98,0.9025,,4.9,60.6,36.8,5.9775,9
646,2022-05-29,0.4083333333333334,1003.2708333333334,166.45454545454547,16.7,15.783333333333331,94.375,175.0,4.370833333333334,1.1583333333333332,14.6,17.8,,3.083333333333333,11.370833333333332,17.2675,1.569583333333333,,2.7,6.4,0.98,1.19,,3.5,20.9,34.5,2.8575,3
647,2022-05-30,0.0083333333333333,1009.3583333333332,780.7,13.208333333333334,9.191666666666668,77.25,201.125,3.454166666666667,0.9625,11.4,15.3,,3.495652173913044,14.304166666666664,18.735833333333336,1.375,,2.9,4.8,0.98,1.11,,4.7,23.7,43.1,2.03,2
648,2022-05-31,0.0,1015.2999999999998,1199.7454545454543,8.754166666666666,3.795833333333334,72.5,213.5,3.470833333333333,1.1,5.8,12.5,,11.954166666666666,22.266666666666666,13.286666666666669,1.8536458333333332,,2.5,6.5,0.98,1.2225,,76.7,53.5,53.7,3.69,15
649,2022-06-15,0.0083333333333333,1013.7416666666664,1129.4818181818182,13.795833333333334,10.279166666666669,81.41666666666667,148.66666666666666,2.120833333333333,0.8583333333333334,8.7,20.4,,,28.565217391304348,7.981999999999997,1.8543478260869568,,,8.3,0.98,1.1,,,98.4,45.8,2.8,8
650,2022-06-16,0.0,1009.7833333333332,978.4,14.891666666666666,10.9875,79.66666666666667,129.08333333333334,1.8666666666666665,0.6541666666666667,8.6,23.3,,,27.524999999999995,15.411666666666669,2.0691666666666664,,,10.2,0.98,1.54,,,79.0,86.8,3.03,7
651,2022-06-17,1.5083333333333335,1000.9291666666668,123.52727272727272,16.641666666666666,14.7,89.04166666666667,157.875,5.295833333333333,1.25,14.6,18.9,,,15.158333333333331,8.2225,1.3862499999999998,,,5.2,0.98,0.97,,,27.6,33.0,2.43,7
652,2022-06-18,0.0166666666666666,1013.1791666666668,1150.0363636363636,10.6875,6.016666666666666,74.45833333333333,271.6666666666667,6.275,1.9416666666666664,7.9,14.2,,,11.116666666666667,21.264166666666664,1.4629166666666666,,,2.2,0.98,0.9,,,28.1,47.3,3.02,10
653,2022-06-19,0.0,1016.0041666666666,1147.9,9.229166666666666,4.845833333333334,77.125,162.75,1.9875,0.6583333333333333,4.2,17.4,,,15.820833333333333,17.013333333333335,1.9741666666666664,,,6.4,0.98,1.36,,,29.9,65.4,3.97,3
654,2022-06-20,0.0083333333333333,1013.475,1070.0636363636363,11.804166666666664,8.495833333333334,81.95833333333333,123.20833333333331,2.458333333333333,0.8208333333333334,6.5,20.1,,,17.166666666666668,10.44222222222222,1.7916666666666667,,,5.2,0.98,1.31,,,38.1,33.3,3.77,11
655,2022-06-21,0.2166666666666666,1008.6791666666668,124.26363636363637,13.15,12.0375,93.125,178.375,3.8125,1.0458333333333334,10.9,16.3,,,18.56583333333333,3.166315789473684,1.6450000000000002,,,6.9,0.98,1.21,,,28.77,15.6,2.09,5
656,2022-06-22,0.3166666666666667,1006.75,179.9909090909091,14.391666666666666,13.645833333333334,95.29166666666669,141.58333333333334,3.9,1.0791666666666668,13.6,15.0,,3.779130434782608,15.014347826086958,2.1700000000000004,,,3.14,9.69,0.98,,,4.54,25.52,7.65,,9
657,2022-06-23,0.1083333333333333,1009.1416666666668,195.45454545454547,14.375,13.824999999999998,96.5,225.25,2.9958333333333336,0.9083333333333332,14.2,14.6,8.938333333333333,3.411666666666666,14.830416666666666,2.052083333333333,,6.0,2.72,5.96,0.98,,23.63,4.36,28.99,6.91,,7
658,2022-06-24,0.1416666666666667,1013.0416666666666,156.0,14.516666666666666,13.870833333333332,95.83333333333331,125.95833333333331,3.029166666666667,0.8624999999999998,13.8,15.8,15.69,3.4104166666666664,13.551666666666668,2.9095833333333334,,15.69,2.54,2.35,0.98,,15.69,5.66,28.07,9.1,,6
659,2022-06-25,0.05,1020.0458333333332,704.5,12.658333333333337,10.329166666666667,86.20833333333333,165.16666666666666,5.108333333333333,1.225,11.1,14.4,,3.06625,4.748333333333334,17.136666666666667,,,2.74,0.47,0.98,,,3.51,13.16,23.43,,8
660,2022-06-26,0.0,1019.7125,649.1636363636363,10.691666666666668,8.058333333333332,84.25,132.20833333333334,3.779166666666667,1.1083333333333334,8.4,13.8,,3.3312499999999994,7.1125,12.115833333333333,,,2.8,1.67,0.98,,,3.85,19.76,26.28,,5
661,2022-06-27,0.0,1013.7478260869564,528.7099999999999,13.22608695652174,11.321739130434782,88.69565217391305,112.69565217391305,2.3304347826086955,0.7391304347826086,10.1,19.2,41.650000000000006,3.834583333333333,16.375833333333333,0.98,,32.34,3.27,6.23,0.98,,47.3,4.67,42.58,0.98,,11
662,2022-06-28,0.075,1008.1166666666668,671.5454545454545,16.991666666666667,14.4625,85.875,167.54166666666666,2.2,0.7583333333333334,13.7,22.0,37.84260869565218,6.053750000000001,19.26875,5.701818181818182,,6.0,3.14,6.35,0.98,,72.45,27.9,42.22,18.26,,10
663,2022-06-29,0.4086956521739129,1010.1869565217391,824.1666666666666,12.169565217391304,9.31304347826087,83.52173913043478,266.4782608695652,7.352173913043478,2.0826086956521737,10.3,17.1,10.827916666666669,3.682083333333333,11.2025,16.016666666666666,,6.0,3.07,2.73,0.98,,39.38,4.99,29.72,29.86,,4
664,2022-06-30,0.0,1012.7304347826088,1219.2,11.213043478260868,8.247826086956522,83.26086956521739,237.17391304347825,2.7913043478260864,0.9478260869565216,7.4,16.8,30.409166666666664,6.36,18.22833333333333,6.77375,,6.0,3.33,5.17,0.98,,90.7,33.31,33.77,32.11,,5
665,2022-07-01,0.0083333333333333,1010.9458333333332,1116.6454545454546,12.941666666666668,9.1625,79.625,109.33333333333331,3.85,1.2375,8.8,19.6,29.419583333333332,3.880416666666666,17.79375,7.595833333333334,,6.0,3.23,5.94,0.98,,80.64,5.88,42.99,33.13,,14
666,2022-07-02,0.0,1006.275,748.2727272727273,17.604166666666668,12.85,75.125,135.0,4.1000000000000005,1.2416666666666667,13.0,25.1,30.76833333333333,8.9925,9.451666666666666,24.78125,,6.0,3.29,3.77,0.98,,53.87,94.1,18.33,56.86,,6
667,2022-07-03,0.0416666666666666,1014.6166666666668,201.6,13.9625,11.983333333333333,87.875,137.70833333333334,5.083333333333333,1.55,12.8,15.2,16.595416666666665,3.7283333333333335,4.16375,22.29458333333333,,6.0,3.46,1.25,6.36,,34.75,4.0,9.76,30.6,,2
668,2022-07-04,0.1583333333333333,1011.375,379.0142857142857,17.104166666666668,15.870833333333335,92.625,133.16666666666666,3.625,0.9666666666666668,14.7,20.8,25.671666666666667,3.7825,14.58375,4.226666666666667,,6.0,3.57,5.16,0.98,,50.11,4.65,32.49,16.39,,7
669,2022-07-05,0.0,1008.9333333333334,936.9,16.94583333333333,15.608333333333333,91.95833333333331,129.08333333333334,3.475,1.2583333333333333,15.2,19.5,24.229166666666668,3.84125,11.28608695652174,7.573333333333333,,12.27,2.95,3.93,0.98,,53.62,6.1,31.23,21.07,,6
670,2022-07-06,0.0,1008.725,806.8636363636364,17.316666666666666,15.254166666666668,88.54166666666667,119.25,3.1625,1.0208333333333333,14.3,23.8,21.33833333333333,3.9370833333333337,11.801666666666668,6.843333333333334,,6.0,3.27,1.51,0.98,,78.88,5.46,26.83,22.65,,8
671,2022-07-07,0.0,1007.9791666666666,331.97272727272724,18.67083333333333,14.870833333333332,79.625,156.66666666666666,3.3166666666666664,0.8708333333333332,16.4,21.8,36.56173913043478,4.295416666666667,19.02875,7.12,,12.34,3.42,7.57,0.98,,60.24,5.9,39.07,21.76,,9
672,2022-07-08,0.2166666666666666,1017.5458333333332,223.96470588235297,14.258333333333333,11.7,84.875,121.04166666666669,5.029166666666666,1.4666666666666668,13.7,15.1,17.430909090909093,16.280833333333334,9.962083333333332,13.26,,6.0,6.3,1.32,0.98,,30.21,28.15,23.94,26.7,,8
673,2022-07-09,0.0,1013.2166666666666,1036.5,18.0,14.129166666666668,78.875,117.41666666666669,3.9875,1.2708333333333333,13.6,24.3,28.03125,42.46208333333333,12.5525,11.872083333333334,,6.0,29.16,5.55,0.98,,69.5,50.86,22.96,45.42,,3
674,2022-07-10,0.0,1007.75,622.1909090909091,19.245833333333334,15.508333333333336,80.08333333333333,126.04166666666669,2.5708333333333333,0.7625000000000001,15.1,24.1,42.35857142857143,59.93708333333333,15.123333333333337,11.902916666666664,,20.65,51.35,4.62,0.98,,70.89,66.36,24.09,47.93,,5
675,2022-07-11,0.0,999.2833333333332,899.5454545454545,23.104166666666668,15.320833333333336,63.625,194.375,4.266666666666667,1.5083333333333335,18.6,29.0,31.596666666666664,74.10125000000001,14.775833333333331,17.000833333333333,,6.0,65.78,2.71,0.98,,49.62,85.45,32.15,41.53,,10
676,2022-07-12,1.0583333333333336,1008.025,654.1090909090909,13.7875,9.9875,78.83333333333333,243.79166666666663,8.066666666666668,2.375,11.5,23.3,12.446315789473685,88.78470588235295,7.703181818181817,22.484583333333333,,6.0,83.59,1.49,0.98,,36.06,98.04,28.48,36.61,,11
677,2022-07-13,0.0,1016.7333333333332,1196.7545454545457,11.375,7.554166666666667,78.54166666666667,107.66666666666669,3.820833333333333,1.2,7.2,16.1,19.75708333333333,,13.033125,4.7871428571428565,,6.0,,4.59,0.98,,38.9,,24.94,20.34,,6
678,2022-07-14,1.2916666666666667,1010.9375,117.5909090909091,13.716666666666669,12.325,91.375,127.75,3.516666666666667,1.0166666666666666,11.7,16.3,21.996666666666663,,10.632857142857144,4.199166666666667,,13.83,,1.14,0.98,,33.98,,21.24,10.25,,10
679,2022-07-15,1.0083333333333335,1003.375,106.8818181818182,16.825,16.1375,95.75,111.25,3.9125,1.1458333333333333,16.0,17.6,11.757826086956522,,7.406521739130436,1.9154166666666663,,6.0,,3.02,0.98,,40.33,,11.69,5.99,,4
680,2022-07-16,0.8000000000000002,998.3875000000002,156.17333333333332,18.491666666666664,17.3875,93.5,121.25,4.3875,1.2875,17.2,20.6,28.07565217391305,3.951428571428572,5.307272727272728,3.889166666666666,,6.0,0.65,0.47,0.98,,68.25,5.59,10.09,14.43,,8
681,2022-07-17,0.0249999999999999,1013.7541666666668,630.6272727272727,11.875,7.537499999999999,74.95833333333333,273.9166666666667,9.025,2.704166666666667,10.3,15.9,6.0,28.414583333333336,2.6983333333333337,21.050416666666667,,6.0,6.38,0.47,0.98,,6.0,43.5,9.59,31.94,,4
682,2022-07-18,0.0,1018.3541666666666,1207.5454545454545,10.545833333333333,7.695833333333333,83.70833333333333,152.45833333333334,2.6875,0.9083333333333332,6.1,17.3,31.69769230769231,25.48333333333333,9.633478260869564,5.382083333333334,,16.17,0.65,0.47,0.98,,62.6,65.39,29.64,26.86,,8
683,2022-07-19,0.0,1019.4083333333332,671.5272727272727,13.033333333333331,10.470833333333331,85.20833333333333,155.875,3.604166666666666,0.9,11.3,15.6,28.971666666666664,4.930833333333333,7.364166666666667,6.2058333333333335,,13.5,0.65,2.72,0.98,,60.13,9.63,13.42,22.54,,5
684,2022-07-20,0.0083333333333333,1014.6333333333332,1059.8636363636365,15.65,12.916666666666666,85.33333333333333,101.16666666666669,2.725,0.9041666666666668,12.1,23.1,27.39875,7.060416666666666,9.39625,5.363333333333333,,6.0,0.65,0.47,0.98,,51.21,13.38,17.57,28.4,,3
685,2022-07-21,0.0,1008.5583333333334,869.8818181818183,19.40833333333333,15.929166666666664,81.66666666666667,159.625,3.295833333333333,1.1458333333333333,15.1,25.1,31.850833333333338,7.293333333333333,8.942727272727272,6.2512500000000015,,15.45,0.65,0.47,0.98,,49.9,19.67,15.06,20.87,,8
686,2022-07-22,0.0,1008.8041666666668,749.6909090909089,19.875,16.9875,84.375,165.20833333333334,2.6125000000000003,0.8333333333333334,16.2,25.2,38.42583333333334,1.5929166666666668,13.530416666666667,4.052916666666667,,23.98,0.65,4.21,0.98,,67.56,4.15,26.08,16.6,,1
687,2022-07-23,0.625,1010.2083333333334,613.5999999999999,19.495833333333334,17.758333333333333,89.95833333333333,164.08333333333334,3.9791666666666665,1.0041666666666669,17.6,22.6,,0.6887500000000001,7.776666666666666,7.5625,,,0.65,1.68,0.98,,,1.58,15.62,26.92,,5
688,2022-07-24,0.0,1010.35,953.1454545454544,20.4125,17.220833333333335,83.79166666666667,136.66666666666666,1.8,0.6833333333333332,15.8,26.8,,1.8691666666666669,7.393333333333333,11.722500000000002,,,0.65,0.47,0.98,,,5.27,21.55,55.27,,2
689,2022-07-25,0.0,1012.7041666666668,1131.8818181818183,20.3625,17.32083333333333,83.75,135.79166666666666,3.016666666666667,0.925,16.9,25.9,,1.51625,6.946818181818181,15.634583333333332,,,0.65,1.47,0.98,,,2.87,23.18,49.6,,8
690,2022-07-26,0.0,1014.2958333333336,1005.8363636363636,18.566666666666663,16.412499999999998,88.0,112.79166666666669,3.483333333333333,1.125,16.3,24.3,29.192307692307693,6.443181818181818,6.268750000000001,18.99875,,6.0,0.65,0.47,0.98,,62.65,14.82,18.44,39.44,,5
691,2022-07-27,0.0,1010.7695652173912,1046.1363636363635,18.917391304347827,15.695652173913045,83.52173913043478,138.3913043478261,2.0521739130434784,0.7000000000000001,14.9,24.6,38.4115,5.688333333333333,12.795416666666668,10.389583333333333,,6.0,0.65,4.22,0.98,,75.31,12.63,31.38,49.19,,8
692,2022-07-28,0.6086956521739131,1002.6695652173912,399.5,18.4,16.434782608695652,88.91304347826087,192.17391304347825,3.130434782608696,0.917391304347826,16.6,23.5,41.35333333333333,2.296666666666667,12.366666666666667,8.5175,,6.0,0.65,1.19,0.98,,72.04,4.67,31.76,27.1,,6
693,2022-07-29,0.4727272727272726,1008.4545454545456,483.44,12.259090909090908,8.845454545454546,79.86363636363636,262.1363636363636,8.327272727272726,2.5863636363636364,10.5,16.4,7.691666666666666,20.593333333333337,6.365833333333334,16.116249999999997,,6.0,3.67,0.47,0.98,,18.77,32.56,18.08,28.52,,10
694,2022-07-30,0.0,1013.75,1184.6636363636364,11.7375,8.5375,82.0,234.5,3.1958333333333333,1.0291666666666666,9.4,15.4,19.305,31.618333333333336,8.139583333333333,13.232916666666668,,6.0,27.86,2.7,0.98,,64.82,33.71,20.4,50.93,,4
695,2022-07-31,0.0,1012.9434782608696,1124.5454545454545,13.073913043478262,9.860869565217392,82.43478260869566,163.69565217391303,2.821739130434783,1.0,8.5,19.7,30.899583333333336,36.885,8.855833333333331,9.710833333333332,,6.0,26.65,2.07,0.98,,75.01,50.7,22.24,56.78,,6
696,2022-08-01,0.0083333333333333,1011.5499999999998,1008.3545454545456,13.708333333333334,11.641666666666667,88.04166666666667,136.25,2.404166666666667,0.7625000000000001,10.2,18.6,32.15958333333334,40.22208333333333,8.97375,10.010416666666666,,19.33,27.55,2.82,0.98,,46.68,52.33,19.64,46.33,,10
697,2022-08-02,0.0166666666666666,1012.6708333333332,429.54545454545456,14.004166666666668,11.975,87.79166666666667,108.45833333333331,3.641666666666667,1.1833333333333331,12.7,16.3,23.839583333333337,36.52166666666667,5.142916666666667,21.949166666666667,2.28,6.0,30.32,0.47,5.78,2.04,44.41,44.36,13.82,31.15,2.57,4
698,2022-08-03,0.0416666666666666,1009.4416666666666,1096.6818181818182,17.92916666666667,14.975,84.375,119.16666666666669,5.45,1.4875,13.9,24.1,34.095,27.457083333333333,5.90125,18.3225,2.0675000000000003,17.54,13.26,0.94,0.98,1.85,54.13,35.85,13.8,48.01,2.56,4
699,2022-08-04,0.3833333333333333,1001.7333333333332,749.6272727272727,18.504166666666663,15.854166666666666,85.58333333333333,225.875,5.466666666666666,1.5708333333333335,16.3,23.9,21.97458333333333,22.15291666666667,7.83625,18.009166666666665,2.02,6.0,10.58,0.47,0.98,1.68,46.85,33.91,16.39,34.23,2.37,10
700,2022-08-05,0.425,1009.5083333333332,804.0454545454545,14.379166666666668,11.329166666666667,82.875,237.70833333333331,6.491666666666667,1.8708333333333331,13.3,15.9,8.163529411764706,31.203333333333333,4.9725,23.324166666666667,1.9608333333333328,6.0,3.03,0.47,0.98,1.55,15.24,58.96,16.47,47.64,2.84,4
701,2022-08-06,0.0,1014.7625,1083.4,11.300000000000002,7.858333333333334,80.70833333333333,117.70833333333331,4.254166666666666,1.3541666666666667,7.3,15.5,,80.55208333333333,3.5187499999999994,21.357083333333332,1.9891666666666663,,65.77,1.0,0.98,1.79,,88.84,7.32,40.89,2.38,3
702,2022-08-07,0.0,1011.7541666666666,376.7818181818182,14.041666666666666,11.2875,83.54166666666667,121.5,6.2,1.8166666666666669,12.6,16.1,,65.96583333333334,1.7474999999999998,26.89625,1.9841666666666669,,40.69,0.47,9.24,1.8,,90.2,3.57,41.36,2.72,2
703,2022-08-08,0.125,1014.7083333333334,532.5636363636364,14.3,12.7625,90.66666666666669,137.58333333333334,7.8625,2.4916666666666667,13.6,16.0,6.0,81.51173913043479,2.335652173913044,31.078181818181815,1.9086363636363637,6.0,42.1,0.47,20.43,1.67,6.0,341.3,6.63,41.1,2.5,6
704,2022-08-09,0.6583333333333333,1017.7166666666666,291.8818181818182,13.325,12.341666666666669,93.79166666666669,133.75,7.175000000000001,2.1750000000000003,12.4,13.9,6.584583333333334,72.74,3.409583333333334,28.08125,1.87875,6.0,72.74,0.47,12.1,1.7,20.03,72.74,11.81,35.59,2.38,7
705,2022-08-10,0.4333333333333333,1017.475,1124.4,13.554166666666664,10.716666666666669,84.16666666666667,146.58333333333334,6.0375000000000005,1.6291666666666669,11.4,16.9,9.38625,,6.929583333333333,23.258750000000003,2.0933333333333333,6.0,,0.47,0.98,1.64,23.25,,22.44,36.83,4.32,8
706,2022-08-11,0.025,1018.9333333333334,824.3916666666668,13.791666666666666,11.550000000000002,87.41666666666667,167.75,3.120833333333333,1.0583333333333331,11.3,18.6,18.625,,8.822083333333333,12.652499999999998,2.1779166666666665,6.0,,2.88,0.98,1.72,36.05,,17.02,34.88,3.0,6
707,2022-08-12,0.0,1016.5916666666668,1315.1636363636362,15.9125,11.3625,77.0,91.66666666666669,3.583333333333333,1.1791666666666667,11.4,22.3,14.674166666666666,,9.073333333333332,12.51625,2.2979166666666666,6.0,,2.85,0.98,1.86,46.26,,19.71,38.09,3.5,7
708,2022-08-13,0.0,1014.35,754.7090909090908,16.895833333333332,11.804166666666667,72.95833333333333,157.41666666666666,2.966666666666667,0.9666666666666668,13.1,20.5,27.02333333333333,,10.832916666666668,11.530833333333334,2.6125,6.0,,3.89,0.98,1.75,97.62,,23.58,26.47,5.69,3
709,2022-08-14,0.0,1011.0958333333332,1161.290909090909,17.766666666666666,13.425,78.41666666666667,79.08333333333333,2.3375,0.7958333333333334,11.9,24.8,41.33625,0.65,8.880833333333333,14.835416666666664,3.177083333333333,18.9,0.65,2.56,0.98,2.41,94.29,0.65,21.48,47.9,4.05,0
710,2022-08-15,0.9583333333333334,1000.3958333333334,273.54545454545456,18.0375,16.462500000000002,90.66666666666669,108.75,5.166666666666667,1.4708333333333332,17.6,19.1,26.899565217391302,0.65,7.708260869565218,14.71782608695652,2.252173913043478,6.0,0.65,0.47,5.72,1.88,96.68,0.65,14.98,26.11,3.85,12
711,2022-08-16,0.4333333333333333,1004.6875,372.04285714285714,15.208333333333334,12.741666666666667,85.45833333333333,147.375,4.708333333333333,1.2583333333333335,13.3,17.1,11.32375,,7.891249999999999,19.38695652173913,2.36,6.0,,0.47,8.51,1.47,28.45,,14.7,31.29,3.4,10
712,2022-08-17,0.0,1003.8833333333332,1306.6916666666666,16.483333333333334,13.283333333333331,82.875,113.29166666666669,3.1166666666666667,0.9,12.2,24.2,13.119583333333331,7.407826086956521,7.777083333333333,15.387083333333331,2.4570833333333333,6.0,6.94,0.47,3.74,1.77,40.47,8.08,19.08,35.79,3.06,7
713,2022-08-18,0.2749999999999999,1006.7,382.5583333333334,13.741666666666667,10.370833333333334,80.875,203.0,6.483333333333333,1.8625,10.5,18.8,15.914583333333333,7.313333333333333,6.461666666666666,17.40875,1.7875,6.0,6.8,0.47,0.98,1.43,43.73,7.99,19.25,29.82,2.76,2
714,2022-08-19,0.0,1024.1541666666665,1542.2181818181818,9.466666666666669,2.8791666666666664,64.375,259.625,4.770833333333333,1.5458333333333334,5.8,13.2,11.254583333333334,10.439583333333331,8.530833333333334,16.55875,1.9991666666666668,6.0,6.92,0.47,0.98,1.54,47.95,29.11,23.07,32.84,3.11,3
715,2022-08-20,0.0,1025.3958333333333,1586.6272727272728,10.583333333333334,4.683333333333334,68.29166666666667,97.79166666666669,3.4916666666666667,1.3041666666666667,5.2,16.6,21.35833333333333,7.789166666666667,7.457083333333333,17.745416666666667,2.3154166666666667,6.0,7.19,0.96,0.98,1.8,56.35,8.86,24.45,38.57,3.66,4
716,2022-08-21,0.0,1021.55,1559.4818181818182,12.683333333333332,7.866666666666667,75.41666666666667,148.5,3.1291666666666664,0.9458333333333334,7.3,19.5,29.79375,10.832916666666668,5.891249999999999,18.46291666666667,2.3316666666666666,6.0,7.08,1.22,0.98,1.87,67.97,28.46,16.11,59.4,3.5,1
717,2022-08-22,0.0,1019.6541666666668,1028.2916666666667,13.254166666666668,10.3375,83.25,151.125,3.283333333333333,1.1125,9.7,17.2,30.821250000000003,8.204166666666666,6.758333333333333,17.337083333333332,2.0654166666666667,14.85,7.03,2.7,0.98,1.67,55.86,13.13,14.44,45.32,3.13,5
718,2022-08-23,0.0,1017.5125,1434.0666666666666,16.3875,12.016666666666666,78.08333333333333,117.25,3.3625000000000003,1.0291666666666668,12.4,23.3,24.375,7.773333333333333,7.677500000000001,20.42333333333333,2.0275,6.0,7.09,0.47,0.98,1.68,56.35,8.38,24.61,42.02,2.95,7
719,2022-08-24,0.0,1014.7375,1311.8416666666667,18.1625,12.970833333333331,74.70833333333333,165.33333333333334,2.4125,0.925,12.1,25.3,42.17458333333334,13.36375,13.950416666666667,17.700416666666666,2.6045833333333337,15.15,7.89,2.99,0.98,1.97,99.04,32.66,42.35,67.03,3.75,8
720,2022-08-25,0.0,1013.2833333333332,1372.2666666666669,20.6625,13.945833333333336,67.875,152.83333333333334,3.095833333333333,1.0291666666666666,14.3,28.0,34.06875,7.970416666666666,10.83875,20.64208333333333,2.3708333333333336,6.0,7.35,4.32,0.98,1.72,78.75,9.05,25.89,54.46,3.47,4
721,2022-08-26,0.0,1012.1958333333332,1299.825,21.0375,14.895833333333334,69.58333333333333,171.58333333333334,3.0666666666666664,1.075,16.3,27.2,38.05,14.64375,13.125833333333333,23.18541666666667,2.431666666666666,14.55,7.26,6.2,0.98,1.84,55.53,78.9,29.17,68.1,3.68,2
722,2022-08-27,0.0,1006.5833333333334,1459.7,22.662499999999994,13.8125,60.958333333333336,192.41666666666663,4.3500000000000005,1.5333333333333332,16.2,31.3,28.517916666666668,29.31625,10.54875,25.062083333333334,2.442083333333333,6.0,7.68,1.13,0.98,1.92,69.2,241.4,28.31,53.83,4.34,8
723,2022-08-28,0.5333333333333333,1017.925,464.54615384615386,13.225,7.779166666666666,70.45833333333333,166.5,7.95,1.9208333333333327,10.7,21.5,14.109583333333331,7.320833333333333,0.9412499999999998,32.229166666666664,1.8241666666666667,6.0,7.04,0.47,25.44,1.71,50.11,8.43,3.87,48.05,2.04,8
724,2022-08-29,0.0,1027.0791666666669,877.2166666666667,10.5,4.120833333333333,65.125,188.08333333333331,5.129166666666666,1.5375,8.3,13.3,17.475416666666664,7.641666666666666,8.48375,19.364166666666662,2.043333333333333,6.0,7.11,1.01,0.98,1.68,53.43,14.34,23.37,32.2,3.41,5
725,2022-08-30,0.0,1023.5875,1474.0166666666669,12.3625,8.441666666666668,78.83333333333333,101.54166666666669,4.575,1.5375,7.3,19.1,14.95,7.764583333333333,4.450833333333333,17.936666666666667,1.9570833333333333,6.0,7.23,0.47,0.98,1.68,45.79,8.58,11.64,35.99,2.76,4
726,2022-08-31,0.0,1016.725,1543.6166666666668,15.85,8.995833333333332,66.54166666666667,122.21739130434784,3.4826086956521736,1.0043478260869565,10.7,22.0,22.09166666666667,17.528333333333332,11.196666666666664,14.207083333333332,2.7417391304347825,6.0,7.16,2.58,0.98,2.02,68.74,85.93,25.15,43.28,4.17,13
727,2022-09-01,0.0,1008.6208333333334,1493.4416666666668,18.34583333333333,11.945833333333336,69.70833333333333,88.70833333333333,3.279166666666667,1.1083333333333334,11.8,26.7,24.101250000000004,8.097916666666668,9.071666666666667,12.67625,2.28625,6.0,7.5,3.56,0.98,1.85,59.47,8.86,19.74,41.85,3.14,7
728,2022-09-02,0.4916666666666666,1007.675,316.6583333333333,16.70416666666667,13.970833333333331,84.5,181.125,5.991666666666667,1.4791666666666667,15.8,19.3,17.77625,8.049583333333333,9.809583333333334,13.248333333333337,2.01375,6.0,7.59,0.47,0.98,1.6,57.14,8.84,24.07,28.51,3.18,6
729,2022-09-03,0.0,1018.8250000000002,1383.4461538461542,12.270833333333334,6.445833333333333,68.54166666666667,188.45833333333331,6.233333333333334,1.6625,9.3,14.6,12.666666666666666,7.621666666666666,3.6791666666666663,24.031666666666663,1.9829166666666669,6.0,7.12,0.47,0.98,1.49,59.49,8.02,18.54,36.96,3.59,2
730,2022-09-04,0.0,1021.3708333333334,1391.3461538461538,11.4125,7.479166666666667,78.45833333333333,150.875,3.333333333333333,1.1166666666666667,6.8,17.2,21.656666666666663,19.0675,5.687916666666666,17.666666666666668,2.115,6.0,7.18,0.47,0.98,1.74,49.69,203.0,19.97,42.33,2.81,4
731,2022-09-05,0.0,1019.5583333333334,1544.792307692308,14.733333333333334,10.183333333333332,76.83333333333333,122.625,4.625,1.5291666666666668,8.9,21.2,13.612916666666663,8.045,5.037916666666667,19.42083333333333,2.064166666666667,6.0,6.9,0.47,0.98,1.8,36.31,10.26,12.8,41.26,3.1,7
732,2022-09-06,0.0083333333333333,1016.9,494.7692307692308,17.125,13.554166666666667,79.91666666666667,100.91666666666669,3.7916666666666665,1.0583333333333331,14.9,21.1,14.781666666666666,8.08125,9.180833333333334,12.512083333333331,2.2691666666666666,6.0,7.9,0.47,0.98,1.76,58.65,8.52,20.64,25.36,3.33,3
733,2022-09-07,0.0083333333333333,1009.15,1098.246153846154,19.579166666666666,14.5125,74.08333333333333,152.16666666666666,3.470833333333333,1.1875,16.2,24.5,10.545,10.882916666666668,7.489999999999999,17.385833333333334,2.2729166666666667,6.0,7.88,2.93,0.98,1.89,30.22,31.89,17.08,46.4,3.2,2
734,2022-09-08,0.0,1004.2,1421.353846153846,20.225,14.4625,71.79166666666667,93.375,3.108333333333333,1.1208333333333331,14.2,26.6,22.310555555555556,8.102916666666667,9.314583333333331,20.640416666666663,2.3016666666666663,6.0,7.42,1.69,0.98,1.92,88.92,9.08,25.93,51.34,3.67,2
735,2022-09-09,0.8083333333333332,999.9208333333332,773.7916666666666,22.366666666666664,17.8625,76.91666666666667,174.125,5.645833333333333,1.4666666666666668,14.8,27.6,,7.797916666666667,9.177083333333334,23.80375,2.2154166666666666,,6.95,1.04,0.98,1.53,,8.37,23.69,49.14,2.92,5
736,2022-09-10,0.0416666666666666,1014.5541666666668,1551.0214285714285,12.608333333333334,6.458333333333333,67.91666666666667,233.20833333333331,8.316666666666668,2.2583333333333333,9.5,16.3,9.086521739130434,8.2325,3.9154166666666663,24.29583333333333,1.809583333333333,6.0,7.47,0.47,0.98,1.49,36.97,9.45,15.06,32.96,3.21,4
737,2022-09-11,0.0,1016.0416666666666,1621.7307692307693,12.3625,7.633333333333333,75.0,116.16666666666669,3.508333333333333,1.2666666666666666,7.4,17.6,13.386666666666663,9.235416666666667,2.7950000000000004,20.205,1.98625,6.0,6.81,0.47,0.98,1.65,30.98,35.34,8.67,40.65,2.68,5
738,2022-09-12,0.0,1009.0416666666666,681.4384615384616,15.604166666666666,11.0625,75.04166666666667,123.125,4.470833333333332,1.325,11.7,20.5,21.724166666666665,8.68875,11.565,11.49875,2.3058333333333336,6.0,7.27,0.47,0.98,1.66,88.96,10.88,27.9,31.65,3.34,7
739,2022-09-13,0.0,1008.0458333333336,1298.7615384615383,17.554166666666667,13.429166666666664,77.91666666666667,229.75,3.6291666666666655,1.1375,15.2,20.6,12.514583333333333,11.564583333333331,6.903333333333333,16.592916666666664,1.96,6.0,8.08,0.47,0.98,1.7,40.68,51.82,13.38,38.21,2.53,2
740,2022-09-14,0.0083333333333333,1013.775,1127.1692307692308,16.462500000000002,12.945833333333333,80.25,169.16666666666666,5.516666666666667,1.4916666666666665,14.7,19.5,10.28125,7.253333333333334,3.135,24.695416666666663,1.8741666666666663,6.0,6.79,0.47,7.22,1.68,26.22,8.25,10.02,36.55,2.42,2
741,2022-09-15,0.15,1017.325,629.6307692307693,16.620833333333334,13.775,84.29166666666667,141.08333333333334,5.529166666666666,1.6083333333333334,14.7,19.3,7.308695652173912,7.144166666666668,3.38875,22.39625,1.8822727272727275,6.0,6.74,0.47,11.18,1.71,28.05,7.73,9.19,33.91,2.19,4
742,2022-09-16,0.0083333333333333,1018.8375,1537.546153846154,17.008333333333333,12.429166666666667,75.95833333333333,116.625,6.775,2.275,13.8,21.1,10.25,7.451249999999999,3.065,23.55791666666667,2.027142857142857,6.0,6.9,0.47,7.72,1.7,23.43,8.57,7.84,36.99,2.49,5
743,2022-09-17,0.0,1017.725,1732.6999999999998,17.366666666666667,11.7,71.20833333333333,96.5,7.016666666666666,2.1333333333333333,13.2,22.4,14.997916666666669,7.388333333333333,2.23125,24.202916666666667,1.819583333333333,6.0,7.16,0.47,0.98,1.7,31.88,7.62,7.51,38.74,2.26,5
744,2022-09-18,0.0,1012.1083333333332,1748.0,17.654166666666665,10.65,65.625,100.08333333333331,5.645833333333333,1.6500000000000004,12.7,23.1,18.48333333333333,7.667499999999999,3.369166666666666,22.69083333333333,1.9704166666666667,6.0,6.92,0.47,2.81,1.78,41.51,12.28,9.78,41.85,2.32,4
745,2022-09-19,0.3166666666666666,1007.8375,355.5846153846154,17.058333333333334,13.708333333333334,81.08333333333333,175.95833333333334,3.975,1.2541666666666669,16.1,18.5,13.367916666666668,12.492083333333332,8.685,10.052916666666668,2.0683333333333334,6.0,7.26,0.98,0.98,1.76,35.08,79.33,20.29,18.58,2.65,8
746,2022-09-20,0.5750000000000001,1008.2416666666668,1448.2769230769231,17.525000000000002,14.654166666666669,84.625,201.45833333333331,4.525,1.3166666666666669,14.9,21.3,10.779166666666669,8.232916666666666,2.6004166666666664,25.078333333333333,1.940416666666667,6.0,7.55,0.47,8.86,1.74,28.43,8.92,7.43,39.83,2.34,2
747,2022-09-21,0.0166666666666666,1008.2875,709.75,16.337500000000002,13.654166666666669,84.29166666666667,138.875,5.195833333333333,1.5041666666666669,14.8,18.1,7.867916666666666,7.664166666666667,2.65625,26.95,1.9963636363636363,6.0,7.32,0.47,12.31,1.71,19.99,8.06,10.05,35.84,2.36,5
748,2022-09-22,0.3333333333333333,1005.075,754.1923076923077,15.654166666666669,13.170833333333334,85.79166666666667,202.75,7.4875,2.125,12.3,18.4,7.743749999999999,8.014999999999999,3.33875,20.75166666666667,1.8920833333333336,6.0,7.59,0.47,2.88,1.65,20.72,8.58,13.81,33.08,2.9,2
749,2022-09-23,0.0083333333333333,1011.975,1731.6,13.129166666666665,6.566666666666666,66.54166666666667,254.33333333333331,8.575000000000001,2.645833333333333,8.8,18.7,8.666666666666666,8.980416666666667,5.286666666666667,25.02,1.96,6.0,7.93,0.47,0.98,1.69,28.91,11.89,18.34,37.05,3.61,7
750,2022-09-24,0.0,1015.5541666666668,1899.0153846153848,14.054166666666667,7.295833333333333,67.125,183.66666666666663,4.233333333333333,1.3500000000000003,8.9,20.0,17.941666666666666,10.512916666666666,6.26125,23.02958333333333,2.029583333333333,6.0,7.67,1.0,0.98,1.59,33.23,46.39,20.69,58.26,2.9,0
751,2022-09-25,0.0,1011.6916666666666,1242.0615384615385,16.616666666666667,12.433333333333332,77.70833333333333,123.79166666666669,5.4625,1.695833333333333,12.6,22.1,17.79375,8.275,3.420833333333333,19.08875,1.9745833333333331,6.0,7.89,0.47,2.2,1.77,35.12,10.22,11.62,37.78,2.4,3
752,2022-09-26,0.0,1008.5791666666668,1399.1692307692306,19.683333333333334,14.870833333333332,75.04166666666667,193.41666666666663,3.016666666666666,1.0,16.0,23.5,22.02227272727273,22.20125,11.003478260869564,15.242272727272727,2.3185714285714285,6.0,7.82,3.28,0.98,1.87,37.67,164.8,32.26,46.91,3.13,1
753,2022-09-27,0.0,1011.425,1620.1538461538462,19.45416666666667,13.6,71.83333333333333,191.04166666666663,4.129166666666666,1.2541666666666669,15.8,24.4,31.445,8.003333333333332,11.962083333333334,23.68583333333333,2.014583333333333,6.0,7.49,4.56,0.98,1.58,70.49,8.58,27.98,52.51,3.05,5
754,2022-09-28,0.0,1018.4541666666668,1459.9846153846156,17.2,12.45,74.45833333333333,133.95833333333334,6.741666666666667,2.0333333333333337,14.8,20.3,16.125416666666666,7.698333333333333,4.9991666666666665,30.294166666666666,1.6883333333333332,6.0,7.42,1.93,14.36,1.59,34.31,8.16,15.91,38.33,2.14,7
755,2022-09-29,0.0,1019.0958333333334,1397.4538461538464,15.979166666666666,10.329166666666667,71.04166666666667,121.79166666666669,6.204166666666667,2.075,12.5,19.4,19.27875,7.579583333333333,7.287916666666667,23.327916666666663,1.903333333333333,6.0,7.37,2.67,0.98,1.71,33.64,7.83,21.49,37.33,2.58,1
756,2022-09-30,0.275,1015.4,793.8769230769232,16.9875,12.3375,75.20833333333333,100.54166666666669,5.395833333333333,1.695833333333333,14.9,21.1,16.04625,7.735833333333333,9.6925,20.357916666666668,1.9645833333333331,6.0,7.5,2.52,0.98,1.71,29.15,8.09,23.03,30.91,2.78,6
757,2022-10-01,0.0083333333333333,1013.3541666666666,1105.5076923076922,17.258333333333333,14.670833333333334,85.66666666666667,217.20833333333331,3.5625,1.025,15.1,20.5,13.895833333333334,8.022083333333333,9.799583333333333,18.34208333333333,1.9779166666666663,6.0,7.72,4.31,0.98,1.75,27.97,8.86,20.68,38.45,2.57,10
758,2022-10-02,0.0083333333333333,1015.0625,1044.876923076923,16.67916666666667,13.5375,82.16666666666667,212.0,3.525,1.1208333333333331,14.6,19.9,9.049583333333333,8.122916666666667,6.354583333333333,24.54041666666667,2.005833333333333,6.0,7.76,3.41,8.56,1.8,28.1,11.72,13.67,38.6,2.36,2
759,2022-10-03,0.0,1013.2791666666668,1227.0857142857144,16.191666666666666,12.6625,81.04166666666667,158.79166666666666,4.020833333333333,1.2375,13.7,19.2,14.24125,12.329583333333332,9.8825,18.473333333333333,1.8966666666666667,6.0,7.84,4.49,0.98,1.66,43.35,97.07,18.02,40.24,2.17,2
760,2022-10-04,0.0,1011.1458333333334,1549.9615384615386,15.050000000000002,9.808333333333334,72.45833333333333,157.33333333333334,3.658333333333333,1.2,10.9,19.9,18.1,8.420416666666666,8.777083333333334,20.95875,1.88875,6.0,7.78,3.28,0.98,1.7,32.44,10.99,20.42,37.04,2.46,7
761,2022-10-05,0.0,1009.0791666666668,1981.8153846153848,17.383333333333333,11.141666666666667,70.20833333333333,114.75,6.3125,2.095833333333333,12.9,23.7,20.155416666666664,8.2425,8.192916666666667,22.402083333333334,1.8479166666666664,6.0,7.83,3.73,0.98,1.69,35.55,9.61,18.29,43.05,2.49,7
762,2022-10-06,0.5083333333333333,1001.725,520.8,18.3375,16.224999999999998,87.625,110.25,3.975,1.1625,16.9,20.7,19.156666666666663,8.252916666666666,12.285416666666668,10.874166666666667,2.1670833333333337,6.0,7.93,4.98,0.98,1.71,45.7,8.8,22.26,24.31,3.07,6
763,2022-10-07,0.2083333333333333,1000.7,1396.857142857143,19.225,14.1875,75.125,246.66666666666663,7.3625,2.329166666666667,16.2,22.6,14.758333333333336,10.979583333333332,12.240833333333333,20.51833333333333,1.79625,6.0,7.85,3.51,0.98,1.31,42.77,32.17,31.59,35.55,3.23,6
764,2022-10-08,0.0,1003.6791666666668,1960.007692307692,19.991666666666667,11.858333333333334,62.708333333333336,222.29166666666663,4.275,1.4375,12.8,26.5,23.405,13.570833333333333,15.21,19.03,2.3754166666666667,6.0,8.13,6.66,0.98,1.74,81.06,38.0,34.49,42.57,4.34,5
765,2022-10-09,0.0083333333333333,1011.5666666666668,735.8384615384616,14.520833333333334,7.966666666666666,65.20833333333333,191.625,5.416666666666667,1.5333333333333332,12.8,19.9,17.22083333333333,8.456249999999999,4.894583333333333,26.05458333333333,1.555,6.0,7.98,1.67,5.43,1.33,79.42,9.84,23.43,31.54,3.28,7
766,2022-10-10,0.0333333333333333,1017.6458333333334,617.9923076923077,13.233333333333334,7.258333333333333,68.0,120.58333333333331,5.954166666666667,1.9875,10.3,16.0,10.996363636363638,8.102916666666667,5.74625,26.293333333333333,1.871904761904762,6.0,7.91,1.96,17.36,1.43,25.88,8.6,12.68,33.03,2.77,5
767,2022-10-11,0.3249999999999999,1010.625,309.34375,16.191666666666666,14.9125,92.29166666666669,148.5,4.808333333333333,1.4666666666666668,13.2,19.3,16.71875,9.040416666666667,15.36875,10.327083333333334,2.275,6.0,7.97,2.07,0.98,1.75,37.16,13.1,31.28,25.05,2.99,4
768,2022-10-12,0.1333333333333333,1009.225,819.8,17.474999999999998,15.6125,89.33333333333333,190.79166666666663,3.3375,1.0083333333333333,15.9,20.9,10.466666666666669,9.83,9.109583333333331,13.304166666666664,2.1212500000000003,6.0,8.31,4.2,0.98,1.8,35.81,17.7,23.24,28.06,3.14,1
769,2022-10-13,0.0,1010.3625,1708.3428571428574,19.03333333333333,14.795833333333334,79.04166666666667,176.0,3.766666666666667,1.1625,15.1,25.3,12.341363636363637,15.135416666666666,9.322083333333332,23.186666666666667,2.1377272727272727,6.0,8.46,2.7,0.98,1.71,36.24,94.55,33.15,66.36,2.48,7
770,2022-10-14,0.0,1019.6708333333332,726.3714285714285,17.0125,12.104166666666666,73.25,141.625,8.862499999999999,2.6333333333333333,15.5,19.9,27.876666666666665,8.408333333333333,3.964166666666667,29.812083333333334,1.7029166666666669,6.0,8.32,1.41,25.92,1.63,46.34,8.84,6.73,34.59,2.07,4
771,2022-10-15,0.0,1020.4304347826086,1138.7384615384617,17.41304347826087,12.565217391304348,73.3913043478261,120.7391304347826,8.934782608695652,2.973913043478261,15.1,20.1,19.697916666666668,8.420416666666666,3.5383333333333327,28.87166666666667,1.8516666666666663,6.0,8.31,1.62,21.25,1.66,33.63,8.66,6.55,34.84,2.87,7
772,2022-10-16,0.0666666666666666,1012.2875,1388.2538461538463,19.766666666666666,16.162499999999998,80.41666666666667,161.58333333333334,5.304166666666666,1.5291666666666668,17.1,24.0,8.929583333333333,9.223333333333334,4.419583333333333,22.05333333333333,1.923333333333333,6.0,8.36,2.46,12.39,1.73,22.6,14.37,10.32,36.71,2.49,4
773,2022-10-17,0.0,1012.3681818181816,1618.1666666666667,18.913636363636364,14.436363636363636,76.54545454545455,186.42857142857144,4.26,1.4571428571428573,16.1,22.9,12.208333333333334,9.069166666666668,6.289583333333333,25.909166666666664,1.87375,6.0,8.18,2.08,3.07,1.72,31.66,12.33,12.39,52.9,2.1,8
774,2022-10-18,0.0,1014.9416666666666,702.3714285714286,19.2,16.224999999999998,83.08333333333333,114.20833333333331,8.645833333333334,2.5,17.5,20.8,9.52375,8.558749999999998,4.577916666666667,27.157083333333333,1.79875,6.0,8.35,1.21,18.59,1.67,22.45,9.0,7.93,33.6,1.93,3
775,2022-10-19,0.0,1011.2833333333334,1098.2499999999998,20.4625,16.954166666666666,81.20833333333333,122.33333333333331,5.9,1.8791666666666664,17.8,24.3,7.053333333333332,8.640416666666667,4.617083333333333,23.0325,1.81875,6.0,8.37,1.56,15.43,1.64,17.52,9.0,8.27,31.83,1.93,7
776,2022-10-20,0.0,1004.9916666666668,885.2571428571429,19.929166666666667,17.058333333333334,83.95833333333333,121.58333333333331,5.195833333333334,1.5416666666666667,17.2,23.5,13.038333333333334,8.6925,6.045416666666667,18.754583333333333,1.887083333333333,6.0,8.46,1.74,6.3,1.69,37.61,8.95,14.08,31.23,2.29,5
777,2022-10-21,0.025,1000.2916666666666,1542.571428571429,21.67083333333333,17.920833333333334,80.95833333333333,209.70833333333331,5.791666666666667,1.6458333333333333,18.0,26.7,13.18,10.9575,8.187916666666666,22.235833333333336,1.9275,6.0,8.53,4.87,0.98,1.71,33.93,27.79,17.32,49.48,2.56,4
778,2022-10-22,0.0249999999999999,1009.0833333333334,1455.1928571428568,19.83333333333333,14.7625,74.5,148.83333333333334,4.45,1.2291666666666667,17.2,23.7,8.560833333333333,8.782499999999999,4.899583333333333,22.60375,1.7566666666666666,6.0,8.47,2.09,11.59,1.64,26.65,9.02,11.16,38.4,2.06,5
779,2022-10-23,0.0,1011.3250000000002,1749.2428571428572,18.92083333333333,14.341666666666669,76.54166666666667,175.41666666666666,4.8875,1.5083333333333335,15.8,23.6,16.74833333333333,9.575,6.509166666666666,17.270416666666666,1.845,6.0,8.72,2.1,0.98,1.6,36.17,17.25,11.88,40.62,2.18,2
780,2022-10-24,0.0,1013.2333333333332,1191.0142857142855,18.8,13.9875,74.875,178.25,4.0625,1.3291666666666666,15.2,22.5,14.952916666666669,15.137916666666667,8.45875,17.46125,1.9120833333333331,6.0,8.68,3.04,0.98,1.69,29.47,73.02,17.57,41.11,2.46,7
781,2022-10-25,0.0,1010.7416666666668,2006.542857142857,20.054166666666664,14.358333333333334,72.125,109.375,5.920833333333333,1.8333333333333333,15.1,25.7,12.217916666666666,8.638333333333334,6.445416666666667,19.59958333333333,1.8433333333333333,6.0,8.31,3.74,0.98,1.73,26.32,8.84,12.94,42.31,2.15,4
782,2022-10-26,0.375,1003.125,1543.9066666666663,23.441666666666663,16.3625,67.91666666666667,121.54166666666669,5.291666666666667,1.5583333333333331,17.3,32.8,22.43583333333333,11.977916666666664,9.669166666666667,27.32041666666667,1.8670833333333332,6.0,8.55,4.71,0.98,1.7,82.21,46.04,16.66,70.13,2.32,6
783,2022-10-27,0.0833333333333333,1002.9083333333332,1975.542857142857,23.204166666666666,15.566666666666668,65.66666666666667,269.4166666666667,7.320833333333333,2.1708333333333334,19.3,27.4,13.1825,17.84125,13.827083333333334,27.93541666666667,1.8158333333333327,6.0,9.0,3.97,10.08,1.61,27.65,79.1,30.54,47.5,2.09,0
784,2022-10-28,0.0,1005.5291666666668,2051.1142857142854,23.054166666666664,12.170833333333334,53.083333333333336,222.25,3.6166666666666663,1.0875,16.8,29.2,27.213750000000005,16.107083333333332,12.25875,28.689166666666665,1.94375,6.0,8.81,5.95,0.98,1.66,49.96,88.94,20.79,67.19,2.52,4
785,2022-10-29,0.0,1001.0916666666668,1624.9142857142854,24.4875,17.15416666666667,65.75,225.5,4.95,1.775,17.9,30.0,33.64416666666667,17.907083333333336,13.251666666666663,26.15041666666666,2.255416666666666,15.98,8.77,7.74,0.98,1.88,88.87,58.74,22.16,52.61,2.9,2
786,2022-10-30,0.0,995.9916666666668,1470.4642857142858,26.916666666666668,17.258333333333336,56.54166666666666,249.79166666666663,6.2625,2.1875,21.4,32.3,17.8775,29.040416666666665,10.14,34.33291666666667,2.1808333333333336,6.0,8.91,4.8,19.4,1.84,36.78,133.6,20.39,46.59,2.62,3
787,2022-10-31,2.2,1007.7374999999998,179.37857142857143,16.091666666666665,14.820833333333333,92.33333333333331,173.70833333333334,8.895833333333334,2.225,12.3,22.6,8.41,8.992083333333333,6.276666666666666,20.64583333333333,1.865833333333333,6.0,8.28,1.01,4.96,1.73,19.22,9.99,16.16,31.36,2.17,5
788,2022-11-01,0.0,1021.1625,1597.8529411764705,13.958333333333334,6.479166666666667,62.29166666666666,193.0,7.354166666666667,2.0083333333333333,10.3,17.9,11.136666666666663,10.49875,7.323333333333333,17.510416666666668,1.8533333333333333,6.0,8.19,1.92,3.75,1.61,31.46,50.81,20.02,32.0,2.6,15
789,2022-11-02,0.0,1024.025,2150.157142857143,15.120833333333332,7.3,62.41666666666666,203.95833333333331,4.2375,1.2708333333333333,10.7,20.5,14.878749999999998,9.317916666666669,7.039166666666667,18.82875,1.8904166666666664,6.0,8.32,2.55,0.98,1.61,38.19,17.93,15.43,45.99,2.48,7
790,2022-11-03,0.0,1021.0916666666668,2156.671428571429,16.170833333333334,7.550000000000001,62.29166666666666,157.95833333333334,3.8708333333333336,1.2333333333333334,9.8,22.5,16.70625,15.079166666666666,9.290833333333332,19.975416666666668,1.9004166666666664,6.0,8.34,3.4,0.98,1.57,33.9,87.92,20.28,47.03,2.59,0
791,2022-11-04,0.0,1018.4458333333332,1475.9214285714286,17.645833333333332,10.954166666666666,67.04166666666667,122.41666666666669,5.266666666666667,1.7124999999999997,14.2,20.5,17.76,9.285416666666665,7.520833333333333,17.141666666666666,1.7958333333333336,6.0,8.47,2.56,0.98,1.59,33.84,11.6,14.82,30.6,2.19,2
792,2022-11-05,0.0083333333333333,1016.525,1691.0071428571428,18.33333333333333,12.5,70.75,112.41666666666669,6.154166666666666,2.1083333333333334,14.7,22.1,18.94625,9.253749999999998,6.604583333333333,17.36375,2.0029166666666667,6.0,8.51,2.02,0.98,1.67,37.63,9.47,16.41,33.08,2.32,4
793,2022-11-06,0.0333333333333333,1017.5625,1558.3785714285714,18.5125,12.791666666666666,70.54166666666667,119.5,7.145833333333333,2.3375,15.0,21.8,12.584166666666668,9.13875,3.8525,18.18458333333333,1.80625,6.0,8.43,1.69,2.18,1.67,28.15,9.42,6.25,28.77,2.31,8
794,2022-11-07,0.4000000000000001,1017.3125,1058.7857142857142,16.879166666666666,13.612500000000002,81.83333333333333,118.75,6.1375,1.7958333333333334,14.7,19.8,11.544166666666667,9.30125,7.19,11.894166666666669,1.85,6.0,8.93,3.58,0.98,1.71,27.44,9.42,13.64,23.29,2.12,3
795,2022-11-08,0.0347826086956521,1014.6739130434784,975.7769230769228,16.565217391304348,13.943478260869565,85.30434782608695,121.34782608695652,4.239130434782608,1.443478260869565,14.3,19.2,10.81125,10.41,9.042916666666668,10.58625,1.992,6.0,9.21,3.11,0.98,1.69,26.58,23.26,21.12,25.16,2.88,6
796,2022-11-09,0.0499999999999999,1011.8624999999998,1131.4214285714286,17.583333333333332,14.15,81.66666666666667,156.45833333333334,4.0125,1.2541666666666669,14.0,21.9,12.129583333333334,9.587083333333334,10.795416666666668,9.8125,2.316666666666667,6.0,9.16,4.43,0.98,1.73,45.6,10.26,20.35,24.18,2.91,6
797,2022-11-10,0.0,1010.0478260869564,1823.7642857142853,19.65652173913044,14.656521739130437,75.17391304347827,114.34782608695652,4.452173913043478,1.443478260869565,14.2,25.4,15.040416666666667,10.23375,7.397083333333332,16.069166666666668,1.8575,6.0,9.07,3.07,0.98,1.58,27.73,20.27,21.03,30.72,2.55,5
798,2022-11-11,0.0,1008.325,1160.5499999999995,20.675,16.429166666666667,77.66666666666667,129.25,5.512499999999999,1.6541666666666668,17.4,25.1,16.190416666666668,14.148333333333332,10.06,22.33875,1.8966666666666665,6.0,9.5,2.75,4.29,1.65,37.38,47.36,16.54,59.97,2.61,8
799,2022-11-12,0.0,1005.8291666666668,1559.357142857143,23.40833333333333,18.09583333333333,74.25,128.54166666666666,4.404166666666667,1.2708333333333333,19.4,29.1,19.402083333333334,9.556666666666668,7.233333333333333,25.83583333333333,1.9470833333333333,6.0,8.82,4.77,2.76,1.79,40.9,14.13,10.97,56.37,2.23,3
800,2022-11-13,0.15,1001.8916666666664,532.5357142857143,22.766666666666666,19.78333333333333,83.625,118.45833333333331,3.929166666666667,1.125,21.2,26.0,22.74,9.104583333333332,6.354583333333333,17.756666666666664,2.015,6.0,8.81,4.57,8.85,1.87,39.0,10.8,8.42,34.91,2.31,5
801,2022-11-14,0.6083333333333334,999.3833333333332,1383.8857142857144,23.1125,18.32916666666667,77.125,224.70833333333331,6.875,1.8958333333333333,20.3,28.1,9.98875,23.9825,12.3825,24.851666666666663,1.9895833333333333,6.0,8.82,4.37,0.98,1.67,36.78,112.6,32.12,47.18,2.52,5
802,2022-11-15,0.0,1005.9043478260872,2157.421428571429,22.77826086956521,12.069565217391306,53.69565217391305,283.1304347826087,8.191304347826087,2.3304347826086955,17.9,27.7,18.106666666666666,102.65208333333334,12.107500000000002,25.881666666666664,1.845,6.0,9.02,3.11,7.95,1.58,41.25,448.3,31.54,42.21,2.64,3
803,2022-11-16,0.0,1011.125,2157.6214285714286,23.39583333333333,11.491666666666664,51.583333333333336,169.375,3.529166666666667,1.0708333333333333,16.7,29.0,22.896666666666665,14.007916666666668,14.222916666666668,19.27833333333333,1.9608333333333332,6.0,8.98,2.66,0.98,1.61,50.92,57.71,28.34,42.1,2.99,5
804,2022-11-17,0.0,1012.3666666666668,2038.792857142857,22.829166666666666,11.329166666666666,50.29166666666666,153.83333333333334,3.85,1.1708333333333334,17.2,28.7,31.24708333333333,10.229166666666666,12.8025,21.800416666666667,1.9016666666666664,6.0,9.11,3.07,0.98,1.56,60.35,14.26,26.47,56.78,2.86,6
805,2022-11-18,0.0,1011.25,2142.4,22.9875,15.433333333333332,65.54166666666667,110.125,5.2375,1.6333333333333335,17.2,29.8,24.36666666666667,13.0875,9.0575,18.96625,1.875416666666667,6.0,9.23,3.96,0.98,1.68,43.72,61.02,30.46,42.18,2.42,5
806,2022-11-19,0.0,1008.65,2125.335714285714,23.8375,15.25,62.0,108.29166666666669,5.545833333333334,1.7208333333333332,18.6,30.6,26.1075,9.974583333333332,6.029583333333334,24.87208333333333,1.865,6.0,9.41,3.38,3.97,1.65,55.96,11.14,9.55,48.14,2.48,3
807,2022-11-20,0.0,1006.2166666666668,2022.7285714285715,24.679166666666664,16.483333333333334,62.5,122.70833333333331,4.795833333333333,1.4791666666666667,19.7,31.3,30.547083333333333,9.76,5.565,24.254583333333333,1.8012499999999998,14.6,9.07,3.32,5.5,1.58,51.15,11.28,8.23,47.32,2.14,4
808,2022-11-21,0.0,1004.568181818182,1105.5785714285714,24.98636363636364,18.58636363636364,69.0909090909091,219.4090909090909,4.427272727272728,1.5909090909090908,21.0,28.8,31.474166666666672,12.117916666666668,12.63375,20.15291666666667,1.88625,20.68,9.06,5.5,0.98,1.63,45.58,20.64,22.53,51.92,2.44,6
809,2022-11-22,0.8583333333333334,1005.4,484.6,21.3,18.89166666666667,87.04166666666667,196.16666666666663,3.9708333333333337,1.0666666666666669,19.4,25.9,23.26,14.45375,10.1225,16.144782608695653,2.189375,6.0,9.43,3.72,3.72,1.67,53.87,108.4,20.96,35.12,3.03,6
810,2022-11-23,0.0,1007.047619047619,1551.392857142857,21.847619047619045,16.73333333333333,74.0952380952381,138.66666666666666,4.080952380952381,1.119047619047619,18.9,24.7,20.268125,10.07375,2.8625000000000003,25.7625,1.7820833333333332,6.0,9.38,0.47,0.98,1.58,96.46,10.68,9.13,49.04,2.43,5
811,2022-11-24,0.0,1008.7083333333334,2123.8076923076924,21.791666666666668,15.466666666666669,69.70833333333333,116.54166666666669,4.5875,1.4333333333333331,17.1,27.0,20.192777777777778,9.72875,2.4600000000000004,28.574583333333333,1.750416666666667,6.0,9.14,0.47,0.98,1.54,96.92,11.02,9.31,53.83,2.16,4
812,2022-11-25,0.0,1012.0375,2211.4357142857143,21.854166666666668,14.4125,65.41666666666667,123.29166666666669,5.025,1.75,16.6,27.4,27.21,9.713333333333331,2.3575,26.23958333333333,1.8746153846153844,6.0,9.21,0.47,3.83,1.72,96.52,10.3,7.55,47.71,2.2,3
813,2022-11-26,0.008695652173913,1013.2347826086956,1656.1571428571426,22.78695652173913,17.821739130434782,74.56521739130434,118.6086956521739,6.71304347826087,2.0478260869565217,18.5,27.4,11.985416666666666,9.6075,1.039583333333333,20.7325,1.7083333333333333,6.0,9.28,0.47,8.76,1.49,25.41,10.29,2.78,34.3,2.06,4
814,2022-11-27,0.0,1012.8291666666664,1959.5733333333333,23.95833333333333,19.04583333333333,75.04166666666667,113.29166666666669,9.975,3.1124999999999994,21.4,27.3,22.250833333333333,9.58875,0.47,21.461250000000003,1.6454166666666663,13.07,9.31,0.47,14.21,1.53,27.92,10.03,0.47,27.52,1.77,4
815,2022-11-28,0.0249999999999999,1009.7833333333334,1606.8533333333332,22.7875,18.166666666666668,76.08333333333333,106.58333333333331,8.666666666666666,2.65,20.3,26.5,16.04625,9.6975,0.854090909090909,19.769583333333333,1.637916666666667,6.0,9.31,0.47,13.25,1.52,26.51,10.37,2.32,31.73,1.86,1
816,2022-11-29,0.0,1004.8416666666668,1735.7799999999995,23.34583333333333,18.654166666666665,75.75,111.95833333333331,8.674999999999999,2.5875,19.8,26.4,17.2625,9.614583333333334,0.9879166666666668,20.67083333333333,1.6229166666666668,6.0,9.33,0.47,13.42,1.52,26.03,10.11,2.26,29.2,1.7,3
817,2022-11-30,0.0,1001.3916666666668,1774.74,24.2625,19.15,74.375,110.29166666666669,7.779166666666666,2.2458333333333336,20.5,28.3,12.20875,9.890416666666669,1.6575,22.25,1.7325,6.0,9.4,0.47,5.56,1.54,25.24,10.44,5.82,34.94,1.93,5
818,2022-12-01,0.0166666666666666,999.7333333333332,1435.4466666666667,25.85,20.53333333333333,74.125,118.54166666666669,6.066666666666667,1.6666666666666667,22.2,30.2,13.31,10.758333333333333,3.66,27.64583333333333,2.0570833333333334,6.0,9.52,0.47,6.58,1.59,40.22,19.11,8.41,58.97,2.59,13
819,2022-12-02,0.0,1002.4416666666666,2120.342857142857,27.09583333333333,20.991666666666667,71.20833333333333,188.29166666666663,4.745833333333334,1.5583333333333331,23.1,32.1,28.504166666666663,13.24875,4.4558333333333335,35.4775,2.08625,6.0,10.27,1.18,0.98,1.74,40.63,27.65,11.85,77.44,2.63,4
820,2022-12-03,0.0916666666666666,1004.7458333333334,1435.5200000000002,25.5375,21.84166666666667,80.95833333333333,157.375,4.625,1.2583333333333335,22.9,28.3,23.11458333333333,10.274166666666666,2.299166666666667,27.31833333333333,1.9279166666666665,6.0,9.96,0.47,10.82,1.77,43.07,10.55,4.55,50.61,2.68,2
821,2022-12-04,0.2272727272727272,1002.9045454545457,907.4857142857144,25.15909090909091,22.154545454545453,84.22727272727273,128.36363636363637,4.4,1.1409090909090909,23.2,27.7,21.99458333333333,10.336666666666666,2.21375,23.212083333333336,2.03375,6.0,10.17,0.47,10.11,1.84,39.08,10.68,6.92,40.59,2.47,4
822,2022-12-05,0.0083333333333333,1005.7708333333334,1273.2266666666667,24.74166666666667,21.120833333333334,81.25,126.75,5.408333333333334,1.5,22.7,28.0,9.85875,10.2175,1.6191666666666666,17.265,1.7220833333333332,6.0,9.93,0.47,5.9,1.51,19.35,10.65,6.44,29.08,2.4,3
823,2022-12-06,0.0,1007.575,1373.5466666666666,24.225000000000005,20.08333333333333,78.54166666666667,125.75,5.658333333333334,1.75,20.4,27.9,6.87375,10.15625,1.5633333333333332,22.52791666666667,1.7720833333333337,6.0,10.03,0.47,6.51,1.53,16.53,10.52,3.88,39.85,1.93,3
824,2022-12-07,0.0,1006.9583333333334,1894.6714285714284,24.599999999999994,18.2625,69.375,123.95833333333331,4.904166666666667,1.6041666666666667,20.8,30.1,8.58375,10.277083333333334,2.8191666666666677,25.06458333333333,1.7904166666666663,6.0,10.02,1.06,9.4,1.68,18.98,10.85,5.83,45.71,2.17,3
825,2022-12-08,0.0,1002.0875,2007.473333333333,25.8375,17.970833333333335,65.25,158.70833333333334,5.333333333333333,1.679166666666667,19.1,34.5,22.685,15.622083333333334,6.042916666666668,41.44500000000001,1.82875,6.0,10.24,1.83,2.21,1.64,46.22,51.43,16.27,131.9,2.1,4
826,2022-12-09,0.0,1002.0521739130436,2096.6666666666665,26.426086956521736,18.991304347826087,67.6086956521739,121.17391304347828,4.71304347826087,1.5782608695652172,20.6,33.4,25.069583333333338,10.305,4.836666666666667,33.40416666666666,1.8958333333333333,6.0,10.05,1.81,5.59,1.63,41.66,11.22,8.38,87.38,2.18,2
827,2022-12-10,0.0,1002.6916666666666,1714.686666666667,26.1,21.120833333333334,75.83333333333333,143.0,4.670833333333333,1.3625,21.1,31.5,33.33409090909091,11.081250000000002,3.72625,36.31958333333333,2.037272727272727,14.61,10.23,0.47,2.27,1.79,64.51,14.95,12.46,97.0,2.44,1
828,2022-12-11,0.0,1003.15,1795.5466666666664,27.10833333333333,21.120833333333334,71.375,133.29166666666666,5.245833333333334,1.6416666666666666,23.5,32.8,19.536666666666665,10.391666666666667,1.51625,35.282916666666665,2.00375,6.0,10.09,0.47,14.08,1.78,32.17,11.18,6.53,64.93,2.3,4
829,2022-12-12,0.7999999999999999,997.3458333333332,1675.9466666666665,25.25,20.67083333333333,78.20833333333333,170.29166666666666,6.029166666666666,1.7708333333333333,18.7,34.3,31.60090909090909,30.065,6.4504166666666665,24.36478260869565,2.0204761904761903,6.0,10.37,1.55,2.72,1.65,51.77,170.5,25.77,73.04,2.43,4
830,2022-12-13,0.1,1004.0416666666666,2024.7733333333333,21.25,14.554166666666664,68.25,199.875,5.2,1.4416666666666664,17.8,24.5,16.079166666666666,10.706250000000002,3.322083333333333,17.30375,1.7108333333333334,6.0,9.79,0.47,2.22,1.5,34.48,13.16,8.25,35.79,2.17,4
831,2022-12-14,0.0,1007.1916666666666,2126.08,22.195833333333336,13.020833333333334,59.75,98.58333333333331,4.366666666666666,1.35,15.9,28.6,17.62,10.18125,3.109583333333333,17.084166666666665,1.9422727272727272,6.0,9.8,0.97,0.98,1.66,45.93,10.66,5.91,32.7,2.19,3
832,2022-12-15,0.0,1004.6708333333336,1824.506666666667,24.15833333333333,16.091666666666665,62.0,181.95833333333331,5.520833333333333,1.7375,18.8,31.0,26.032083333333333,14.839166666666667,3.6945833333333336,32.2025,1.7845833333333332,16.8,9.87,1.25,2.74,1.64,43.16,50.32,11.18,71.17,2.33,5
833,2022-12-16,0.0,1005.5041666666666,1809.9066666666663,22.97083333333333,15.845833333333331,65.375,174.5,7.483333333333333,2.0,20.4,24.4,22.3775,10.16125,1.632083333333333,27.05583333333333,1.6282608695652172,6.0,9.75,0.47,14.4,1.48,49.54,10.57,4.25,37.58,1.74,0
834,2022-12-17,0.0,1006.3833333333332,1856.46,21.475000000000005,13.487500000000002,61.75,116.70833333333331,6.579166666666666,2.004166666666667,16.7,25.5,22.334166666666665,10.085,2.15875,18.852083333333333,1.8833333333333333,6.0,9.82,0.47,0.98,1.71,46.89,10.87,5.94,33.43,2.12,2
835,2022-12-18,0.0,1008.6043478260872,690.2933333333334,21.169565217391305,16.13478260869565,73.08695652173913,109.7391304347826,8.191304347826087,2.347826086956522,19.8,22.9,18.901666666666667,10.1075,0.7120833333333332,20.16375,1.9058333333333333,6.0,9.87,0.47,15.46,1.64,32.48,10.41,2.06,26.11,2.35,4
836,2022-12-19,0.3083333333333333,1010.0625,1320.88,20.27083333333333,17.016666666666666,82.125,105.58333333333331,9.8875,3.016666666666667,18.0,23.5,9.039166666666665,10.056666666666668,0.9008333333333334,18.920416666666668,1.7008333333333334,6.0,9.8,0.47,12.38,1.58,26.07,10.59,3.11,26.13,1.78,3
837,2022-12-20,0.0,1008.9958333333334,1592.2733333333335,22.854166666666668,17.42083333333333,72.41666666666667,115.25,7.975,2.375,19.2,26.6,10.1575,10.176666666666668,1.3829166666666666,22.88625,1.7787499999999998,6.0,9.9,0.47,10.36,1.61,23.65,10.62,3.66,37.93,1.92,6
838,2022-12-21,0.0,1010.0833333333334,1929.02,23.2,16.808333333333334,69.16666666666667,115.08333333333331,7.729166666666667,2.404166666666667,19.2,27.7,11.107083333333334,10.1325,0.9666666666666668,18.339583333333334,1.6529166666666668,6.0,9.95,0.47,7.06,1.53,21.5,10.46,2.9,27.75,1.81,5
839,2022-12-22,0.0,1009.6,1827.1066666666663,23.09166666666667,16.070833333333333,66.5,106.0,7.620833333333334,2.3875,19.2,27.6,16.76833333333333,10.235833333333334,1.6330434782608696,14.719583333333333,1.664583333333333,6.0,9.93,0.47,4.94,1.5,38.38,10.51,5.38,24.07,1.87,5
840,2022-12-23,0.0,1006.9083333333332,2097.94,24.266666666666666,16.304166666666664,63.41666666666666,124.79166666666669,5.4875,1.7166666666666668,19.2,31.1,22.21,12.135,2.6575,18.235416666666666,1.95375,6.0,10.24,0.47,2.33,1.67,44.21,31.89,7.14,38.46,2.33,7
841,2022-12-24,0.0,1005.825,2000.321428571429,25.820833333333336,16.191666666666666,59.41666666666666,179.91666666666666,5.129166666666666,1.6625,19.3,33.5,24.285416666666663,12.435416666666669,2.8229166666666665,22.409166666666664,1.8708333333333336,6.0,10.2,1.18,0.98,1.59,65.91,21.58,5.53,53.05,2.69,1
842,2022-12-25,0.0,1007.1333333333332,1648.4133333333332,24.60833333333333,18.78333333333333,70.58333333333333,150.45833333333334,5.329166666666667,1.5041666666666669,21.1,28.8,30.92958333333333,14.303333333333333,2.5443478260869563,20.2675,1.9291666666666665,6.0,10.24,0.47,0.98,1.62,65.29,78.59,6.51,46.49,2.47,1
843,2022-12-26,0.0,1008.0166666666668,506.9333333333333,22.29583333333333,18.17083333333333,77.875,168.41666666666666,5.65,1.4583333333333333,21.2,23.1,16.667916666666667,10.274583333333334,1.0599999999999998,19.70833333333333,1.615,6.0,10.16,0.47,14.62,1.53,44.65,10.7,3.63,24.86,1.7,5
844,2022-12-27,0.0,1007.2708333333334,1590.6733333333332,22.929166666666664,14.608333333333334,61.0,114.58333333333331,5.066666666666667,1.620833333333333,19.0,27.1,19.07583333333333,10.466666666666669,1.6908333333333332,18.449583333333333,1.6833333333333336,6.0,10.11,0.47,3.5,1.57,30.41,11.41,6.14,31.08,1.83,3
845,2022-12-28,1.1166666666666667,1003.6208333333332,1410.34,21.525,16.833333333333332,77.16666666666667,174.25,5.8375,1.5458333333333334,18.8,26.4,7.566666666666666,10.818333333333332,2.2983333333333333,15.754166666666668,1.7079166666666663,6.0,10.22,0.47,3.82,1.45,30.58,16.48,9.96,28.31,2.3,6
846,2022-12-29,0.0,1006.4083333333332,1894.8866666666668,23.266666666666666,15.1875,62.16666666666666,192.41666666666663,4.904166666666668,1.379166666666667,19.7,27.3,14.925416666666669,10.847916666666668,2.15375,27.03,1.6704166666666669,6.0,10.25,0.47,6.38,1.56,33.3,15.66,6.64,51.18,1.87,3
847,2022-12-30,0.0,1008.6208333333332,2123.96,23.9125,13.583333333333334,55.708333333333336,172.16666666666666,4.358333333333333,1.3833333333333335,17.3,31.7,20.190416666666668,17.703333333333333,4.075,29.6175,1.7704166666666667,6.0,10.27,1.15,0.98,1.61,39.18,80.52,10.19,63.12,2.06,3
848,2022-12-31,0.0,1006.9043478260868,2104.7533333333336,27.41304347826087,17.069565217391304,57.391304347826086,166.43478260869566,4.143478260869564,1.4782608695652173,20.1,35.3,25.686666666666667,11.787916666666666,2.62375,33.27333333333333,1.930416666666667,6.0,10.42,0.47,0.98,1.57,61.21,22.03,5.66,70.98,3.18,4
849,2023-01-01,0.0,1005.375,1932.006666666667,28.14583333333333,18.250000000000004,58.04166666666666,127.5,5.183333333333334,1.525,21.1,35.2,26.760416666666668,10.7825,1.12875,29.01833333333333,1.8641666666666663,3.94,10.4,0.47,8.72,1.66,84.98,12.36,3.0,53.35,2.76,3
850,2023-01-02,0.4166666666666667,1001.0541666666668,1289.2200000000005,27.962499999999995,21.1,67.25,229.375,4.833333333333333,1.525,24.7,32.5,23.057916666666667,16.170416666666668,3.5666666666666664,21.31583333333333,1.87375,9.52,10.38,0.47,9.46,1.69,47.11,41.14,6.32,38.03,2.15,6
851,2023-01-03,0.0083333333333333,1002.1833333333334,1791.93125,25.0625,19.0625,71.0,167.6086956521739,5.569565217391304,1.4739130434782608,21.9,28.4,10.617916666666668,10.660833333333333,0.8379166666666666,25.979166666666668,1.6141666666666663,2.75,10.5,0.47,9.48,1.46,23.14,11.12,3.47,46.0,1.92,9
852,2023-01-04,0.0,1004.9208333333332,1969.0733333333333,24.899999999999995,16.4375,63.833333333333336,128.625,4.425,1.4,20.2,30.8,15.739583333333334,14.711666666666666,2.895,24.171666666666667,1.7575000000000005,6.24,10.51,0.47,3.37,1.52,41.72,57.41,8.81,59.09,2.02,5
853,2023-01-05,0.0,1008.125,2050.093333333333,25.129166666666663,15.708333333333334,60.41666666666666,139.45833333333334,5.4,1.5833333333333333,19.6,31.1,16.85375,10.78125,2.9683333333333333,25.242083333333337,1.72,4.99,10.56,0.47,0.98,1.6,43.53,11.49,7.42,56.13,1.94,1
854,2023-01-06,0.0,1012.5208333333334,2080.1933333333336,24.275,16.650000000000002,64.54166666666667,108.58333333333331,7.129166666666666,2.158333333333333,19.8,28.7,23.517083333333336,10.658333333333331,2.9200000000000004,20.95625,1.7220833333333332,8.79,10.42,0.47,3.9,1.59,44.43,10.77,11.14,36.32,2.03,2
855,2023-01-07,0.0,1015.2583333333332,1707.16,23.8625,16.516666666666666,65.0,116.375,7.204166666666666,2.275,19.2,27.8,25.63958333333333,10.744583333333331,1.99875,14.521666666666668,1.8116666666666668,10.4,10.52,0.47,0.98,1.7,41.78,11.0,6.53,24.33,1.95,3
856,2023-01-08,0.0,1013.4625,1850.32,24.03333333333333,16.995833333333334,66.33333333333333,109.41666666666669,6.8500000000000005,2.1333333333333333,20.1,28.0,18.0875,10.784583333333336,1.966521739130435,13.832916666666668,2.0370833333333334,4.83,10.53,0.47,3.6,1.74,30.97,11.6,8.57,23.99,2.21,2
857,2023-01-09,0.0,1009.5043478260868,1630.6133333333337,24.269565217391307,17.469565217391306,67.69565217391305,130.65217391304347,6.330434782608696,1.965217391304348,19.9,29.2,16.951666666666668,11.465416666666664,3.686666666666666,18.304166666666664,1.71125,5.12,10.55,1.06,4.87,1.61,37.43,13.8,7.87,37.92,2.15,5
858,2023-01-10,0.0249999999999999,1006.9500000000002,1155.3133333333333,24.591666666666665,18.4625,70.375,147.54166666666666,4.433333333333334,1.3791666666666664,20.2,29.8,21.40125,11.87375,12.46,20.42708333333333,1.8358333333333332,10.61,11.13,4.58,0.98,1.65,41.45,13.87,25.8,61.48,2.16,4
859,2023-01-11,0.0083333333333333,1005.125,2085.233333333333,25.725,17.0625,63.708333333333336,204.375,3.8416666666666655,1.2208333333333332,19.5,34.0,23.91208333333333,15.089583333333335,14.422083333333331,27.85291666666667,1.8975,3.21,11.01,2.25,0.98,1.52,48.64,44.6,26.9,65.81,2.46,3
860,2023-01-12,0.0,1001.45,1949.486666666667,28.318181818181817,17.740909090909092,55.09090909090909,178.5,4.945454545454546,1.55,21.6,35.5,36.994166666666665,20.75166666666667,18.594583333333333,37.25,1.950833333333333,14.82,11.32,0.47,1.97,1.48,69.61,95.36,56.89,68.79,2.43,5
861,2023-01-13,0.6083333333333333,1000.4625,1318.7066666666665,26.929166666666664,20.20833333333333,67.95833333333333,171.375,3.7916666666666665,1.1083333333333334,24.1,31.3,29.00833333333333,20.02208333333333,19.74458333333333,31.921666666666667,2.035833333333333,20.3,11.31,3.91,4.23,1.77,39.79,80.36,40.97,76.46,2.6,2
862,2023-01-14,0.0,1003.1125,1301.5266666666669,24.791666666666668,19.97083333333333,75.625,236.79166666666663,5.429166666666667,1.7208333333333332,22.4,27.2,14.335416666666667,25.850416666666664,10.387083333333337,22.83708333333333,1.7195833333333332,3.3,11.18,1.72,3.74,1.53,28.43,141.1,26.55,43.39,2.78,1
863,2023-01-15,0.0,1008.1,722.5200000000001,24.02916666666667,20.05,78.625,126.70833333333331,5.791666666666667,1.8208333333333333,22.5,25.6,12.8975,10.799166666666666,4.53875,21.37875,1.8416666666666668,6.46,10.57,1.42,10.59,1.64,28.52,11.3,7.26,35.13,2.33,1
864,2023-01-16,0.0,1008.3583333333332,1525.5266666666669,26.20833333333333,20.616666666666667,72.45833333333333,122.41666666666669,5.495833333333334,1.7208333333333334,21.8,30.7,11.212222222222222,10.953333333333331,6.202500000000001,26.464583333333334,1.9022222222222225,4.43,10.5,2.37,3.38,1.7,20.92,11.79,16.24,46.43,2.04,3
865,2023-01-17,0.0,1009.5304347826088,1650.3466666666666,26.02173913043478,20.469565217391303,72.26086956521739,113.6086956521739,6.97391304347826,2.28695652173913,22.3,29.4,12.54125,14.144583333333337,5.4075000000000015,29.073478260869567,1.7312500000000002,3.14,10.5,2.12,12.13,1.57,31.82,63.12,15.06,41.09,2.02,2
866,2023-01-18,0.008695652173913,1012.308695652174,633.1800000000001,24.05652173913043,21.043478260869566,83.3913043478261,125.43478260869566,7.2565217391304335,2.347826086956522,22.5,25.4,10.687083333333334,12.57125,4.581666666666666,25.97083333333333,1.6625,5.09,12.21,1.0,20.8,1.57,19.82,13.17,9.6,31.34,1.75,1
867,2023-01-19,0.0,1011.013043478261,1489.5533333333335,25.747826086956525,21.617391304347827,78.65217391304348,120.30434782608695,7.430434782608696,2.4434782608695653,23.4,28.3,7.705833333333333,13.072916666666666,3.3991666666666664,23.04791666666667,1.6941666666666666,3.57,12.64,1.11,16.2,1.62,15.16,13.33,6.51,30.32,1.79,1
868,2023-01-20,0.0,1006.0291666666668,1548.9399999999998,26.51666666666667,20.7875,72.875,110.79166666666669,6.345833333333334,1.9041666666666668,22.5,30.7,10.152916666666666,13.15,5.1241666666666665,22.320833333333336,1.7837500000000002,2.9,12.44,2.28,6.29,1.68,26.86,13.66,11.73,46.61,2.01,4
869,2023-01-21,0.4083333333333332,1000.7791666666666,1445.7466666666664,26.391666666666666,21.0,75.20833333333333,161.54166666666666,5.25,1.3875,22.3,34.6,22.282916666666665,14.796666666666669,10.080416666666666,33.39,1.9416666666666669,8.66,12.44,2.36,5.06,1.71,95.77,27.84,17.26,81.61,2.46,4
870,2023-01-22,0.0,999.7304347826088,1938.935714285714,26.62173913043478,21.37391304347826,74.65217391304348,224.4782608695652,4.6,1.4217391304347828,22.5,32.1,14.985833333333332,17.752499999999998,9.49375,45.38041666666666,1.7775,5.28,13.35,1.46,6.06,1.62,26.66,78.57,21.97,82.74,2.41,1
871,2023-01-23,0.0,1002.7,1582.986666666667,27.04583333333333,19.4125,65.75,148.04166666666666,3.9,1.0875,22.7,33.6,23.151250000000005,17.30916666666667,22.4625,54.72583333333333,1.92375,10.36,12.82,10.0,9.02,1.74,55.8,55.88,38.56,149.4,2.26,4
872,2023-01-24,0.0,1002.625,2000.36,27.179166666666664,20.3,69.33333333333333,174.16666666666666,4.5875,1.5583333333333336,21.8,33.3,21.975833333333338,23.4075,16.32375,51.915,1.7758333333333336,6.91,12.7,5.14,6.76,1.55,47.81,104.6,40.19,123.0,2.29,3
873,2023-01-25,0.0,1003.8666666666668,1807.32,28.09166666666667,21.6875,70.95833333333333,147.29166666666666,5.291666666666667,1.6958333333333335,23.1,34.3,27.38416666666667,18.317916666666665,15.589166666666666,56.4675,1.7804166666666668,8.72,13.08,4.77,10.43,1.63,46.97,60.69,68.52,133.3,2.26,0
874,2023-01-26,0.2166666666666666,1004.5291666666666,1885.3153846153848,28.09583333333333,21.399999999999995,70.95833333333333,137.79166666666666,5.770833333333333,1.7166666666666668,22.8,35.5,22.302916666666665,13.474166666666669,12.071666666666667,51.76666666666667,1.8320833333333333,11.76,12.65,3.39,9.87,1.68,52.02,14.48,29.78,99.79,2.15,5
875,2023-01-27,0.0695652173913043,1004.5130434782608,1908.493333333333,27.44347826086957,19.68260869565217,66.95652173913044,167.8695652173913,4.156521739130435,1.3478260869565215,22.1,35.0,20.235454545454548,15.612083333333333,15.60375,60.15833333333334,1.8825,7.78,12.93,5.79,7.83,1.67,49.53,39.5,27.53,135.5,2.09,1
876,2023-01-28,0.45,1004.8416666666668,1718.9785714285715,27.92083333333333,20.92083333333333,68.66666666666667,162.54166666666666,4.383333333333333,1.2,22.2,35.6,31.129166666666663,19.230416666666667,16.545833333333334,52.26416666666666,1.992916666666667,13.69,13.42,6.55,4.86,1.73,61.59,53.44,22.6,130.4,2.42,4
877,2023-01-29,0.0,1006.0208333333334,1670.6466666666668,26.0,21.666666666666668,78.54166666666667,192.79166666666663,4.879166666666666,1.3416666666666668,22.3,29.5,17.45,13.61375,10.53625,34.89416666666666,1.8795833333333332,2.93,12.94,1.11,6.65,1.64,35.89,14.05,26.05,63.37,2.3,1
878,2023-01-30,0.0,1003.3708333333332,1890.2333333333331,26.5625,20.775,72.33333333333333,131.08333333333334,3.8708333333333336,1.2541666666666669,22.1,31.3,18.17791666666667,13.666666666666666,11.49375,39.79875,1.905,4.32,12.93,4.46,3.93,1.78,31.04,14.53,22.31,113.1,2.14,1
879,2023-01-31,0.0,1001.8954545454544,1870.4533333333336,27.722727272727276,20.14090909090909,65.5909090909091,153.3181818181818,3.977272727272727,1.2545454545454546,22.4,33.6,20.4575,17.39125,17.62666666666667,51.221250000000005,1.8954166666666663,5.55,13.05,9.92,3.92,1.7,38.78,30.94,45.9,124.9,2.34,1
880,2023-02-01,0.0,1004.5750000000002,1679.7066666666667,27.912499999999994,21.3625,69.125,120.625,4.029166666666667,1.3875000000000002,23.5,32.9,24.665000000000003,13.6825,12.518333333333336,45.29958333333334,1.9225,11.36,12.9,3.94,4.63,1.67,48.06,14.35,23.45,98.95,2.49,5
881,2023-02-02,0.0,1005.5875,1708.1714285714286,27.183333333333334,21.679166666666664,73.625,112.25,5.670833333333333,1.875,23.3,31.4,16.40791666666667,13.507916666666668,6.948333333333333,34.46583333333333,1.8454166666666667,7.87,13.02,1.79,6.07,1.71,31.61,14.12,18.61,64.64,2.17,0
882,2023-02-03,0.225,1002.2583333333332,980.9714285714284,25.675,22.3125,82.125,140.79166666666666,4.858333333333333,1.4666666666666668,24.5,28.1,12.1325,14.35875,12.0925,26.401666666666667,1.98875,2.89,13.15,3.9,9.01,1.76,27.96,22.63,22.82,51.55,2.38,0
883,2023-02-04,0.3416666666666666,1003.7041666666668,1196.65,24.2375,20.070833333333336,78.70833333333333,245.83333333333331,5.754166666666667,1.7958333333333334,22.2,27.0,8.7925,14.851666666666665,10.737500000000002,27.843333333333334,1.8786956521739129,1.35,13.47,2.09,9.33,1.62,26.05,20.47,28.99,45.73,2.99,2
884,2023-02-05,0.0,1005.2583333333332,1735.45,23.729166666666668,17.508333333333336,69.79166666666667,236.04166666666663,5.629166666666667,1.7250000000000003,20.1,27.3,14.83041666666667,18.40875,10.67875,31.58833333333333,1.7433333333333332,7.74,13.49,3.1,4.35,1.55,29.53,48.51,28.23,54.12,2.59,1
885,2023-02-06,0.0,1006.0791666666664,1735.392857142857,26.308333333333334,17.933333333333334,63.625,161.20833333333334,3.470833333333333,1.0166666666666666,21.8,30.8,16.991666666666667,21.77208333333333,16.268333333333334,46.02,1.7720833333333337,6.32,13.49,3.8,5.34,1.56,32.44,98.21,39.01,108.2,2.12,5
886,2023-02-07,0.0,1006.9739130434784,1678.5785714285714,26.721739130434784,15.830434782608696,52.869565217391305,101.56521739130434,4.452173913043478,1.4217391304347828,21.4,33.0,20.482083333333332,13.815833333333336,11.115,43.46291666666667,1.785,6.65,13.46,1.67,7.25,1.55,32.27,14.91,22.42,96.8,2.13,1
887,2023-02-08,0.0,1006.0166666666664,2053.4357142857143,27.2375,19.6,66.29166666666667,150.25,4.645833333333333,1.4833333333333334,21.6,34.3,19.397368421052636,17.69458333333333,5.90625,34.880714285714284,1.8594736842105264,6.69,10.47,2.93,4.08,1.66,42.27,108.3,10.77,111.2,2.16,4
888,2023-02-09,0.0083333333333333,1005.6291666666666,1361.2000000000005,26.7375,21.04583333333333,72.375,188.95833333333331,5.2250000000000005,1.55,24.0,30.7,23.21875,12.605833333333331,6.497916666666666,,1.7916666666666667,9.06,10.44,1.48,,1.67,44.41,19.56,15.51,,2.13,4
889,2023-02-10,0.0,1006.0583333333334,1793.3071428571425,27.883333333333336,20.058333333333334,65.08333333333333,121.625,4.441666666666666,1.3916666666666666,22.8,33.9,26.36916666666667,11.462916666666668,7.142500000000001,91.75083333333332,2.0083333333333333,8.49,10.46,1.43,43.11,1.75,48.32,18.97,21.27,157.4,2.39,2
890,2023-02-11,0.0,1006.65,2089.928571428572,27.075000000000003,18.695833333333333,64.79166666666667,156.70833333333334,4.804166666666667,1.5499999999999998,20.4,33.7,23.12833333333333,11.462083333333334,6.4875,60.6025,1.9179166666666667,5.93,10.49,1.38,6.1,1.58,42.14,15.73,20.8,157.8,2.27,2
891,2023-02-12,0.0,1005.2045454545456,2074.9142857142856,27.35909090909091,17.686363636363634,62.09090909090909,166.0909090909091,4.163636363636364,1.3636363636363635,21.0,34.7,20.855,10.837083333333334,3.12875,63.66583333333333,1.8004166666666668,6.68,10.52,1.07,7.06,1.62,48.63,12.55,5.79,155.5,1.94,0
892,2023-02-13,0.0,1002.5478260869564,2039.7857142857144,29.33478260869565,19.18695652173913,59.0,172.2608695652174,4.821739130434783,1.5391304347826087,22.9,37.6,29.152083333333337,11.310833333333331,7.057083333333334,70.7925,1.8658333333333332,12.19,10.61,1.6,6.25,1.59,81.85,13.09,16.85,146.8,2.57,5
893,2023-02-14,1.8,1000.4521739130436,1564.146153846154,28.50869565217392,20.847826086956523,65.69565217391305,159.6086956521739,6.443478260869565,1.7826086956521738,22.4,34.8,29.953333333333337,10.985833333333332,7.292916666666667,63.00208333333333,1.815,11.9,10.71,2.73,18.84,1.63,71.7,12.26,18.02,96.17,2.19,3
894,2023-02-15,1.0666666666666669,1000.25,736.86,23.73333333333333,20.7875,84.04166666666667,197.33333333333331,4.291666666666667,1.133333333333333,21.5,25.8,14.026666666666666,10.910833333333334,8.405416666666666,47.65291666666667,1.8916666666666664,4.45,10.63,0.47,7.21,1.63,30.94,11.67,20.06,88.14,2.44,3
895,2023-02-16,0.0,997.3041666666668,1879.353846153846,25.29583333333333,20.9,78.83333333333333,114.16666666666669,4.0,1.2458333333333331,21.6,30.7,15.467083333333337,11.003749999999998,6.2941666666666665,48.22874999999999,2.0025,4.17,10.82,2.4,7.53,1.73,28.67,12.35,15.14,96.88,2.32,1
896,2023-02-17,0.2833333333333334,998.0666666666666,1088.1923076923076,22.70833333333333,18.25,77.16666666666667,234.29166666666663,7.183333333333333,2.0125,21.0,24.8,10.9275,10.97875,5.822499999999999,42.3025,1.6508333333333336,3.77,10.55,0.99,20.27,1.42,28.92,11.72,13.46,69.9,2.27,1
897,2023-02-18,0.0,1012.9739130434782,2250.223076923077,18.05217391304348,7.656521739130435,51.56521739130435,251.4782608695652,6.07391304347826,1.9956521739130435,14.1,22.0,16.33791666666667,11.825,4.509583333333333,37.61333333333334,1.6970833333333335,3.62,10.51,0.47,12.22,1.49,27.95,17.4,12.11,67.85,2.38,1
898,2023-02-19,0.0,1016.0791666666668,2195.6615384615384,19.47083333333333,10.041666666666666,56.29166666666666,100.625,5.179166666666666,1.6499999999999997,12.8,25.5,16.878333333333334,10.862083333333333,2.8829166666666666,34.75541666666667,1.8429166666666668,6.76,10.36,0.47,4.56,1.65,26.78,11.48,6.1,57.01,2.57,5
899,2023-02-20,0.5583333333333332,1011.6125,392.7357142857143,20.433333333333334,17.025000000000002,81.41666666666667,100.75,4.05,1.1,19.0,24.3,15.810416666666669,10.85666666666667,5.290416666666666,22.715,1.7854166666666669,3.27,10.55,1.28,6.36,1.6,35.0,11.35,10.99,37.91,2.14,0
900,2023-02-21,0.225,1009.3791666666666,1495.0285714285717,22.308333333333334,18.85833333333333,82.54166666666667,169.58333333333334,3.9125,1.0958333333333334,19.9,27.1,8.7675,12.225833333333334,3.515416666666667,35.36208333333334,1.79875,3.15,10.71,0.47,4.65,1.61,20.34,25.65,18.46,73.49,2.17,1
901,2023-02-22,0.0,1011.6083333333332,1740.4769230769232,23.14166666666667,18.416666666666668,76.25,124.83333333333331,4.375,1.4874999999999998,19.4,27.1,14.682916666666666,10.889583333333334,3.37875,31.222916666666663,1.8625,3.03,10.76,0.47,3.96,1.7,27.92,11.17,10.05,57.31,2.45,6
902,2023-02-23,0.0,1009.6958333333332,1258.1307692307694,24.391666666666666,19.0875,73.58333333333333,158.20833333333334,4.8875,1.5041666666666669,20.7,28.5,14.139166666666668,12.742083333333332,6.279583333333334,29.4275,1.9320833333333327,5.58,10.76,1.33,5.05,1.72,32.16,34.1,14.05,63.25,2.17,8
903,2023-02-24,0.0333333333333333,1005.6541666666668,675.9384615384616,23.09166666666667,20.079166666666666,83.625,157.83333333333334,3.491666666666667,1.05,21.6,25.8,21.15458333333333,14.52833333333333,9.580833333333333,25.15458333333333,2.0429166666666667,4.76,10.9,2.93,4.36,1.67,36.27,25.16,16.52,86.06,2.58,2
904,2023-02-25,0.3833333333333333,1002.2374999999998,725.657142857143,21.8,19.85833333333333,89.0,266.2083333333333,4.745833333333334,1.375,20.8,24.5,17.492083333333333,13.102916666666667,7.709583333333334,31.347916666666663,2.06875,4.73,10.99,4.09,3.87,1.88,37.34,24.37,11.07,67.91,2.4,6
905,2023-02-26,0.0,1006.175,1055.823076923077,22.22083333333333,18.575,82.0,210.83333333333331,2.245833333333333,0.7333333333333334,18.6,29.3,29.231176470588235,22.0264705882353,9.542352941176471,18.68058823529412,2.1,14.98,10.99,3.77,4.37,1.77,48.02,95.7,14.51,66.44,2.51,2
906,2023-02-27,0.0,1012.4583333333334,1651.0615384615385,24.704166666666666,20.130434782608692,78.21739130434783,130.625,3.625,1.1166666666666665,21.1,30.0,,,,,,,,,,,,,,,,2
907,2023-03-01,0.0,1008.3458333333332,1822.5846153846155,26.149999999999995,19.775,69.54166666666667,125.75,4.629166666666666,1.3958333333333333,21.9,31.5,,13.55,14.31,13.54,3.72,,13.55,14.31,13.54,3.72,,13.55,14.31,13.54,3.72,8
908,2023-03-02,0.0,1005.7333333333332,1395.715384615385,25.9,20.529166666666665,73.66666666666667,204.33333333333331,3.6458333333333335,1.225,21.6,30.9,,26.48304347826087,11.427391304347823,43.705652173913045,2.030869565217391,,11.29,2.71,4.53,1.4,,155.7,32.69,122.3,4.41,5
909,2023-03-03,0.008695652173913,1005.3826086956522,591.5500000000001,25.04782608695652,20.969565217391303,78.43478260869566,162.65217391304347,2.460869565217391,0.8043478260869565,22.8,27.6,,13.013750000000002,12.412916666666666,35.459583333333335,2.1670833333333333,,11.93,4.41,4.33,1.8,,15.64,25.03,110.1,2.77,7
910,2023-03-04,0.3999999999999999,1003.6375000000002,1115.3076923076924,24.6625,22.204166666666666,87.04166666666667,190.70833333333331,4.070833333333333,1.0291666666666666,22.5,28.9,,13.168333333333331,6.785416666666666,23.85291666666667,2.047083333333333,,11.82,2.34,4.88,1.8,,15.94,16.8,59.3,2.5,0
911,2023-03-05,0.175,1005.2374999999998,1170.1857142857143,24.04583333333333,20.966666666666665,83.5,191.375,5.520833333333333,1.429166666666667,21.7,26.2,,12.1825,2.4579166666666667,43.23499999999999,1.7912499999999998,,11.52,0.47,16.13,1.69,,12.78,9.22,61.96,1.95,4
912,2023-03-06,0.3,1004.6916666666666,624.4461538461538,23.60833333333333,20.979166666666668,85.45833333333333,144.20833333333334,6.016666666666667,1.7041666666666666,22.4,25.7,,12.412916666666666,4.43125,37.60458333333333,1.882083333333333,,11.71,0.47,21.53,1.67,,13.1,13.39,48.36,2.38,5
913,2023-03-07,0.2083333333333333,1001.5083333333332,933.3733333333332,24.3,21.854166666666668,86.79166666666667,166.54166666666666,4.604166666666667,1.3958333333333333,21.8,26.9,,13.683750000000002,7.865833333333334,30.282916666666665,2.17125,,11.72,1.08,4.93,1.75,,23.4,21.48,54.26,2.87,5
914,2023-03-08,0.0,1003.182608695652,1828.425,26.43478260869565,21.5,75.95652173913044,218.30434782608697,3.978260869565217,1.1434782608695653,22.2,31.7,,15.794583333333334,9.72,36.42541666666666,2.2929166666666663,,11.62,1.59,3.44,1.77,,47.0,23.48,86.19,3.2,5
915,2023-03-09,0.1333333333333333,1007.0,1444.1076923076923,26.4625,21.591666666666665,75.45833333333333,199.83333333333331,3.516666666666666,1.2125,23.3,31.9,,16.184166666666666,9.722916666666666,42.94,1.9829166666666664,,11.41,3.8,3.08,1.73,,70.54,20.23,127.0,2.64,7
916,2023-03-10,0.0,1008.4958333333334,1256.1769230769232,26.575,22.370833333333334,79.04166666666667,117.20833333333331,4.966666666666667,1.5083333333333335,23.6,30.8,,12.0525,4.589166666666666,38.70041666666666,2.1333333333333333,,11.67,1.34,13.67,1.7,,12.69,12.49,85.91,2.41,6
917,2023-03-11,0.0,1008.7739130434784,1641.0153846153846,26.734782608695657,22.217391304347824,77.65217391304348,135.65217391304347,4.560869565217391,1.4217391304347828,23.9,31.0,,24.771666666666665,6.03375,52.43541666666667,1.88,,11.82,1.62,11.06,1.71,,164.1,25.23,114.1,2.41,4
918,2023-03-12,0.0,1010.3875,1768.569230769231,26.445833333333336,21.89583333333333,77.33333333333333,111.54166666666669,6.537499999999999,2.004166666666667,23.1,30.1,,12.02,2.2770833333333336,34.03041666666667,1.8058333333333327,,11.66,0.47,12.01,1.7,,12.48,5.78,56.81,2.03,7
919,2023-03-13,0.0,1010.0090909090908,1745.5923076923077,26.827272727272728,21.686363636363637,74.81818181818181,107.63636363636364,6.104545454545455,1.8272727272727276,23.1,31.2,,12.082916666666668,3.605833333333333,28.1875,1.856666666666667,,11.34,1.31,2.8,1.65,,12.65,10.04,56.06,2.15,10
920,2023-03-14,0.0,1009.2666666666668,1464.5384615384614,27.15416666666667,21.26666666666667,71.625,108.5,5.075,1.525,23.7,32.2,,18.627916666666668,4.5225,29.655833333333334,1.7412499999999995,,10.23,1.81,4.21,1.59,,139.8,13.06,63.84,1.98,10
921,2023-03-15,0.0,1008.75,1730.0461538461536,27.8,21.079166666666666,67.95833333333333,84.70833333333333,4.7625,1.3583333333333334,23.9,32.0,,10.14,4.642916666666667,33.30458333333333,1.7924999999999998,,9.51,1.83,4.16,1.57,,10.86,14.02,74.36,2.57,3
922,2023-03-16,0.0,1008.0291666666668,1722.2692307692307,27.387500000000003,19.825,65.16666666666667,124.91666666666669,5.075,1.4958333333333331,22.9,32.7,,14.371666666666664,5.9375,37.66875,1.8570833333333332,,9.61,1.02,3.74,1.63,,51.42,13.79,135.3,2.38,3
923,2023-03-17,0.0,1007.9666666666668,1724.5923076923077,27.22083333333333,20.47083333333333,69.45833333333333,130.20833333333334,4.079166666666667,1.2833333333333334,22.2,33.5,,11.118333333333334,7.791250000000001,26.832916666666662,2.0708333333333333,,9.65,4.79,6.26,1.72,,16.06,19.23,85.64,2.62,5
924,2023-03-18,0.0,1007.965,1717.276923076923,27.805,20.67,67.25,177.8,4.21,1.505,22.2,33.5,,16.84541666666667,6.435416666666666,27.027083333333337,2.12,,9.76,2.63,6.05,1.85,,127.1,13.1,79.37,2.56,5
925,2023-03-19,0.0,1006.8791666666668,1706.1615384615384,26.3,18.8125,66.95833333333333,143.16666666666666,3.391666666666667,1.0875,19.9,32.6,,15.795416666666668,5.596666666666667,26.9225,1.8579166666666669,,9.59,1.31,6.0,1.5,,110.8,10.99,67.43,2.43,3
926,2023-03-20,0.9666666666666668,1006.525,1174.9076923076923,25.73333333333333,20.15833333333333,72.83333333333333,184.375,3.766666666666667,1.1916666666666669,23.2,32.2,,17.722083333333334,12.48375,21.77458333333333,1.9683333333333333,,10.64,2.73,6.01,1.41,,108.5,26.0,77.22,2.79,7
927,2023-03-21,0.0,1010.2041666666668,886.9307692307691,24.766666666666666,21.50434782608696,82.95652173913044,122.16666666666669,4.075,1.1791666666666667,22.2,27.2,,9.990833333333333,5.246666666666667,28.08375,1.7154166666666668,,9.57,1.61,6.36,1.53,,10.62,13.17,53.1,2.12,5
928,2023-03-22,0.0,1012.0739130434785,1093.7923076923075,24.839130434782607,20.269565217391307,76.17391304347827,124.47826086956522,6.826086956521739,2.230434782608696,22.8,27.8,,9.836666666666668,3.0625,27.98958333333333,1.867916666666667,,9.41,1.03,10.43,1.65,,10.84,11.3,55.84,2.04,5
929,2023-03-23,0.0,1010.0708333333332,1627.2230769230769,26.316666666666663,20.55,71.70833333333333,138.45833333333334,6.175,1.8583333333333332,22.6,32.1,,11.795,3.9925,37.865833333333335,1.82125,,9.28,0.47,8.63,1.5,,31.95,10.55,95.53,2.02,3
930,2023-03-24,0.0,1010.1416666666664,1264.5153846153846,25.52083333333333,21.104166666666668,77.5,156.125,4.0625,1.1458333333333333,23.3,28.4,,11.073333333333332,5.27625,24.205416666666665,1.85375,,10.49,1.08,6.9,1.59,,12.89,12.09,44.93,2.23,2
931,2023-03-25,0.1916666666666666,1007.2375,702.2692307692307,24.05,20.604166666666668,82.0,102.29166666666669,3.825,1.2291666666666667,21.2,27.8,,10.94041666666667,4.8133333333333335,18.47083333333333,1.9595833333333332,,10.28,2.34,6.43,1.68,,11.39,9.78,40.95,2.37,8
932,2023-03-26,0.025,1006.6541666666666,934.6,23.60833333333333,19.29583333333333,77.54166666666667,261.0833333333333,6.883333333333333,1.975,21.6,25.9,,15.402916666666668,4.308333333333334,28.805416666666662,1.755,,11.04,0.47,6.42,1.5,,41.29,11.61,47.6,2.6,2
933,2023-03-27,0.0,1011.9833333333332,1400.2538461538463,22.258333333333336,15.966666666666669,69.0,165.66666666666666,4.441666666666666,1.2125,19.3,25.7,,10.712916666666668,5.807916666666666,21.490416666666665,1.747083333333333,,9.54,0.47,5.85,1.52,,11.84,17.99,41.36,2.21,5
934,2023-03-28,0.0,1008.5833333333334,1695.0538461538465,23.229166666666668,15.95,64.91666666666667,120.20833333333331,3.8708333333333336,1.2208333333333334,18.2,30.5,,10.81125,7.064166666666668,25.74833333333333,1.87,,9.48,2.17,5.81,1.61,,13.76,16.19,63.64,2.61,4
935,2023-03-29,0.2666666666666666,1005.0166666666668,1157.4384615384615,25.245833333333337,19.97083333333333,74.16666666666667,164.54166666666666,3.8791666666666655,1.1166666666666667,20.9,33.2,,14.472608695652172,8.900434782608695,27.860434782608696,1.9017391304347824,,10.55,3.28,5.86,1.56,,37.89,27.55,73.14,2.95,7
936,2023-03-30,1.0583333333333331,1007.8333333333334,742.575,22.85833333333333,19.791666666666668,83.95833333333333,227.20833333333331,4.216666666666667,1.0458333333333334,20.4,26.9,,21.568750000000005,7.677083333333333,52.211666666666666,1.9270833333333333,,10.19,2.59,16.41,1.63,,117.1,15.72,101.4,2.3,3
937,2023-03-31,0.0083333333333333,1008.1208333333334,1399.0461538461536,24.47083333333333,20.6125,80.95833333333333,199.08333333333331,4.466666666666666,1.6166666666666665,20.8,30.0,,19.97208333333333,6.9025,35.86708333333333,1.9225,,9.89,1.63,12.7,1.58,,99.37,17.88,66.21,3.03,6
938,2023-04-01,0.0,1011.3916666666668,1726.2076923076925,19.616666666666667,11.4125,59.875,209.45833333333331,7.154166666666668,1.9208333333333327,15.1,23.6,,10.945416666666668,3.5391666666666666,27.33375,1.7970833333333331,,10.24,0.47,13.21,1.58,,12.23,10.58,37.3,2.55,8
939,2023-04-02,0.0,1011.8541666666666,1361.0538461538465,19.6625,14.133333333333333,71.83333333333333,203.66666666666663,3.320833333333333,1.0541666666666667,16.2,24.1,,14.0125,5.397083333333335,24.312083333333334,1.795,,10.87,0.47,7.34,1.53,,35.33,10.58,56.45,2.98,0
940,2023-04-03,0.0,1008.6458333333334,1573.9615384615386,21.3375,14.8875,68.95833333333333,137.16666666666666,3.9375,1.2375,15.7,28.0,,11.750833333333333,7.0491666666666655,30.36208333333333,1.8683333333333332,,10.76,2.2,5.87,1.6,,15.78,19.59,85.54,2.91,10
941,2023-04-04,0.0,1007.7458333333332,977.5846153846154,21.725,17.9125,79.66666666666667,162.54166666666666,3.516666666666667,1.025,18.0,24.8,,12.464999999999998,7.99625,24.510416666666668,1.8354166666666665,,11.28,0.47,6.94,1.55,,23.34,22.23,55.21,2.72,4
942,2023-04-05,0.0,1011.0666666666666,1025.6615384615384,22.120833333333334,17.316666666666666,75.29166666666667,103.66666666666669,5.166666666666666,1.5125,19.3,24.9,,11.450833333333334,4.93375,22.2075,1.8454166666666667,,10.75,0.47,5.78,1.65,,13.17,13.74,37.2,2.81,3
943,2023-04-06,0.0,1012.0541666666664,495.9416666666666,21.3125,15.241666666666664,68.66666666666667,106.70833333333331,6.45,1.9041666666666668,18.8,23.0,,10.723333333333334,3.844583333333333,27.431249999999995,1.7262500000000005,,10.6,0.47,21.17,1.63,,11.04,6.92,34.08,1.85,3
944,2023-04-07,0.0,1011.2374999999998,900.4461538461538,20.42083333333333,16.454166666666666,78.58333333333333,120.375,5.9875,1.9375,18.5,23.2,,10.835416666666667,1.2070833333333333,27.02458333333333,1.6483333333333334,,10.76,0.47,18.82,1.58,,11.36,3.92,37.48,1.81,7
945,2023-04-08,0.0,1012.2708333333334,773.1615384615385,21.08333333333333,16.454166666666666,75.125,109.625,4.9625,1.45,19.2,23.4,,10.89,2.1754166666666666,24.844166666666663,1.6616666666666664,,10.75,0.47,18.09,1.54,,11.08,5.14,32.17,1.95,2
946,2023-04-09,0.0,1012.0666666666668,1430.9692307692308,22.60833333333333,17.20416666666667,73.04166666666667,121.45833333333331,4.0875,1.3416666666666668,18.2,28.0,,15.35708333333333,3.7312500000000006,24.48958333333333,1.80625,,10.79,0.47,5.48,1.61,,53.34,10.27,59.81,2.09,3
947,2023-04-10,0.0,1011.3624999999998,1476.5153846153844,24.3,18.45,71.875,198.95833333333331,4.2125,1.3541666666666667,19.5,30.8,,15.465416666666664,6.420833333333333,28.238333333333333,1.855833333333333,,11.05,1.94,5.11,1.67,,44.31,13.25,79.12,2.66,5
948,2023-04-11,0.0,1008.6375,1611.8083333333332,25.225000000000005,17.766666666666666,65.625,191.83333333333331,3.8083333333333336,1.2083333333333337,19.5,31.8,,23.175,11.8925,22.019166666666667,2.1391666666666667,,11.07,4.53,5.79,1.74,,98.54,36.33,53.64,3.81,6
949,2023-04-12,0.0,1004.7166666666668,1393.925,25.15833333333333,18.808333333333334,69.29166666666667,205.375,4.241666666666666,1.3458333333333334,22.0,30.7,,21.21125,10.14625,29.06833333333334,1.93875,,11.13,3.5,7.77,1.48,,122.6,21.45,55.98,2.89,9
950,2023-04-13,0.4333333333333333,1006.2041666666668,291.79090909090905,20.42083333333333,17.40833333333333,83.20833333333333,148.08333333333334,4.595833333333334,1.1208333333333331,19.0,23.2,,11.5025,4.575833333333333,23.84708333333333,1.7270833333333335,,11.33,0.47,11.12,1.57,,11.99,13.28,33.43,2.14,5
951,2023-04-14,0.0,1010.75,658.8000000000001,19.016666666666666,13.308333333333332,70.16666666666667,136.83333333333334,5.3875,1.5583333333333331,17.5,20.8,,11.24125,2.8216666666666668,23.4525,1.5820833333333333,,10.34,0.47,16.97,1.51,,12.58,9.35,30.37,1.7,3
952,2023-04-15,0.0,1011.7708333333334,962.4083333333332,20.5,16.15416666666667,76.54166666666667,114.04166666666669,4.779166666666666,1.6041666666666667,17.3,23.9,,10.823333333333332,3.2533333333333334,20.959166666666665,1.742916666666667,,10.41,1.52,4.37,1.58,,11.33,6.73,32.37,2.0,7
953,2023-04-16,0.5416666666666666,1007.7875,703.0333333333334,20.929166666666667,18.3,85.66666666666667,166.83333333333334,4.420833333333333,1.1375,19.0,25.0,,12.13125,4.045,17.423750000000002,2.272083333333333,,10.3,0.47,3.14,1.71,,17.08,8.75,37.72,2.82,3
954,2023-04-17,0.0083333333333333,1002.6416666666668,354.82666666666665,19.65,16.733333333333334,83.70833333333333,192.25,4.1875,1.075,18.6,20.6,,10.9925,5.831666666666667,13.454999999999998,1.79625,,10.37,0.47,4.26,1.59,,11.62,15.05,19.56,2.33,7
955,2023-04-18,0.0,999.7541666666666,1357.3833333333334,19.1875,13.675,73.125,239.45833333333331,3.0583333333333336,1.0583333333333331,15.9,22.7,,20.52208333333333,10.694583333333334,19.606666666666666,1.8870833333333337,,10.73,4.26,2.45,1.55,,50.54,25.17,48.38,2.44,10
956,2023-04-19,0.0166666666666666,1000.5625,730.7583333333333,16.25,6.8875,54.91666666666666,280.2916666666667,7.325,2.1958333333333333,13.9,19.2,,24.10565217391304,9.503913043478262,20.483478260869564,1.8830434782608696,,10.95,0.47,7.11,1.46,,75.69,20.42,32.96,2.47,6
957,2023-04-20,0.0,1010.9,1495.15,14.720833333333331,9.475,72.5,258.8333333333333,5.395833333333333,1.6958333333333335,10.8,20.2,,19.49913043478261,10.839130434782607,16.672173913043476,1.7830434782608695,,11.37,2.19,2.02,1.37,,39.72,22.87,39.33,3.0,5
958,2023-04-21,0.0,1014.35,1420.1333333333332,17.258333333333336,11.933333333333332,73.08333333333333,127.20833333333331,3.2833333333333337,1.1208333333333331,12.1,23.8,,16.73,7.829583333333335,24.95125,1.8329166666666663,,11.54,1.07,0.98,1.36,,65.22,28.54,66.37,2.36,5
959,2023-04-22,0.0,1013.8458333333332,1319.65,20.1,13.920833333333334,69.41666666666667,165.54166666666666,3.633333333333333,1.0666666666666669,14.5,25.6,,13.915416666666667,5.692083333333334,25.02541666666667,1.8445833333333328,,10.62,1.59,3.57,1.57,,47.04,10.53,67.66,2.24,4
960,2023-04-23,0.0083333333333333,1014.7375,1208.2583333333332,20.416666666666668,14.958333333333334,72.79166666666667,149.75,3.7625000000000006,1.1625,15.8,25.7,,11.822083333333332,4.1875,23.413333333333338,1.9933333333333327,,10.62,0.47,3.86,1.71,,13.03,11.12,56.08,2.46,4
961,2023-04-24,0.0,1014.0208333333334,1245.3416666666667,22.15833333333333,16.966666666666665,73.875,141.29166666666666,3.929166666666667,1.0666666666666669,18.1,26.6,,12.538333333333332,6.854583333333333,22.10333333333333,2.0820833333333333,,11.5,2.75,4.27,1.77,,14.25,16.63,50.97,3.06,6
962,2023-04-25,0.0,1011.4041666666666,734.65,22.325,16.541666666666668,71.375,99.25,3.491666666666667,1.05,18.8,26.1,,13.2925,9.915416666666667,18.27083333333333,2.027083333333333,,12.06,2.98,3.69,1.69,,14.96,23.1,47.17,2.93,11
963,2023-04-26,0.4583333333333333,1007.7625,886.2,20.383333333333333,17.03333333333333,81.79166666666667,232.20833333333331,3.891666666666667,1.0333333333333334,17.6,23.3,,14.161666666666669,9.2575,24.272916666666664,1.8920833333333336,,12.05,3.3,10.68,1.62,,23.19,16.88,41.61,2.2,10
964,2023-04-27,0.0,1008.4208333333332,913.2166666666666,19.72083333333333,16.008333333333336,80.125,262.9166666666667,3.8041666666666663,1.3208333333333335,16.9,22.8,,10.69625,10.180416666666666,21.961666666666662,1.450416666666667,,4.65,2.87,5.1,0.32,,17.1,22.42,46.11,2.35,1
965,2023-04-28,0.0,1011.4958333333332,1391.0272727272727,18.98333333333333,14.025,75.83333333333333,148.54166666666666,2.5,0.9208333333333334,15.2,24.2,,5.650833333333334,12.500416666666666,24.618333333333336,0.7554166666666667,,4.3,3.93,4.81,0.32,,18.26,28.21,63.27,2.02,7
966,2023-04-29,0.0,1011.4,1440.1181818181817,19.916666666666668,13.795833333333334,70.04166666666667,120.75,3.7916666666666665,1.3125,13.9,26.7,,4.391249999999999,7.605833333333334,25.31458333333333,0.67625,,4.25,2.84,4.77,0.37,,4.76,17.96,52.72,1.6,3
967,2023-04-30,0.0,1009.3583333333332,1423.1454545454544,21.633333333333336,15.375,70.5,186.95833333333331,3.795833333333333,1.4583333333333333,15.7,28.4,,4.360833333333333,7.03,18.184166666666663,0.8112499999999999,,4.24,1.89,4.48,0.3,,4.68,20.91,46.06,1.79,4
968,2023-05-01,0.0,1009.1041666666666,902.8818181818184,20.85,16.416666666666668,76.04166666666667,165.625,4.008333333333334,1.1583333333333332,18.6,22.9,,4.2925,4.324583333333333,25.959166666666665,0.4441666666666666,,4.16,0.47,4.85,0.17,,4.45,13.14,40.36,1.2,8
969,2023-05-02,0.325,1010.3,165.76363636363635,18.766666666666666,17.279166666666665,91.33333333333331,137.04166666666666,6.05,1.4791666666666667,17.6,19.6,,4.217083333333334,2.800416666666667,26.383333333333336,0.3845833333333333,,4.12,0.47,20.02,0.16,,4.29,6.94,36.03,0.49,5
970,2023-05-03,0.3764705882352941,1009.8470588235296,156.78,17.77058823529412,16.870588235294118,94.41176470588236,127.41176470588236,6.858823529411765,2.011764705882353,16.4,19.3,,4.223333333333333,3.209166666666667,28.771666666666665,0.3670833333333334,,4.14,0.47,16.0,0.2,,4.29,10.59,38.23,0.54,5
971,2023-05-04,0.2333333333333333,1009.5375,272.2,20.629166666666663,19.725,94.66666666666669,142.25,3.0499999999999994,0.8249999999999998,19.6,22.3,,4.80125,7.730416666666666,13.495416666666666,0.735,,4.15,0.47,4.96,0.33,,6.87,18.18,24.52,1.54,4
972,2023-05-05,1.1916666666666669,1012.5375,132.25454545454545,20.308333333333334,19.745833333333334,96.75,128.95833333333334,2.75,0.7541666666666668,20.1,20.9,,5.352499999999999,9.339166666666667,7.958333333333333,0.7570833333333334,,4.73,1.86,4.9,0.33,,6.93,15.76,12.86,1.56,4
973,2023-05-06,1.2166666666666666,1011.35,260.87272727272733,20.758333333333336,19.8875,94.70833333333331,108.125,3.670833333333334,1.0458333333333334,19.5,22.5,,5.040416666666666,4.331666666666667,12.482916666666666,0.6995833333333333,,4.72,0.47,5.15,0.41,,6.18,9.81,21.01,1.35,7
974,2023-05-07,0.5583333333333332,1008.1,925.0272727272728,22.3625,20.6875,90.75,143.04166666666666,3.4500000000000006,0.9833333333333334,19.8,26.6,,5.359583333333333,4.1275,15.725416666666666,0.7150000000000002,,4.62,0.47,4.63,0.31,,6.45,7.91,37.79,1.16,2
975,2023-05-08,0.4583333333333333,1010.0791666666668,964.0307692307692,19.804166666666667,16.541666666666664,82.625,274.1578947368421,5.941176470588236,1.863157894736842,18.8,21.6,,5.633749999999999,6.513749999999999,20.892916666666668,0.4191666666666666,,4.7,0.47,8.09,0.17,,8.24,21.25,36.94,0.95,8
976,2023-05-09,0.0083333333333333,1013.4666666666668,1335.381818181818,17.420833333333334,13.291666666666666,78.16666666666667,247.875,3.6875,1.175,13.7,22.0,,10.936666666666667,11.112916666666663,18.921666666666667,0.8291666666666666,,4.92,1.67,4.57,0.34,,57.56,24.57,45.56,2.02,6
977,2023-05-10,0.0,1013.0708333333332,1042.2181818181818,16.029166666666665,12.620833333333332,81.75,225.41666666666663,3.225,1.0583333333333331,13.0,20.1,,6.929166666666667,12.779166666666669,20.92333333333333,0.7637499999999999,,5.31,4.87,8.5,0.11,,10.4,28.13,42.05,1.81,7
978,2023-05-11,0.0083333333333333,1012.8791666666666,1269.5727272727272,15.216666666666669,10.908333333333331,76.79166666666667,224.5,4.108333333333333,1.2708333333333333,13.1,18.5,,5.291666666666667,9.9325,16.39,0.7050000000000001,,4.61,1.71,3.24,0.05,,6.23,22.68,35.02,1.62,6
979,2023-05-12,0.0347826086956521,1015.2782608695652,1170.1272727272726,15.68695652173913,11.891304347826088,79.78260869565217,187.2173913043478,3.1608695652173915,0.9782608695652174,13.2,18.8,,6.47625,14.308333333333335,12.1475,0.8783333333333333,,4.87,6.84,0.98,0.25,,11.22,28.24,33.63,2.58,3
980,2023-05-13,0.0,1014.0416666666666,1312.1363636363635,14.541666666666666,10.3625,78.375,187.33333333333331,2.4291666666666667,0.9416666666666668,10.6,20.2,,7.892916666666667,12.474583333333332,12.282083333333333,1.3004166666666666,,5.1,4.94,0.98,0.52,,20.93,26.21,45.27,2.74,4
981,2023-05-14,0.0,1013.8041666666668,1277.6545454545455,16.295833333333334,11.283333333333331,74.33333333333333,236.54166666666663,2.8166666666666664,1.0,12.1,22.3,,7.719166666666666,11.069583333333334,13.410416666666665,0.9516666666666668,,5.14,4.76,0.98,0.44,,24.57,23.43,42.58,1.93,12
982,2023-05-15,0.0083333333333333,1013.975,1297.1545454545455,17.325,12.858333333333334,76.95833333333333,225.20833333333331,3.270833333333333,1.1166666666666667,13.1,23.8,,7.279583333333332,14.455833333333336,15.236666666666666,1.3058333333333334,,5.38,1.93,0.98,0.57,,12.46,33.11,42.44,3.69,6
983,2023-05-16,0.0,1014.7791666666668,1110.2727272727273,16.729166666666668,13.258333333333333,81.45833333333333,150.16666666666666,2.1125000000000003,0.7541666666666668,12.5,21.9,,7.280416666666667,12.378333333333332,20.88375,0.91625,,5.02,2.31,0.98,0.22,,10.31,56.23,122.2,2.26,4
984,2023-05-17,0.0,1013.5041666666666,1330.7727272727273,17.275000000000002,12.633333333333333,76.5,109.5,3.1208333333333336,1.0416666666666667,12.5,23.8,,6.522500000000001,12.24375,16.49875,0.7570833333333334,,5.17,2.35,0.98,0.33,,8.74,33.94,56.17,1.68,6
985,2023-05-18,0.0083333333333333,1013.3416666666666,1301.8636363636365,17.504166666666666,12.858333333333334,77.08333333333333,176.29166666666666,2.45,0.8291666666666666,11.9,24.2,,9.867083333333332,15.356250000000005,12.239166666666668,1.1679166666666667,,5.23,0.47,0.98,0.37,,21.89,42.54,52.81,3.79,6
986,2023-05-19,0.0,1012.2791666666668,1057.4181818181817,17.079166666666666,13.179166666666664,79.625,139.41666666666666,2.0166666666666666,0.7541666666666665,12.3,23.7,,15.18625,18.22791666666667,28.88625,1.4154166666666663,,6.56,2.18,0.98,0.68,,45.74,47.08,126.8,2.47,9
987,2023-05-20,0.0083333333333333,1011.35,1014.35,17.754166666666666,14.074999999999998,81.20833333333333,152.58333333333334,2.283333333333333,0.8250000000000001,13.8,23.2,,8.987083333333333,12.090833333333334,15.320416666666665,1.3983333333333332,,5.77,1.88,0.98,0.44,,12.58,31.47,48.87,2.61,4
988,2023-05-21,0.0,1010.2875,434.39090909090913,19.070833333333336,17.041666666666668,88.41666666666667,118.75,3.1750000000000003,0.95,17.5,21.0,,6.195833333333333,4.229166666666667,18.124583333333334,0.8145833333333333,,5.18,0.47,2.58,0.38,,7.87,15.08,32.46,1.94,5
989,2023-05-22,0.0166666666666666,1010.5583333333334,363.8636363636364,18.7,16.2,85.75,142.70833333333334,2.5166666666666666,0.75,17.0,21.0,,7.442083333333334,10.128333333333334,4.84875,1.0770833333333334,,5.94,1.29,0.98,0.47,,10.95,18.0,14.03,1.95,10
990,2023-05-23,0.0,1012.35,1167.8636363636365,20.34583333333333,16.266666666666666,79.75,173.95833333333334,2.0416666666666665,0.725,15.5,26.8,,7.931666666666666,11.879583333333334,21.407916666666665,1.15125,,6.23,1.92,0.98,0.57,,12.44,31.79,64.4,2.91,4
991,2023-05-24,0.0,1011.6083333333332,1083.890909090909,21.587499999999995,15.495833333333332,71.125,163.20833333333334,2.5875,0.8333333333333334,15.8,28.5,,7.5254166666666675,13.627916666666666,17.738333333333333,1.1316666666666666,,5.67,3.59,0.98,0.49,,11.26,28.91,63.19,2.97,5
992,2023-05-25,0.0,1011.3708333333334,1187.3454545454545,21.45833333333333,15.5,71.0,154.625,2.6833333333333336,0.9458333333333334,16.7,28.4,,7.520833333333333,13.352916666666667,20.375416666666663,0.9116666666666668,,5.96,5.38,2.03,0.39,,9.65,24.13,68.5,1.84,8
993,2023-05-26,0.0,1008.2,922.8363636363636,21.954166666666666,15.454166666666666,68.41666666666667,126.20833333333331,3.466666666666667,1.2208333333333334,16.7,27.7,,7.655416666666666,14.4175,14.58625,1.20375,,5.26,0.47,2.28,0.24,,10.9,37.04,37.76,2.57,10
994,2023-05-27,0.48,1007.56,,21.98,17.520000000000003,76.4,189.4,4.92,1.28,21.7,22.8,,5.614166666666667,4.16375,17.86583333333333,0.5879166666666666,,5.03,0.47,2.85,0.33,,7.15,20.27,28.15,1.16,5
995,2023-05-28,0.0,1017.8333333333334,924.4428571428572,16.700000000000003,9.133333333333333,61.333333333333336,150.11111111111111,5.477777777777778,1.477777777777778,15.8,17.4,,5.3950000000000005,2.0829166666666667,25.167916666666667,0.4404166666666667,,4.86,0.47,4.88,0.19,,7.82,11.37,32.7,1.0,4
996,2023-05-29,0.0,1017.525,898.8909090909092,14.516666666666666,10.4875,77.54166666666667,121.54166666666669,3.3875,1.05,11.5,18.5,,5.571666666666668,5.152083333333333,14.879166666666665,0.5254166666666666,,4.71,0.47,2.59,0.24,,7.68,13.43,33.1,1.38,18
997,2023-05-30,0.0,1015.6625,784.2090909090908,16.954166666666666,12.3375,75.04166666666667,113.04166666666669,3.704166666666667,1.1708333333333334,13.7,21.4,,6.867916666666667,7.234166666666667,10.9075,0.8466666666666667,,5.12,1.04,2.7,0.27,,11.79,20.01,25.56,2.27,6
998,2023-05-31,0.0083333333333333,1014.1916666666666,1175.6545454545455,16.775000000000002,13.554166666666664,82.83333333333333,184.66666666666663,2.3291666666666666,0.8541666666666666,13.1,21.7,,7.419583333333333,10.85125,10.021666666666668,1.0933333333333333,,5.31,1.21,2.7,0.26,,12.47,30.04,36.73,2.95,3
999,2023-06-01,0.0,1015.0583333333334,1162.3545454545456,16.641666666666666,13.695833333333333,84.16666666666667,192.04166666666663,2.504166666666667,0.8375,12.6,22.7,,8.331666666666667,12.079166666666666,14.51625,1.0954166666666667,,5.18,5.1,2.99,0.36,,48.95,31.2,64.13,2.86,9
1000,2023-06-02,0.0083333333333333,1013.4083333333334,1140.118181818182,18.45,13.995833333333332,78.25,130.54166666666666,2.0416666666666665,0.7000000000000001,13.4,25.5,,5.701249999999999,12.92875,17.953333333333333,1.19375,,5.27,2.48,3.18,0.31,,8.09,28.35,90.25,2.67,7
1001,2023-06-03,0.0,1011.3166666666666,1145.8272727272729,18.52083333333333,13.050000000000002,73.125,203.70833333333331,3.375,1.1666666666666667,13.1,24.8,,11.264166666666666,9.409166666666666,13.652916666666664,1.14875,,5.21,1.67,3.29,0.42,,53.23,26.89,42.04,2.8,8
1002,2023-06-04,0.0,1013.1166666666668,1000.3363636363636,18.570833333333333,14.691666666666668,79.375,199.5,2.058333333333333,0.7125,14.6,24.4,,6.833749999999999,7.553333333333334,14.356666666666667,1.2104166666666665,,5.23,2.42,3.21,0.63,,19.57,20.1,42.84,2.33,3
1003,2023-06-05,0.0,1016.375,501.9818181818181,18.2375,14.741666666666667,80.5,158.875,3.925,1.1125,16.0,19.3,,5.073333333333333,6.327916666666667,17.06375,0.4920833333333332,,4.82,0.47,3.29,0.05,,5.35,17.56,32.66,2.03,4
1004,2023-06-06,0.0,1014.975,1114.9272727272728,16.545833333333334,12.375,77.625,112.70833333333331,2.7125,0.8375,12.0,22.8,,5.1258333333333335,7.31,12.902083333333332,0.8866666666666667,,4.6,2.34,2.92,0.26,,5.74,20.03,37.78,2.55,8
1005,2023-06-07,0.0,1012.825,1010.9090909090908,18.4625,14.579166666666666,79.58333333333333,170.625,2.6958333333333333,0.9291666666666668,14.1,25.0,,10.589583333333334,9.709583333333333,13.305416666666666,1.2720833333333337,,5.24,1.48,2.71,0.28,,44.36,28.39,49.35,2.46,11
1006,2023-06-08,0.0083333333333333,1012.0708333333332,1051.4636363636364,19.854166666666668,15.654166666666669,78.875,192.70833333333331,2.254166666666667,0.9208333333333334,15.6,26.5,,5.57375,10.16625,15.40125,1.2054166666666666,,5.25,1.65,2.47,0.38,,6.82,25.82,61.01,2.03,4
1007,2023-06-09,0.0,1007.6708333333332,1113.1363636363635,21.2625,14.504166666666668,68.04166666666667,217.29166666666663,3.725,1.225,16.6,27.5,,10.093333333333334,15.901666666666666,15.371666666666664,1.2991666666666666,,5.22,2.89,2.2,0.25,,37.48,36.29,49.73,3.04,6
1008,2023-06-10,1.25,1005.1083333333332,519.5000000000001,20.9,15.016666666666666,70.54166666666667,209.7826086956522,3.340909090909091,0.9565217391304348,18.2,24.8,,5.985416666666667,8.30125,20.9225,0.7775,,5.09,0.47,2.82,0.35,,12.31,17.29,59.86,1.26,7
1009,2023-06-11,1.4833333333333334,1010.6041666666666,383.3833333333334,12.791666666666666,10.295833333333333,85.41666666666667,200.54166666666663,5.3875,1.2916666666666667,10.9,16.6,,5.1475,1.2983333333333331,28.20375,0.425,,4.79,0.47,13.34,0.14,,5.4,3.89,43.54,0.76,5
1010,2023-06-12,0.0,1018.1583333333334,1064.9636363636362,10.070833333333333,3.9916666666666663,66.70833333333333,210.375,3.9125,1.1375,7.9,12.4,,4.99875,6.945833333333333,15.359166666666669,0.6616666666666666,,4.51,0.47,2.23,0.24,,5.43,19.91,30.18,1.95,8
1011,2023-06-13,0.0,1023.3791666666666,909.3454545454543,9.895833333333334,5.395833333333333,74.20833333333333,186.5,3.270833333333333,0.9958333333333332,5.8,14.5,,5.501666666666668,8.539166666666667,12.65,0.9029166666666668,,4.59,0.47,0.98,0.29,,9.32,14.49,35.57,1.72,10
1012,2023-06-14,0.05,1020.8875000000002,392.30909090909086,13.658333333333331,10.5,81.54166666666667,135.625,5.8500000000000005,1.8041666666666665,11.5,15.9,,4.807083333333334,5.157083333333333,15.757083333333332,0.6345833333333334,,4.64,0.47,2.34,0.37,,5.19,13.54,34.73,1.18,3
1013,2023-06-15,1.7166666666666668,1014.7041666666668,87.12727272727274,14.708333333333334,13.675,93.66666666666669,132.29166666666666,7.3,2.525,13.6,15.5,,4.765416666666667,2.611666666666667,32.02291666666667,0.32875,,4.59,0.47,21.97,0.24,,5.43,5.52,41.51,0.47,6
1014,2023-06-16,5.108333333333333,1008.4916666666668,177.76153846153846,14.629166666666668,13.770833333333334,94.58333333333331,208.08695652173915,12.130434782608695,3.4869565217391307,14.2,15.2,,5.026999999999999,6.981,28.466999999999995,0.2995,,4.74,0.47,8.23,0.05,,5.43,17.22,44.84,0.85,6
1015,2023-06-17,0.0166666666666666,1017.3375,750.0083333333333,13.491666666666667,9.7375,79.375,269.9583333333333,4.729166666666666,1.45,11.3,15.2,,5.482916666666667,7.014583333333334,19.271666666666665,0.6295833333333333,,5.01,2.3,7.72,0.28,,6.89,15.29,34.62,1.43,3
1016,2023-06-18,0.0,1018.75,1156.3636363636365,11.195833333333336,7.591666666666666,80.29166666666667,204.83333333333331,2.708333333333333,0.9416666666666668,8.1,15.0,,5.577083333333333,7.29,15.504583333333334,1.03,,5.03,3.17,0.98,0.52,,8.86,16.87,48.56,2.44,3
1017,2023-06-19,0.0083333333333333,1018.8375,1154.0636363636363,10.970833333333331,6.883333333333333,77.75,97.33333333333331,2.966666666666667,1.1125,5.7,17.3,,5.352499999999999,13.899166666666668,10.777916666666664,1.3383333333333336,,4.95,3.94,0.98,0.5,,6.57,33.33,34.49,3.0,6
1018,2023-06-20,0.0,1015.5541666666668,965.8090909090909,13.625,10.495833333333334,82.75,200.20833333333331,2.625,0.9416666666666664,10.3,18.8,,6.587083333333333,19.06125,7.215,1.5062500000000003,,5.16,7.37,0.98,0.64,,19.42,38.01,29.69,2.83,7
1019,2023-06-21,0.1666666666666666,1011.9083333333334,321.37272727272733,14.495833333333332,12.658333333333331,88.875,153.45833333333334,1.9041666666666668,0.6916666666666668,12.7,17.1,,31.04375,19.313333333333333,5.054166666666666,1.675,,2.86,9.54,0.98,0.71,,354.8,40.89,31.03,2.39,7
1020,2023-06-22,0.125,1008.5708333333332,454.4153846153846,16.333333333333332,14.5625,89.58333333333333,214.58333333333331,4.004166666666667,1.1916666666666669,14.8,18.9,,3.4320833333333334,6.98,12.746666666666668,0.385,,2.69,0.47,4.51,0.14,,5.74,18.79,24.22,1.02,9
1021,2023-06-23,0.1583333333333333,1007.7666666666664,450.8636363636364,16.812500000000004,15.279166666666669,90.66666666666669,128.83333333333334,2.883333333333333,0.8458333333333333,15.1,20.3,,3.483750000000001,13.454166666666666,9.650416666666668,1.2608333333333337,,2.73,0.47,4.61,0.18,,4.31,24.16,17.75,4.65,9
1022,2023-06-24,0.0,1006.525,873.7,19.83333333333333,16.85,84.66666666666667,148.45833333333334,2.1125000000000003,0.875,15.7,26.8,,4.7,12.519166666666669,13.46125,1.6345833333333335,,2.88,3.99,4.55,0.7,,18.47,27.3,42.77,5.54,5
1023,2023-06-25,0.0583333333333333,1008.5625,433.1818181818182,20.10833333333333,17.6375,86.125,175.04166666666666,2.4541666666666666,0.7375000000000002,18.2,23.2,,3.835833333333333,10.783750000000005,15.15375,1.2125,,3.14,2.57,4.57,0.35,,6.33,18.24,33.19,2.75,5
1024,2023-06-26,0.0,1009.675,1006.5909090909092,21.175,17.45,81.58333333333333,166.125,2.795833333333334,0.8791666666666668,17.3,27.8,,3.6804166666666656,13.787916666666666,21.08875,0.8329166666666667,,2.76,0.47,4.52,0.14,,7.14,41.82,53.39,2.2,7
1025,2023-06-27,0.0,1008.25,1010.5636363636364,22.766666666666666,15.245833333333332,63.25,301.9583333333333,4.229166666666667,1.4083333333333332,18.7,26.9,,5.301666666666667,18.92,33.638749999999995,0.8724999999999999,,3.5,3.69,5.5,0.21,,19.71,46.61,71.66,2.29,6
1026,2023-06-28,0.1583333333333333,1011.0458333333332,224.56363636363636,18.45833333333333,13.966666666666669,75.91666666666667,235.16666666666663,4.7,1.1875,15.5,22.0,,3.8233333333333337,10.854166666666666,24.32708333333333,0.49625,,3.04,3.51,5.86,0.1,,6.36,36.72,44.4,1.18,6
1027,2023-06-29,0.0,1020.6375,982.2090909090908,12.445833333333333,8.2875,77.75,145.125,2.9666666666666663,0.975,8.8,15.8,,3.67875,9.8325,16.67958333333333,0.7254166666666665,,3.27,1.29,3.61,0.16,,4.07,33.57,45.36,2.24,5
1028,2023-06-30,0.0,1018.3541666666666,694.4454545454545,13.879166666666668,10.095833333333331,78.375,121.5,3.608333333333333,1.0333333333333332,9.7,17.7,,5.38625,11.750833333333333,15.104166666666666,0.6845833333333333,,3.36,0.47,4.47,0.15,,32.96,21.08,27.81,1.61,2
1029,2023-07-01,0.0083333333333333,1016.5,522.5545454545455,14.729166666666666,13.070833333333336,90.08333333333331,125.20833333333331,2.6500000000000004,0.85,11.6,17.0,,3.61875,8.399583333333332,10.034583333333334,1.1858333333333333,,3.13,3.28,3.77,0.45,,4.24,14.93,28.16,4.61,9
1030,2023-07-02,0.0,1014.7166666666668,363.8818181818182,16.0625,14.445833333333333,90.45833333333331,118.875,2.4625,0.7833333333333332,14.6,19.4,,3.7429166666666656,4.505,15.39,1.0454166666666664,,3.17,1.63,3.7,0.05,,4.36,8.04,33.63,2.94,4
1031,2023-07-03,0.0,1014.6124999999998,1093.3,17.891666666666666,14.241666666666664,80.91666666666667,100.04166666666669,3.6208333333333336,1.0916666666666666,14.4,23.6,,3.669583333333333,10.635416666666666,12.829166666666666,0.7800000000000001,,3.23,2.54,3.34,0.22,,4.15,22.85,42.44,2.49,10
1032,2023-07-04,0.0,1013.7458333333334,1108.409090909091,18.379166666666663,13.666666666666666,76.41666666666667,184.29166666666663,2.725,0.9166666666666666,13.9,24.6,,3.8979166666666663,15.530416666666667,16.14916666666667,1.3324999999999998,,3.27,3.35,4.16,0.29,,5.26,41.22,51.36,4.86,8
1033,2023-07-05,0.0,1012.1833333333334,367.1727272727272,17.125,12.15,72.875,201.375,3.2833333333333337,0.9416666666666668,15.3,19.3,,5.431666666666666,17.265416666666667,14.4525,1.0920833333333333,,2.94,3.07,6.61,0.33,,15.31,31.44,26.78,2.88,6
1034,2023-07-06,0.0,1008.5791666666668,1078.9818181818182,18.04583333333333,13.475,77.0,158.70833333333334,3.4916666666666667,1.1916666666666669,13.0,25.9,,4.989166666666667,15.435000000000002,29.3025,1.12375,,3.43,6.21,6.46,0.24,,19.36,45.56,65.1,3.85,5
1035,2023-07-07,1.0333333333333334,1008.3958333333334,100.75454545454544,16.904166666666665,15.891666666666667,93.875,125.91666666666669,4.329166666666667,1.2291666666666667,16.5,17.4,,3.1279166666666662,8.034166666666666,32.16458333333333,0.4220833333333333,,3.01,0.47,8.62,0.17,,3.59,22.52,49.36,0.96,3
1036,2023-07-08,0.8416666666666667,1008.2083333333334,828.4909090909092,16.754166666666666,14.7625,88.66666666666667,122.125,6.054166666666666,1.7708333333333333,15.2,18.9,,3.049583333333333,2.2258333333333336,48.145,0.3595833333333333,,3.02,0.47,24.34,0.11,,3.09,7.04,59.61,0.93,4
1037,2023-07-09,0.0,1010.4041666666666,1117.6454545454544,16.958333333333332,13.9875,83.79166666666667,137.70833333333334,3.5958333333333337,1.1541666666666668,14.1,21.8,,3.1879166666666663,5.985833333333333,24.72416666666666,0.66,,2.98,1.23,8.09,0.25,,4.12,16.61,51.96,1.46,3
1038,2023-07-10,0.0,1009.2708333333334,569.4909090909091,16.445833333333336,14.445833333333336,88.125,128.375,2.8000000000000003,0.875,15.3,18.1,,3.434166666666666,9.277083333333334,18.883750000000003,0.6545833333333334,,3.01,1.85,7.21,0.14,,5.51,19.73,39.06,1.73,3
1039,2023-07-11,0.075,1011.4458333333332,345.1363636363636,15.725,12.883333333333333,83.375,124.20833333333331,5.454166666666666,1.7041666666666666,14.5,17.7,,3.0958333333333337,2.830416666666667,36.67666666666667,0.2679166666666666,,3.02,0.47,23.82,0.11,,3.34,10.49,45.09,0.53,3
1040,2023-07-12,2.333333333333333,1002.325,45.1,16.158333333333335,15.35,95.04166666666669,108.66666666666669,8.733333333333333,2.645833333333333,15.1,16.9,,3.244166666666666,4.324583333333333,36.92291666666667,0.38375,,3.01,0.47,23.47,0.12,,4.61,11.68,48.45,0.8,6
1041,2023-07-13,0.8250000000000001,998.2666666666668,208.14615384615385,13.920833333333334,11.954166666666666,88.25,253.79166666666663,10.858333333333334,3.2583333333333333,10.7,16.8,,6.717916666666667,5.4325,34.96875,0.1458333333333333,,3.01,0.47,13.93,0.05,,21.31,14.36,50.21,0.53,4
1042,2023-07-14,0.6666666666666666,1015.5208333333334,742.9866666666666,10.529166666666669,7.037499999999999,80.08333333333333,272.9583333333333,5.858333333333333,1.8416666666666668,9.3,12.4,,3.495,7.158333333333334,32.222500000000004,0.4345833333333333,,2.92,0.47,8.21,0.05,,4.97,21.75,47.14,2.03,2
1043,2023-07-15,0.0,1015.2541666666666,1147.8181818181818,10.225,6.5125,79.70833333333333,137.95833333333334,2.1125000000000003,0.6958333333333332,5.3,16.3,,3.61875,9.861666666666666,19.51875,0.99375,,3.07,1.95,7.22,0.05,,4.55,24.23,46.27,2.45,8
1044,2023-07-16,0.0,1012.9625,1196.5272727272727,12.525,9.3875,82.0,226.29166666666663,2.7916666666666665,0.9833333333333334,10.2,15.8,,4.214166666666666,5.745833333333334,20.681666666666665,0.7625000000000001,,2.54,1.02,8.56,0.1,,15.57,16.41,39.87,2.17,3
1045,2023-07-17,0.0,1016.7458333333334,1273.7727272727273,10.458333333333334,5.720833333333334,73.66666666666667,188.08333333333331,3.658333333333333,1.1791666666666667,8.7,13.1,,3.547083333333333,6.5575,20.33875,0.6904166666666667,,3.01,0.47,8.34,0.1,,4.71,17.38,44.69,2.42,3
1046,2023-07-18,0.0,1022.6666666666666,969.1090909090908,9.2875,5.070833333333333,75.29166666666667,154.83333333333334,4.045833333333333,1.0791666666666666,6.8,12.1,,3.6804166666666656,9.53375,19.30625,0.8979166666666667,,3.15,2.08,8.25,0.12,,4.86,24.95,41.17,2.71,12
1047,2023-07-19,0.0,1026.075,1213.209090909091,10.9625,6.091666666666668,73.04166666666667,99.95833333333331,5.283333333333333,1.7958333333333334,7.1,16.5,,3.5362500000000003,6.625833333333333,23.982083333333332,0.6595833333333334,,3.17,1.42,8.74,0.1,,4.38,15.61,45.38,2.24,5
1048,2023-07-20,0.0,1020.6375000000002,1061.3181818181818,16.775000000000002,11.2375,70.54166666666667,104.625,4.125,1.1875,13.2,22.8,,3.5066666666666664,9.714583333333334,20.94708333333333,0.6587500000000001,,3.3,2.2,9.74,0.27,,4.03,22.84,40.93,2.35,5
1049,2023-07-21,0.425,1015.9625,1172.1909090909091,20.070833333333333,15.495833333333332,77.29166666666667,83.91666666666667,3.7875,1.1625,15.4,26.9,,3.6625,11.889166666666668,21.92625,1.0,,3.34,0.47,9.46,0.26,,4.25,27.59,50.13,2.37,4
1050,2023-07-22,0.0,1011.9791666666666,1186.8727272727274,21.2375,14.716666666666669,70.70833333333333,133.33333333333334,3.0583333333333336,1.1375000000000002,15.6,29.0,,3.6629166666666655,12.114583333333334,20.637916666666666,1.1270833333333334,,3.35,3.96,9.9,0.18,,4.28,28.49,45.29,2.59,5
1051,2023-07-23,0.0,1012.4458333333332,956.981818181818,22.09166666666667,15.1375,65.625,172.83333333333334,5.254166666666666,1.55,17.3,27.8,,13.435416666666669,4.416250000000001,32.15416666666667,0.37625,,3.33,0.47,21.47,0.13,,63.01,9.43,39.1,0.76,6
1052,2023-07-24,0.0,1016.9375,246.45454545454547,16.520833333333332,14.141666666666666,85.95833333333333,133.58333333333334,5.466666666666668,1.6,15.5,18.2,,3.455,2.910416666666667,30.70375,0.3029166666666666,,3.33,0.47,24.87,0.05,,3.6,8.59,38.66,0.43,3
1053,2023-07-25,1.3416666666666668,1011.8458333333332,121.3,16.575,15.9125,95.91666666666669,164.625,3.704166666666666,1.05,15.7,17.1,,3.822083333333333,12.795416666666668,16.759166666666665,0.6720833333333333,,3.32,0.47,8.86,0.13,,4.28,25.83,27.17,1.71,9
1054,2023-07-26,0.0166666666666666,1007.5749999999998,793.0454545454545,18.29583333333333,16.308333333333334,88.66666666666667,179.75,4.804166666666666,1.5458333333333334,16.7,21.8,,4.0575,7.315416666666667,18.95125,0.4879166666666667,,3.43,1.92,8.85,0.05,,4.82,19.22,38.23,1.18,8
1055,2023-07-27,0.0,1016.2958333333332,1227.6181818181817,14.095833333333331,9.745833333333332,76.79166666666667,223.29166666666663,4.508333333333333,1.5125,10.9,17.0,,3.898333333333333,6.18125,28.29208333333333,0.4312499999999999,,3.28,0.47,8.67,0.05,,5.9,16.9,51.84,1.36,3
1056,2023-07-28,1.2166666666666668,1018.8875,1054.6181818181817,12.616666666666667,9.804166666666667,83.83333333333333,152.70833333333334,4.658333333333334,1.1666666666666667,11.1,15.2,,3.63,5.182916666666666,31.09208333333333,0.3379166666666666,,3.23,0.47,16.65,0.05,,3.98,17.21,42.09,0.8,2
1057,2023-07-29,0.0,1021.3083333333334,1154.0181818181818,11.754166666666668,8.033333333333333,79.25,120.625,3.1291666666666664,0.9125,7.5,16.4,,3.545833333333333,6.385416666666667,24.83333333333333,0.5825,,3.2,1.55,7.66,0.16,,3.85,14.59,46.7,1.63,1
1058,2023-07-30,0.0,1016.8,1344.290909090909,13.691666666666668,9.65,79.25,183.95833333333331,2.3791666666666664,0.8791666666666668,7.7,21.2,,4.6154166666666665,10.571666666666664,20.677916666666665,1.1879166666666667,,3.43,2.76,8.21,0.63,,11.85,29.05,51.84,2.97,7
1059,2023-07-31,0.0,1016.3250000000002,1269.7272727272727,16.474999999999998,13.104166666666666,82.04166666666667,186.58333333333331,2.3541666666666665,0.8541666666666666,12.2,23.4,,4.0975,10.869166666666668,19.995416666666667,0.8450000000000001,,3.67,3.45,8.48,0.16,,6.92,30.79,44.57,2.98,7
1060,2023-08-01,0.0,1014.7999999999998,1279.3818181818183,18.379166666666663,13.9125,77.16666666666667,194.29166666666663,2.6375,0.9708333333333332,12.4,25.7,,4.374583333333334,14.885416666666666,20.16958333333333,1.05375,,3.67,2.74,8.06,0.33,,7.96,43.82,51.02,3.06,12
1061,2023-08-02,0.0,1011.5833333333334,1286.8818181818183,20.041666666666668,16.041666666666668,80.0,194.5,2.8624999999999994,0.9916666666666668,14.7,27.1,,6.695,16.139583333333334,20.245,1.498333333333333,,3.68,2.98,8.37,0.34,,30.91,39.71,54.98,4.57,6
1062,2023-08-03,0.0083333333333333,1013.5083333333332,616.4272727272728,17.704166666666666,14.979166666666666,84.29166666666667,162.375,4.4625,1.1791666666666665,15.2,19.8,,3.838750000000001,6.494583333333334,26.50583333333333,0.3329166666666666,,3.61,1.48,8.87,0.05,,4.53,28.44,36.38,1.49,2
1063,2023-08-04,0.0,1012.0208333333334,789.3272727272728,17.691666666666666,14.383333333333336,81.33333333333333,133.25,3.141666666666667,0.9625,14.9,21.4,,4.439166666666666,12.03,22.3625,0.7354166666666666,,3.63,0.47,9.25,0.05,,8.94,23.78,35.13,2.34,3
1064,2023-08-05,0.0,1013.9125,496.24545454545455,17.529166666666665,15.179166666666664,86.25,133.54166666666666,4.304166666666666,1.3458333333333334,16.3,19.1,,3.6895833333333337,2.9220833333333336,26.455416666666668,0.34,,3.66,0.47,13.53,0.14,,3.75,12.37,30.33,1.15,2
1065,2023-08-06,0.0,1009.3333333333334,1345.1363636363635,21.10833333333333,15.4875,75.375,148.91666666666666,3.204166666666667,1.025,16.0,29.9,,4.198333333333333,8.210833333333333,25.44708333333333,0.9445833333333332,,3.67,0.47,10.24,0.32,,5.77,31.17,53.03,3.64,5
1066,2023-08-07,0.4499999999999999,1011.8958333333334,130.85454545454547,17.466666666666665,13.554166666666664,79.16666666666667,191.16666666666663,4.795833333333333,1.1041666666666667,13.5,22.3,,4.008333333333334,8.187916666666666,25.359166666666663,0.4004166666666666,,3.62,1.13,9.69,0.05,,5.9,19.44,43.93,1.23,5
1067,2023-08-08,0.0,1021.7416666666668,1348.345454545455,15.279166666666669,9.295833333333333,69.04166666666667,121.16666666666669,7.175,2.3833333333333333,12.3,18.8,,3.7945833333333336,4.012083333333333,32.54291666666666,0.34375,,3.46,0.47,10.32,0.11,,4.23,23.9,43.0,2.06,6
1068,2023-08-09,0.6083333333333334,1015.575,284.57272727272726,15.829166666666666,12.245833333333332,79.83333333333333,101.5,6.175,1.8708333333333336,15.0,17.1,,3.8629166666666666,8.261666666666665,22.765416666666667,0.4970833333333333,,3.5,0.47,10.58,0.16,,4.15,24.66,32.66,1.75,4
1069,2023-08-10,0.2416666666666667,1008.6625,1291.8545454545454,19.441666666666663,16.120833333333334,82.79166666666667,101.41666666666669,3.583333333333333,1.1458333333333333,16.0,25.6,,3.76,8.26125,23.46625,0.5291666666666667,,3.41,0.47,11.01,0.22,,4.08,26.02,41.76,1.84,5
1070,2023-08-11,1.2916666666666667,1004.9416666666666,1069.0363636363638,20.366666666666664,17.095833333333335,82.20833333333333,194.83333333333331,5.141666666666667,1.425,16.9,24.0,,5.239166666666667,8.084583333333335,26.465000000000003,0.4279166666666666,,3.65,1.02,11.78,0.1,,20.78,23.46,43.32,1.14,7
1071,2023-08-12,0.0,1014.575,1351.9818181818182,15.966666666666669,7.016666666666667,57.41666666666666,171.95833333333334,5.241666666666666,1.3333333333333333,13.0,19.3,,3.8516666666666666,3.4599999999999995,30.164583333333336,0.3141666666666666,,3.49,0.47,21.34,0.05,,4.26,19.74,51.5,1.36,4
1072,2023-08-13,0.0,1020.0125,1446.1636363636362,10.925,1.0083333333333335,52.04166666666666,231.91666666666663,4.15,1.3291666666666668,7.1,14.6,,4.2725,5.760416666666667,22.236666666666668,0.4091666666666667,,3.69,1.55,10.41,0.11,,7.04,16.09,40.95,0.95,1
1073,2023-08-14,0.0,1016.2958333333332,1446.1545454545455,12.416666666666666,6.099999999999999,67.83333333333333,190.25,2.5875,0.875,6.6,19.8,,5.624583333333334,15.253333333333332,17.609166666666667,0.7595833333333334,,3.7,4.77,8.18,0.13,,17.62,39.81,45.78,1.6,9
1074,2023-08-15,0.0,1012.8791666666666,1465.5272727272727,16.504166666666666,10.945833333333333,73.625,129.66666666666666,2.4541666666666666,0.8249999999999998,10.0,25.8,,4.216086956521739,12.348695652173912,17.668260869565216,0.6308695652173912,,3.75,3.43,8.37,0.05,,5.05,30.12,39.38,1.67,5
1075,2023-08-16,0.0,1010.4416666666666,1449.1545454545455,20.070833333333333,12.891666666666666,67.75,133.33333333333334,2.6625,0.9791666666666666,12.8,29.9,,5.025833333333334,18.355416666666667,18.38416666666667,1.09375,,4.0,2.99,7.9,0.37,,11.01,50.27,52.64,2.5,7
1076,2023-08-17,0.0,1005.9916666666668,1414.0727272727274,23.7125,16.604166666666668,66.625,211.875,3.3666666666666667,1.125,17.9,32.0,,9.6075,15.808749999999998,17.777083333333334,0.8620833333333332,,4.0,6.97,8.7,0.39,,87.06,33.14,31.39,2.01,2
1077,2023-08-18,0.225,1001.0291666666666,650.0083333333333,18.9625,16.3875,85.58333333333333,175.58333333333334,5.525,1.6708333333333336,16.9,22.4,,4.745,7.471666666666667,19.93,0.5091666666666667,,3.92,0.47,9.95,0.21,,9.46,21.81,29.45,1.35,9
1078,2023-08-19,0.0583333333333333,1005.0375,1592.3818181818183,15.620833333333332,8.008333333333333,63.375,268.2083333333333,6.2250000000000005,1.9708333333333328,12.5,18.6,,6.69,6.243333333333333,18.20583333333333,0.45375,,4.03,0.47,9.59,0.1,,27.84,23.76,23.66,1.98,3
1079,2023-08-20,0.0,1003.7791666666668,1313.2272727272727,15.7375,10.366666666666664,71.20833333333333,228.08333333333331,3.8458333333333337,1.2541666666666669,10.7,21.0,,5.447083333333334,8.175416666666667,14.097916666666668,0.7912499999999999,,3.94,0.47,9.32,0.05,,22.26,18.55,23.2,2.08,8
1080,2023-08-21,0.0,1004.5416666666666,1541.9181818181817,17.766666666666666,13.866666666666667,79.5,179.16666666666666,2.9083333333333337,1.0375,13.5,23.4,,4.849166666666667,8.750833333333334,15.269166666666669,0.5233333333333334,,3.89,2.89,9.53,0.05,,8.64,15.61,24.93,1.33,14
1081,2023-08-22,0.0166666666666666,996.2833333333334,726.3083333333334,22.337499999999995,16.433333333333334,71.04166666666667,198.875,5.470833333333334,1.9416666666666669,16.6,30.9,,7.87625,9.601666666666668,31.242500000000003,0.62875,,3.7,2.45,10.47,0.26,,32.06,39.0,62.83,1.94,5
1082,2023-08-23,0.2749999999999999,996.35,396.4818181818182,18.5875,16.3625,87.58333333333333,145.66666666666666,6.404166666666666,1.5249999999999997,16.3,26.9,,4.327826086956521,4.538695652173913,33.47391304347826,0.3573913043478261,,4.0,0.47,18.83,0.19,,5.37,13.86,45.47,0.7,2
1083,2023-08-24,0.0333333333333333,1005.1166666666668,1481.1,15.6875,11.545833333333334,77.91666666666667,158.33333333333334,5.041666666666667,1.4208333333333332,13.5,17.3,,3.954583333333333,3.949583333333333,38.48791666666667,0.2941666666666666,,3.62,0.47,11.51,0.05,,4.32,16.36,55.62,1.35,6
1084,2023-08-25,0.0,1012.0583333333334,1438.0,12.129166666666665,5.854166666666667,68.875,110.08333333333331,3.0541666666666667,1.0041666666666669,7.5,16.8,,4.306666666666667,10.1075,28.42,0.71,,3.75,0.47,6.81,0.05,,6.67,35.42,62.51,1.95,3
1085,2023-08-26,0.0,1016.2583333333332,1600.2,10.679166666666664,3.9333333333333336,66.04166666666667,172.54166666666666,3.670833333333333,1.1,7.5,15.3,,4.980833333333333,7.570416666666667,30.87125,0.5220833333333333,,3.66,0.47,9.25,0.05,,20.81,17.19,59.75,1.39,5
1086,2023-08-27,0.0,1020.0458333333332,1469.4583333333333,9.766666666666666,3.7083333333333335,68.20833333333333,148.79166666666666,3.7625000000000006,1.1125,5.3,14.3,,4.569166666666667,4.89625,31.50625,0.54125,,3.6,0.47,11.47,0.05,,12.28,16.6,59.7,1.3,1
1087,2023-08-28,0.0,1019.9125,1655.2666666666669,10.158333333333331,4.6875,71.04166666666667,122.20833333333331,3.375,1.1875,4.4,16.8,,4.0375000000000005,5.732083333333333,23.405416666666667,0.5083333333333333,,3.61,0.47,8.43,0.05,,5.13,18.99,41.17,2.32,3
1088,2023-08-29,0.0,1016.6208333333334,1619.05,14.145833333333334,8.341666666666667,71.125,109.95833333333331,4.145833333333333,1.3458333333333332,8.2,21.0,,4.173333333333333,7.80875,20.791666666666668,0.4945833333333333,,3.78,1.5,0.98,0.1,,4.88,19.54,50.32,1.65,8
1089,2023-08-30,0.0,1011.5916666666668,1572.225,17.195833333333336,10.979166666666666,71.625,176.70833333333334,2.795833333333333,0.9250000000000002,11.1,25.4,,5.0062500000000005,11.134166666666667,22.927916666666665,0.8316666666666667,,4.02,2.16,0.98,0.38,,15.0,18.34,69.34,2.32,6
1090,2023-08-31,0.0,1011.525,1452.569230769231,18.3875,12.737500000000002,72.375,179.66666666666666,3.620833333333333,1.1833333333333331,13.3,26.2,,5.174347826086956,8.73913043478261,27.69652173913044,0.6978260869565218,,4.11,0.47,0.98,0.23,,14.85,30.17,69.05,2.06,5
1091,2023-09-01,0.0,1010.9208333333332,1065.7833333333335,18.45833333333333,14.137500000000005,77.5,98.33333333333331,4.608333333333333,1.2833333333333332,15.0,24.1,,4.773333333333333,8.995416666666666,31.82583333333333,0.62125,,4.05,0.47,8.83,0.17,,8.08,22.03,61.77,1.37,8
1092,2023-09-02,0.0333333333333333,1004.5666666666666,892.1833333333334,20.954166666666666,16.425,76.20833333333333,177.45833333333334,3.633333333333333,1.1333333333333333,18.3,24.3,,5.777916666666667,9.64125,23.687916666666663,0.9008333333333332,,4.04,1.48,3.09,0.4,,17.06,23.34,49.46,2.1,4
1093,2023-09-03,0.7999999999999999,1004.3833333333332,180.725,19.154166666666665,17.520833333333332,90.5,149.29166666666666,3.445833333333333,0.9625,18.1,20.7,,4.145833333333333,7.083333333333333,8.724583333333333,0.8929166666666667,,4.03,3.15,0.98,0.41,,4.9,13.08,23.38,1.97,6
1094,2023-09-04,2.6166666666666667,1001.0916666666666,137.93076923076922,18.27083333333333,17.72083333333333,96.625,144.27777777777777,6.252941176470588,1.5277777777777777,16.2,19.3,,4.079583333333334,7.352083333333333,21.355,0.5466666666666667,,4.04,0.47,7.22,0.18,,4.15,20.02,44.04,1.13,8
1095,2023-09-05,0.5916666666666667,1015.5583333333334,849.6117647058824,13.929166666666667,10.5875,81.125,180.375,7.529166666666668,2.0,11.8,16.1,,4.1135294117647065,1.3158823529411765,36.75941176470589,0.1294117647058823,,4.03,0.47,21.65,0.05,,4.41,4.43,42.86,0.23,5
1096,2023-09-06,0.0,1020.2291666666666,1550.4692307692308,14.45,10.366666666666667,77.875,110.5,6.729166666666667,2.083333333333333,9.6,20.5,,4.086923076923076,2.4130769230769227,38.75076923076923,0.3946153846153847,,4.02,0.47,26.07,0.28,,4.24,5.45,46.7,0.56,6
1097,2023-09-07,0.0666666666666666,1010.9208333333332,636.6538461538462,17.629166666666666,13.895833333333334,78.83333333333333,103.91666666666669,6.058333333333334,1.7875000000000003,15.7,20.4,,4.0825,4.056666666666667,21.394583333333333,0.4770833333333333,,4.02,1.13,5.15,0.23,,4.29,9.73,30.17,1.03,4
1098,2023-09-08,1.1083333333333332,1007.1791666666668,454.7857142857143,19.241666666666664,17.304166666666667,88.70833333333333,169.3913043478261,4.547826086956522,1.2826086956521738,17.0,22.2,,4.215,5.674166666666667,23.886666666666667,0.44875,,4.03,0.47,6.06,0.05,,5.0,12.03,46.05,0.88,4
1099,2023-09-09,0.3666666666666666,1011.4458333333332,404.2769230769231,15.329166666666667,13.65,89.95833333333333,150.47826086956522,5.054166666666666,1.452173913043478,14.2,16.3,,4.082916666666667,1.8270833333333332,27.486666666666668,0.2258333333333333,,4.04,0.47,19.77,0.05,,4.23,5.54,36.02,0.66,3
1100,2023-09-10,0.0,1012.0166666666668,1246.0,18.429166666666664,14.970833333333331,81.29166666666667,107.125,4.141666666666667,1.2416666666666667,14.5,24.1,,4.194583333333333,2.45375,24.538750000000004,0.37875,,4.05,0.47,5.54,0.05,,4.43,11.34,40.93,0.89,6
1101,2023-09-11,0.0,1004.8958333333334,1375.223076923077,24.479166666666668,18.179166666666667,71.58333333333333,167.875,3.4916666666666667,1.1791666666666667,18.3,33.3,,4.297916666666667,12.128333333333336,24.112916666666667,0.9099999999999998,,4.07,1.8,0.98,0.43,,4.77,39.81,72.07,2.11,5
1102,2023-09-12,0.5583333333333333,1007.7416666666668,153.31428571428572,18.7,16.258333333333333,86.375,137.75,6.570833333333333,1.625,14.9,25.7,,4.2941666666666665,4.829999999999999,30.615,0.4858333333333333,,4.07,0.47,9.2,0.05,,4.47,16.89,52.05,0.93,6
1103,2023-09-13,2.7583333333333333,1005.7375,104.87857142857142,14.016666666666666,13.316666666666668,95.54166666666669,154.41666666666666,9.966666666666669,2.404166666666667,12.2,15.3,,4.327916666666667,3.053333333333333,38.66041666666666,0.3045833333333334,,4.05,0.47,27.53,0.11,,4.88,9.46,43.58,0.72,3
1104,2023-09-14,1.0166666666666666,1011.6583333333332,609.44375,12.733333333333334,9.945833333333333,83.79166666666667,223.125,7.808333333333333,2.1958333333333333,10.6,15.2,,4.340416666666667,5.979583333333333,31.3675,0.3687500000000001,,4.05,0.47,2.44,0.05,,4.76,19.82,50.12,1.59,4
1105,2023-09-15,0.025,1013.8541666666666,1718.5615384615385,13.675000000000002,8.299999999999999,74.375,164.58333333333334,2.6625,0.9791666666666666,8.7,19.8,,5.355,8.880416666666667,19.9525,0.7445833333333334,,4.07,2.11,0.98,0.22,,16.59,26.73,57.75,2.01,1
1106,2023-09-16,0.0,1006.1083333333332,1762.2384615384617,18.84166666666667,10.195833333333336,62.66666666666666,186.83333333333331,3.554166666666667,1.3291666666666666,10.7,29.3,,11.385,10.9125,19.76708333333333,0.9508333333333332,,4.05,2.18,0.98,0.05,,43.83,30.64,60.91,2.58,3
1107,2023-09-17,0.0,1004.025,1590.776923076923,24.1375,15.620833333333335,62.75,141.20833333333334,3.1,1.1,15.3,34.6,,6.601666666666667,7.989166666666666,27.183333333333334,0.92375,,4.24,3.33,2.05,0.18,,24.36,22.8,73.76,2.42,8
1108,2023-09-18,0.6333333333333333,1005.1791666666668,786.1785714285714,22.77916666666667,18.0875,75.75,133.45833333333334,6.070833333333333,1.725,19.0,26.1,,4.5975,7.271249999999999,35.45125,0.4541666666666666,,4.28,0.47,2.83,0.05,,5.44,22.82,67.08,1.7,5
1109,2023-09-19,0.3666666666666667,1009.7083333333334,508.5692307692308,19.48333333333333,18.004166666666666,91.20833333333331,121.95833333333331,5.8875,1.5791666666666668,18.0,22.0,,6.084166666666667,5.355416666666668,31.895416666666662,0.5966666666666666,,3.38,0.47,5.29,0.18,,54.42,16.23,72.65,1.59,7
1110,2023-09-20,0.0,1009.9833333333332,1462.4384615384613,22.03333333333333,19.216666666666665,85.375,132.70833333333334,3.925,1.2083333333333333,18.7,27.8,,3.990416666666667,1.4179166666666667,30.859166666666667,0.59375,,3.32,0.47,6.77,0.47,,8.86,2.68,58.31,0.84,2
1111,2023-09-21,0.0,1006.75,816.3923076923077,22.475000000000005,19.691666666666663,84.79166666666667,136.91666666666666,4.5625,1.2416666666666665,20.0,25.5,,4.133333333333333,6.925,29.26833333333333,0.7304166666666667,,3.47,0.47,6.7,0.37,,7.11,26.47,54.54,1.23,1
1112,2023-09-22,1.6083333333333332,1005.7708333333334,420.5166666666667,20.8875,18.925,89.04166666666667,130.0,4.708333333333333,1.2739130434782608,17.8,23.5,,4.27625,6.5025,30.80125,0.56,,3.45,0.47,16.91,0.21,,7.3,16.0,46.61,0.88,1
1113,2023-09-23,0.9166666666666666,1005.5625,274.17692307692306,19.279166666666665,18.308333333333334,94.33333333333331,114.95833333333331,5.220833333333334,1.3708333333333331,16.9,22.5,,3.6008333333333327,3.5729166666666665,30.96166666666667,0.6845833333333333,,3.39,0.47,4.22,0.31,,3.77,11.3,54.56,1.86,2
1114,2023-09-24,0.375,1004.4083333333332,196.5,19.0875,17.8875,92.66666666666669,141.375,4.320833333333333,1.2375,17.6,20.0,,3.610833333333333,2.560833333333333,19.697916666666668,0.6416666666666667,,3.41,0.47,0.98,0.05,,3.76,7.28,39.11,1.73,6
1115,2023-09-25,0.3333333333333333,1008.6416666666664,243.6,16.270833333333332,14.641666666666666,90.20833333333331,137.375,6.808333333333334,2.208333333333333,15.6,17.3,,3.517916666666667,1.9045833333333333,31.614166666666662,0.3466666666666667,,3.28,0.47,24.78,0.05,,4.19,5.75,38.3,0.51,6
1116,2023-09-26,1.9666666666666668,1002.6166666666668,50.96,15.683333333333332,14.916666666666666,95.25,123.125,9.775,3.1750000000000003,14.6,16.7,,3.673333333333334,1.4920833333333334,39.65625,0.4783333333333333,,3.19,0.47,30.83,0.24,,4.31,3.82,43.8,0.88,3
1117,2023-09-27,0.3083333333333333,1006.6124999999998,628.7285714285715,15.883333333333333,13.658333333333331,87.08333333333333,168.625,7.820833333333333,2.0,14.5,17.0,,3.672916666666667,1.935,38.44541666666667,0.3029166666666666,,3.4,0.47,20.17,0.17,,4.37,7.48,47.54,0.62,4
1118,2023-09-28,0.0,1013.625,1545.546153846154,15.729166666666666,11.604166666666666,77.625,147.54166666666666,5.908333333333334,1.6791666666666665,12.0,20.3,,3.692083333333333,5.208333333333333,26.407083333333333,0.5545833333333333,,3.33,0.47,0.98,0.21,,5.79,14.43,54.24,1.35,5
1119,2023-09-29,0.0,1012.3375,1403.5307692307692,19.35833333333333,14.1875,73.66666666666667,106.75,5.6875,1.6333333333333335,14.8,24.3,,3.7525,5.6875,26.597916666666663,0.5395833333333334,,3.39,1.47,2.64,0.27,,4.23,16.39,54.93,1.47,4
1120,2023-09-30,0.0,1011.475,829.7461538461539,18.066666666666663,15.091666666666669,83.04166666666667,135.79166666666666,4.8,1.3541666666666667,16.3,19.9,,3.71875,3.9479166666666665,23.450416666666666,0.5508333333333333,,3.6,0.47,0.98,0.19,,3.9,11.7,41.42,1.19,1
1121,2023-10-01,0.0,1011.3375,1201.6615384615384,16.145833333333332,10.841666666666669,71.70833333333333,147.95833333333334,4.370833333333334,1.1958333333333333,14.2,19.1,,3.988333333333333,1.3058333333333334,39.62375,0.4091666666666667,,3.28,0.47,28.65,0.19,,4.61,4.59,52.37,1.55,13
1122,2023-10-02,0.0,1008.9956521739132,1550.4076923076923,14.960869565217392,8.76086956521739,68.65217391304348,119.8695652173913,4.017391304347826,1.3391304347826083,9.4,19.1,,3.7120833333333336,3.750833333333334,29.51375,0.4720833333333333,,3.29,0.47,2.14,0.27,,4.37,13.63,48.98,1.37,2
1123,2023-10-03,0.0,1005.3,1878.2166666666665,16.708333333333332,10.670833333333334,70.08333333333333,114.29166666666669,4.708333333333333,1.5,11.2,24.6,,3.860833333333333,5.335833333333333,26.602083333333336,0.5604166666666667,,3.54,1.33,3.22,0.31,,4.56,12.91,56.28,1.37,7
1124,2023-10-04,0.4916666666666667,1000.5708333333332,455.73333333333335,17.59583333333333,15.833333333333334,89.70833333333333,191.04166666666663,6.5125,1.6583333333333332,16.6,19.5,,4.0175,6.527083333333334,24.687916666666663,0.5675,,3.45,0.47,8.15,0.3,,6.14,16.71,41.66,0.85,4
1125,2023-10-05,0.0083333333333333,1004.8833333333332,1631.8230769230768,17.704166666666666,12.508333333333336,73.79166666666667,188.16666666666663,4.0875,1.1875,15.3,21.7,,3.9341666666666666,2.907083333333333,35.43333333333333,0.4508333333333333,,3.36,0.47,14.19,0.32,,5.3,7.32,58.93,0.76,4
1126,2023-10-06,0.0,1005.3875000000002,1177.530769230769,18.5375,14.491666666666667,78.20833333333333,131.79166666666666,4.383333333333333,1.4125000000000003,14.0,23.3,,3.481666666666667,3.985,24.274166666666662,0.6466666666666666,,3.05,0.47,7.62,0.28,,4.05,10.62,43.51,1.31,8
1127,2023-10-07,0.2583333333333333,1007.8625,505.68461538461537,18.945833333333336,17.26666666666667,90.08333333333331,124.16666666666669,7.037499999999999,1.95,18.5,20.4,,3.272916666666667,1.3708333333333331,28.31041666666667,0.3933333333333333,,3.16,0.47,17.34,0.3,,3.47,3.03,37.67,0.64,2
1128,2023-10-08,0.075,1011.7291666666666,302.0153846153846,17.537499999999998,15.229166666666666,86.33333333333333,131.66666666666666,5.395833333333333,1.7041666666666664,16.6,18.3,,3.3475,0.8545833333333333,27.363333333333333,0.3754166666666667,,3.23,0.47,12.68,0.21,,3.51,3.74,34.35,0.72,7
1129,2023-10-09,0.1083333333333333,1012.6208333333334,1237.9214285714286,18.36666666666667,14.9,81.375,136.45833333333334,4.870833333333334,1.5458333333333334,15.9,21.5,,3.3550000000000004,2.7770833333333336,36.00833333333333,0.3820833333333333,,3.19,0.47,23.09,0.2,,3.56,6.8,44.6,0.68,5
1130,2023-10-10,0.0,1010.6791666666668,1836.2071428571428,19.766666666666666,14.491666666666667,73.875,102.66666666666669,4.720833333333333,1.4541666666666666,13.8,26.8,,3.61625,4.915416666666666,23.00333333333333,0.5166666666666666,,3.3,1.19,5.48,0.31,,4.05,11.44,46.05,1.2,9
1131,2023-10-11,0.6347826086956521,1005.1652173913044,233.0928571428572,19.52608695652174,16.821739130434782,84.78260869565217,145.2173913043478,4.321739130434783,1.3434782608695652,17.1,22.8,,3.96875,8.1475,13.972083333333336,0.60375,,3.22,1.39,5.54,0.33,,5.94,22.09,31.52,1.01,2
1132,2023-10-12,0.525,1011.1125,525.4769230769232,14.75,11.945833333333333,84.125,162.75,6.820833333333333,1.6208333333333331,13.4,16.1,,3.521666666666667,2.786666666666666,22.84625,0.3791666666666666,,3.34,0.47,16.5,0.25,,3.9,8.5,26.53,0.68,4
1133,2023-10-13,0.0,1016.4875,1472.3285714285716,15.15,9.95,71.95833333333333,159.125,4.979166666666667,1.5416666666666667,12.3,17.9,,3.8020833333333335,4.822916666666667,20.14625,0.4041666666666666,,3.41,1.43,2.81,0.22,,4.33,16.14,27.49,1.23,3
1134,2023-10-14,0.0,1016.7833333333332,1769.2285714285715,16.729166666666668,11.512499999999998,72.83333333333333,115.83333333333331,5.883333333333333,1.9375,11.8,21.7,,3.7191666666666654,5.167083333333333,14.735,0.50875,,3.01,1.96,0.98,0.3,,4.37,12.13,29.0,1.04,3
1135,2023-10-15,0.0,1013.4416666666666,1800.4642857142858,19.941666666666663,14.125,70.45833333333333,113.0,6.045833333333333,1.8666666666666665,16.0,25.5,,3.455833333333333,3.355833333333333,18.534166666666668,0.4216666666666667,,3.13,1.98,7.34,0.33,,4.25,6.01,29.08,0.55,3
1136,2023-10-16,1.9913043478260872,1007.1913043478262,83.66153846153846,19.317391304347822,17.882608695652173,91.52173913043478,132.3913043478261,5.673913043478261,1.6347826086956525,18.4,20.6,,3.458333333333333,8.896666666666667,12.377083333333331,0.7458333333333332,,3.13,2.91,2.58,0.37,,4.5,17.07,28.62,1.28,3
1137,2023-10-17,0.008695652173913,1007.9173913043478,196.54666666666665,19.13478260869565,16.98695652173913,87.6086956521739,194.8695652173913,4.28695652173913,1.047826086956522,17.2,20.4,,3.758333333333333,11.27,9.391666666666667,0.6725,,3.12,3.73,0.98,0.18,,4.45,27.71,20.2,1.76,9
1138,2023-10-18,0.0,1015.4958333333334,1099.4642857142858,16.662499999999998,11.525,72.125,132.54166666666666,5.483333333333333,1.6083333333333332,13.9,19.3,,5.108333333333333,4.72,22.06041666666667,0.4012499999999999,,3.14,0.47,9.38,0.1,,29.6,10.28,44.01,0.75,6
1139,2023-10-19,0.0,1014.9458333333332,1573.571428571429,17.791666666666668,12.016666666666666,69.54166666666667,120.25,8.112499999999999,2.4291666666666667,15.1,20.7,,4.409583333333334,3.7175,32.31166666666667,0.1966666666666666,,3.66,1.22,15.43,0.05,,5.05,6.63,43.99,0.46,6
1140,2023-10-20,0.0,1012.725,1707.678571428571,19.39583333333333,14.183333333333332,72.66666666666667,120.83333333333331,6.449999999999999,2.1166666666666667,16.4,23.6,,4.550416666666667,5.892916666666667,33.6475,0.4458333333333333,,3.83,2.58,12.27,0.16,,5.62,10.19,54.76,0.64,2
1141,2023-10-21,0.0,1011.6416666666668,1379.5285714285717,20.3,16.416666666666668,79.29166666666667,128.75,5.8500000000000005,2.0083333333333333,16.7,25.2,,4.701249999999999,5.408333333333334,34.44083333333333,0.5183333333333334,,4.06,3.38,6.89,0.31,,5.56,8.1,66.66,0.84,5
1142,2023-10-22,0.2749999999999999,1008.9416666666666,1097.0928571428572,21.475000000000005,17.504166666666666,79.33333333333333,119.45833333333331,4.104166666666667,1.2416666666666667,17.2,26.7,,5.072916666666667,4.877083333333334,33.845416666666665,0.6933333333333334,,4.26,3.16,7.52,0.45,,8.79,7.44,70.87,1.15,3
1143,2023-10-23,0.1916666666666666,1006.2625000000002,354.61428571428576,20.45833333333333,18.933333333333334,90.91666666666669,197.625,3.6166666666666663,1.0958333333333334,18.9,22.6,,5.25375,9.925,21.013333333333332,0.8345833333333333,,4.19,2.41,7.26,0.37,,6.4,19.46,41.42,1.47,2
1144,2023-10-24,0.0083333333333333,1003.35,1042.542857142857,22.0125,19.67083333333333,86.875,166.58333333333334,4.254166666666666,1.2125,20.6,24.6,,4.875416666666667,7.140833333333333,37.586666666666666,0.5949999999999999,,4.16,2.35,12.67,0.33,,6.42,14.67,71.85,1.35,5
1145,2023-10-25,0.0,1005.8416666666668,1175.4714285714288,19.225,14.05,72.79166666666667,220.29166666666663,5.270833333333333,1.4624999999999997,16.6,21.4,,4.60875,5.966666666666666,42.282500000000006,0.3991666666666666,,3.98,1.39,25.91,0.16,,5.24,11.12,81.25,0.75,5
1146,2023-10-26,0.0,1005.4041666666666,1677.7857142857142,18.5875,12.4,68.20833333333333,173.41666666666666,4.512499999999999,1.2666666666666666,15.8,21.7,,4.441666666666666,5.105416666666667,43.93083333333333,0.3104166666666667,,4.06,1.65,22.81,0.16,,5.09,8.01,79.6,0.6,4
1147,2023-10-27,0.0,1003.4666666666666,1825.9214285714288,19.683333333333334,13.574999999999998,70.04166666666667,100.75,4.933333333333333,1.6000000000000003,13.2,27.5,,4.9575,7.700833333333333,41.07333333333333,0.5187499999999999,,4.1,3.42,6.32,0.25,,6.29,14.25,76.13,1.01,3
1148,2023-10-28,0.0,998.7000000000002,955.2928571428572,23.03333333333333,17.991666666666667,74.16666666666667,164.83333333333334,4.295833333333333,1.2791666666666666,19.9,28.5,,8.97625,10.409583333333334,35.501666666666665,0.8404166666666667,,4.71,4.83,8.55,0.46,,22.26,20.43,88.73,1.47,4
1149,2023-10-29,0.0,997.6791666666668,1929.142857142857,25.20833333333333,19.59583333333333,72.5,244.79166666666663,4.470833333333333,1.4291666666666665,20.8,31.0,,6.442916666666666,6.1275,55.82125,0.7054166666666667,,5.21,2.04,20.5,0.48,,8.7,11.85,99.51,1.5,3
1150,2023-10-30,0.0666666666666666,1002.1416666666668,395.5571428571429,22.57916666666667,19.425,82.625,114.83333333333331,3.675,1.0541666666666667,21.2,24.0,,5.598333333333334,8.883333333333333,40.165416666666665,0.7358333333333333,,4.51,1.97,19.19,0.36,,7.27,15.69,65.53,1.09,2
1151,2023-10-31,0.0499999999999999,1007.3125,967.1785714285714,20.5,17.516666666666666,83.45833333333333,133.0,7.320833333333334,2.3916666666666666,18.8,22.3,,4.644166666666666,3.4008333333333334,42.50541666666667,0.3608333333333333,,4.26,1.34,27.79,0.29,,5.71,7.31,65.56,0.52,6
1152,2023-11-01,0.0,1009.375,939.55,19.841666666666665,16.529166666666665,81.5,118.5,7.954166666666667,2.470833333333333,18.9,21.6,,4.335416666666667,2.7412500000000004,44.53666666666667,0.3033333333333333,,4.11,0.47,35.95,0.24,,5.28,4.86,53.0,0.45,5
1153,2023-11-02,1.182608695652174,1006.3869565217392,859.4714285714284,18.569565217391304,16.243478260869566,86.82608695652173,107.04347826086956,10.969565217391304,3.395652173913044,16.7,21.9,,4.446666666666666,2.205416666666667,43.51583333333334,0.4441666666666666,,4.23,0.47,34.18,0.23,,5.55,3.91,50.55,0.56,1
1154,2023-11-03,1.5739130434782609,998.5521739130436,378.0142857142857,19.0,17.069565217391304,88.78260869565217,194.43478260869568,6.178260869565217,1.817391304347826,18.4,19.9,,5.072916666666667,6.914166666666667,22.276666666666667,0.5095833333333333,,4.41,1.76,6.97,0.13,,7.23,19.35,38.8,1.42,3
1155,2023-11-04,0.0083333333333333,1005.8625,1422.2428571428572,16.391666666666666,10.045833333333333,67.16666666666667,277.75,10.954166666666666,3.258333333333333,14.1,19.3,,5.159166666666667,4.288333333333333,38.8425,0.3358333333333334,,4.58,1.51,26.36,0.13,,6.96,11.36,48.2,0.72,5
1156,2023-11-05,0.0,1011.2458333333334,2021.0214285714285,17.604166666666668,10.9625,66.91666666666667,183.54166666666663,4.1125,1.3500000000000003,11.1,22.8,,4.986666666666667,4.718750000000001,38.24916666666667,0.545,,4.37,1.89,6.94,0.25,,5.62,10.15,73.67,1.28,3
1157,2023-11-06,0.0,1012.0666666666666,2113.5642857142857,20.1375,14.470833333333331,71.41666666666667,122.625,6.870833333333334,2.3666666666666667,15.8,25.8,,4.752916666666667,4.6925,45.28083333333333,0.4291666666666667,,4.15,1.23,21.24,0.25,,5.52,10.62,66.54,0.8,6
1158,2023-11-07,0.0,1008.4416666666666,2083.992857142857,22.6,14.891666666666666,65.04166666666667,96.54166666666669,5.191666666666666,1.6875,16.3,30.9,,5.672083333333333,8.412916666666666,44.7775,0.6083333333333333,,4.48,4.3,8.72,0.28,,7.08,14.89,96.73,1.23,4
1159,2023-11-08,0.0,1005.1041666666666,752.3857142857144,23.2125,17.5,71.0,177.375,3.858333333333333,1.1958333333333333,19.4,27.5,,10.64086956521739,11.856956521739132,44.090434782608696,0.9465217391304348,,5.28,4.49,10.75,0.46,,78.25,26.41,91.72,2.2,4
1160,2023-11-09,0.0166666666666666,1007.8208333333332,601.4428571428572,20.9625,17.150000000000002,79.54166666666667,133.875,4.583333333333333,1.2916666666666667,19.6,22.8,,5.095,5.89,46.62291666666667,0.5025000000000001,,4.5,2.9,30.81,0.27,,6.08,15.97,59.23,1.16,3
1161,2023-11-10,0.0,1007.5041666666668,1693.2571428571428,21.587499999999995,17.041666666666668,76.41666666666667,115.95833333333331,7.054166666666667,2.270833333333333,18.0,26.1,,4.585416666666667,3.94875,46.69541666666667,0.4775,,4.32,1.48,27.32,0.23,,4.99,6.54,72.08,0.68,6
1162,2023-11-11,2.4250000000000003,1000.15,455.52857142857147,22.2625,19.695833333333336,85.95833333333333,118.21739130434784,5.908695652173913,1.534782608695652,20.8,26.5,,5.103750000000001,4.82125,48.17791666666667,0.6924999999999999,,4.41,2.0,22.64,0.33,,6.0,8.41,77.36,1.43,3
1163,2023-11-12,2.7583333333333333,1002.4708333333334,235.12142857142857,21.216666666666665,20.308333333333334,94.625,162.375,5.145833333333333,1.382608695652174,18.7,23.2,,5.109583333333333,4.317916666666666,56.73791666666667,0.6616666666666666,,4.58,1.6,37.44,0.39,,5.81,8.44,77.94,1.25,1
1164,2023-11-13,0.9304347826086956,1003.2260869565216,445.19999999999993,21.517391304347825,20.08695652173913,91.91304347826087,177.52173913043478,4.804347826086956,1.2434782608695654,18.4,23.7,,5.326666666666667,8.6475,50.73416666666666,0.81625,,4.52,1.1,17.16,0.5,,6.02,15.07,75.28,1.14,1
1165,2023-11-14,0.0,1004.1208333333334,552.6,21.8875,19.825,88.375,128.45833333333334,2.6208333333333336,0.7416666666666667,20.1,24.3,,6.001666666666668,9.6575,35.254583333333336,0.8224999999999999,,5.21,4.36,16.2,0.62,,7.86,14.81,63.71,1.12,5
1166,2023-11-15,1.0416666666666667,1001.4791666666666,385.31428571428575,21.75,20.125,90.75,145.41666666666666,3.970833333333333,1.125,20.5,23.8,,5.409166666666667,6.101666666666667,41.6125,0.8395833333333332,,4.59,1.02,30.6,0.27,,6.35,16.38,52.73,1.6,5
1167,2023-11-16,0.025,998.825,770.06,22.991666666666664,20.5125,87.04166666666667,192.33333333333331,2.6166666666666667,0.8125,21.5,26.5,,4.529583333333332,8.796666666666665,33.19958333333334,0.9020833333333336,,3.51,3.57,20.14,0.51,,6.17,13.23,61.93,1.28,7
1168,2023-11-17,0.5083333333333334,998.6375,598.2285714285715,21.5,19.266666666666666,87.5,92.16666666666669,5.816666666666667,1.7083333333333333,19.2,24.6,,3.869166666666666,6.926666666666667,51.71458333333334,0.50375,,3.47,0.47,21.21,0.25,,5.11,19.34,81.16,0.99,5
1169,2023-11-18,1.925,997.2,594.2642857142857,21.4875,19.695833333333336,90.08333333333331,231.875,6.333333333333333,1.7041666666666666,20.5,22.1,,7.155833333333334,7.552916666666667,68.74416666666667,0.4787499999999999,,3.82,1.56,38.31,0.19,,18.66,13.61,95.5,0.73,0
1170,2023-11-19,0.0,1007.9958333333332,1968.95,20.941666666666663,14.575,68.95833333333333,166.20833333333334,4.316666666666666,1.1583333333333332,17.9,24.6,,4.410833333333334,4.468333333333333,52.13958333333333,0.2175,,3.55,0.47,33.45,0.1,,9.08,15.97,71.16,0.47,3
1171,2023-11-20,0.0,1008.8208333333332,2139.2714285714283,21.2625,10.766666666666666,57.333333333333336,127.79166666666669,4.3,1.35,14.0,27.7,,3.87,9.05,38.47375,0.3175,,3.45,3.77,10.55,0.11,,4.67,22.77,75.56,0.81,5
1172,2023-11-21,0.0,1003.5041666666666,2120.5285714285715,24.383333333333336,16.982608695652175,66.91304347826087,183.95833333333331,3.920833333333333,1.3416666666666668,15.8,33.3,,5.642083333333333,10.855833333333337,55.88499999999999,0.4745833333333333,,3.58,3.64,10.06,0.3,,15.58,22.75,113.2,0.96,5
1173,2023-11-22,0.8083333333333332,1001.3625,583.3,22.491666666666664,17.875,77.20833333333333,127.25,6.270833333333333,1.6875,19.4,26.9,,4.0808333333333335,6.400000000000001,47.87625,0.2866666666666666,,3.77,1.84,18.09,0.16,,5.32,13.42,64.46,0.52,2
1174,2023-11-23,0.0083333333333333,1009.4041666666668,1702.5600000000002,21.591666666666665,16.525000000000002,74.625,146.16666666666666,4.816666666666666,1.3,18.5,25.2,,4.6379166666666665,4.463333333333334,44.87166666666667,0.2666666666666666,,3.79,1.11,19.22,0.13,,6.86,15.32,61.3,0.63,5
1175,2023-11-24,0.0,1015.8454545454543,2163.0071428571428,20.62727272727273,14.009090909090911,68.54545454545455,144.5,4.04090909090909,1.3409090909090908,15.2,25.7,,7.87375,7.798750000000001,38.946666666666665,0.2654166666666667,,4.81,2.16,10.62,0.05,,23.07,19.84,87.06,0.81,6
1176,2023-11-25,0.0,1014.9739130434784,2207.842857142857,19.347826086956523,12.41304347826087,65.56521739130434,116.91304347826087,4.852173913043478,1.608695652173913,13.6,24.4,,5.552916666666667,4.080416666666666,37.91666666666666,0.3008333333333333,,4.88,1.9,12.58,0.14,,7.11,7.69,54.26,0.49,2
1177,2023-11-26,0.0,1010.4041666666666,2000.7357142857145,22.304166666666664,15.808333333333332,68.5,115.29166666666669,5.537499999999999,1.8083333333333331,17.3,28.3,,5.649583333333332,3.99375,39.23041666666666,0.3,,4.88,1.98,13.0,0.21,,7.43,7.96,69.3,0.46,1
1178,2023-11-27,0.0,1009.2761904761904,1457.7142857142858,24.5,18.428571428571427,70.42857142857143,117.52380952380952,4.338095238095238,1.342857142857143,19.3,28.8,,5.6066666666666665,6.397083333333334,38.08708333333333,0.3179166666666667,,4.96,3.04,12.09,0.24,,6.79,13.19,78.64,0.65,3
1179,2023-11-28,1.2347826086956522,1007.204347826087,430.03333333333336,21.26521739130435,19.839130434782607,91.6086956521739,107.65217391304348,7.756521739130435,2.3,19.2,22.8,,5.399583333333333,4.0925,33.19833333333333,0.3166666666666666,,4.92,2.11,16.55,0.24,,7.29,7.34,50.99,0.48,4
1180,2023-11-29,0.0434782608695652,1003.6391304347826,1319.0600000000002,23.12608695652174,19.58695652173913,81.21739130434783,99.0,7.334782608695652,2.182608695652174,19.3,27.1,,5.19,3.789583333333333,46.69125,0.2966666666666667,,4.84,0.47,23.98,0.2,,5.86,7.6,67.47,0.4,6
1181,2023-11-30,0.0,1004.5347826086954,1539.98,23.7,20.191304347826087,81.78260869565217,138.69565217391303,3.9478260869565216,1.2130434782608694,19.5,28.9,,5.639166666666668,5.440416666666667,41.88291666666667,0.3475,,5.09,2.11,10.11,0.26,,6.64,10.91,100.1,0.55,2
1182,2023-12-01,0.0,1004.2208333333334,1956.0333333333333,26.04583333333333,21.20833333333333,76.375,101.5,5.541666666666667,1.6041666666666667,21.7,32.7,,5.489583333333333,4.69,43.88291666666667,0.3025,,5.04,1.05,19.09,0.19,,6.4,8.06,89.1,0.52,6
1183,2023-12-02,0.5333333333333333,1002.6041666666666,1240.3428571428574,25.22083333333333,21.84166666666667,82.08333333333333,128.25,5.125,1.2375,22.6,30.5,,5.7075,5.594166666666666,40.91916666666666,0.4041666666666666,,5.08,0.99,10.44,0.2,,7.15,8.78,116.4,0.78,3
1184,2023-12-03,0.0083333333333333,1005.1125,1572.8428571428572,23.83333333333333,20.0125,79.875,127.125,4.783333333333334,1.3458333333333334,20.5,26.7,,5.7125,2.4433333333333334,51.805416666666666,0.3504166666666666,,5.04,1.09,17.05,0.18,,10.73,4.32,83.52,1.06,2
1185,2023-12-04,0.3166666666666667,1011.4375,418.95,19.575000000000003,18.05,90.91666666666669,137.375,7.266666666666667,2.220833333333333,18.8,21.1,,5.12125,2.290833333333333,43.3375,0.2170833333333333,,5.04,0.47,32.47,0.14,,5.26,5.49,55.75,0.29,6
1186,2023-12-05,0.025,1012.5583333333332,1011.34,20.820833333333336,17.537499999999998,81.83333333333333,114.91666666666669,7.849999999999999,2.358333333333333,18.8,22.4,,5.23625,2.7758333333333334,35.531666666666666,0.275,,5.03,0.47,24.31,0.16,,6.06,6.67,43.23,0.42,5
1187,2023-12-06,0.1739130434782608,1005.1695652173912,646.3333333333334,24.330434782608695,21.03913043478261,82.47826086956522,157.52173913043478,3.869565217391304,1.1434782608695653,21.1,29.1,,6.264583333333333,9.895833333333334,27.35708333333333,0.51125,,5.23,1.89,14.13,0.14,,8.23,18.89,57.11,1.15,6
1188,2023-12-07,0.075,1002.8125,659.7733333333333,23.95416666666667,21.8875,88.5,265.2083333333333,5.445833333333333,1.575,22.7,26.0,,5.872916666666666,6.307083333333334,29.882500000000004,0.3245833333333333,,5.05,1.8,12.5,0.18,,7.44,13.79,48.06,0.58,3
1189,2023-12-08,0.0,1011.6625,1955.48,20.979166666666668,14.862500000000002,69.20833333333333,167.29166666666666,5.991666666666667,1.5958333333333334,17.5,23.7,,5.327916666666668,3.0737500000000004,37.04958333333334,0.1791666666666666,,5.03,0.96,21.12,0.05,,6.08,6.5,45.8,0.35,2
1190,2023-12-09,0.0,1012.175,1747.2866666666664,20.1625,14.625,71.79166666666667,115.58333333333331,7.283333333333334,2.2875,16.1,24.1,,5.614583333333333,4.21375,26.797916666666666,0.2316666666666666,,5.14,1.32,7.86,0.11,,6.32,10.01,43.81,0.44,6
1191,2023-12-10,0.0,1007.8083333333334,1119.6733333333332,22.066666666666663,17.270833333333332,75.04166666666667,103.70833333333331,5.766666666666666,1.55,18.8,26.0,,5.72125,3.6,28.772916666666664,0.2675,,5.06,1.42,14.69,0.16,,8.8,7.52,51.09,0.51,2
1192,2023-12-11,0.0,1007.5708333333332,1617.4399999999998,22.991666666666664,18.27083333333333,76.125,118.20833333333331,6.483333333333334,1.9083333333333328,20.0,26.5,,5.4745833333333325,3.0825,36.553333333333335,0.2445833333333333,,5.29,0.99,19.25,0.12,,6.65,5.59,54.96,0.35,2
1193,2023-12-12,0.0,1008.8916666666668,1959.6571428571428,24.84583333333333,18.066666666666663,67.79166666666667,99.33333333333331,5.504166666666666,1.6541666666666668,19.6,31.1,,5.743750000000001,5.965833333333333,36.8125,0.2716666666666666,,5.3,2.36,10.91,0.17,,7.18,13.71,69.19,0.56,4
1194,2023-12-13,0.0,1004.65,1745.2333333333331,26.870833333333334,19.625,67.04166666666667,191.70833333333331,4.391666666666667,1.3875000000000002,20.7,33.1,,11.972083333333332,9.924583333333333,38.87833333333334,0.3766666666666667,,5.57,4.36,7.83,0.1,,27.18,22.16,80.31,0.85,1
1195,2023-12-14,0.0,1002.3916666666668,1633.2785714285712,28.45416666666667,22.14166666666667,70.125,232.45833333333331,4.816666666666666,1.5666666666666669,23.9,34.0,,8.264166666666666,8.901666666666666,49.47541666666667,0.3735416666666667,,5.75,3.32,11.22,0.05,,18.01,18.44,89.65,0.68,2
1196,2023-12-15,0.1565217391304348,1004.008695652174,1536.3285714285714,28.039130434782606,22.213043478260868,72.69565217391305,156.34782608695653,5.147826086956522,1.2086956521739132,23.6,35.1,,7.359166666666667,7.882083333333334,66.60583333333334,0.3991666666666666,,5.6,3.23,16.08,0.16,,12.21,20.38,157.9,0.63,2
1197,2023-12-16,0.225,1005.3583333333332,1662.2733333333333,27.71666666666667,22.350000000000005,75.375,182.5,4.370833333333334,1.2041666666666666,23.3,34.6,,8.224583333333333,8.742083333333333,65.84875,0.4629166666666666,,5.45,1.92,18.59,0.26,,15.52,17.29,165.3,0.9,2
1198,2023-12-17,0.0,1002.3083333333334,1934.3466666666668,31.004166666666663,22.691666666666663,64.29166666666667,158.16666666666666,3.7916666666666665,1.175,24.9,36.9,,7.488333333333333,5.767500000000001,44.07749999999999,0.3091666666666666,,5.44,1.46,8.41,0.02,,13.83,11.09,94.89,0.94,2
1199,2023-12-18,0.0,1002.0750000000002,1731.9,29.39583333333333,24.4875,75.66666666666667,165.20833333333334,4.225,1.1833333333333331,25.5,33.6,,6.09625,4.90125,52.94958333333333,0.216875,,5.48,1.91,10.17,0.02,,8.35,8.71,135.9,0.38,3
1200,2023-12-19,0.2833333333333333,1004.1749999999998,1025.4,24.304166666666664,22.15833333333333,88.04166666666667,186.25,6.654166666666666,1.7958333333333334,22.0,26.3,,5.564583333333334,3.21125,28.46333333333333,0.2545833333333333,,5.15,1.27,10.38,0.17,,7.17,9.7,41.87,0.54,2
1201,2023-12-20,0.008695652173913,1006.4217391304346,1082.2133333333334,24.15652173913044,20.830434782608695,82.52173913043478,160.65217391304347,6.673913043478261,1.930434782608696,21.8,27.0,,6.4245833333333335,2.6083333333333334,20.33125,0.3179166666666667,,5.32,1.2,10.32,0.18,,23.23,7.36,31.43,0.52,1
1202,2023-12-21,0.0,1005.8909090909092,1634.88,26.9,20.327272727272724,69.13636363636364,169.0,4.6863636363636365,1.3681818181818182,22.7,31.6,,5.161666666666666,5.159583333333334,35.18375,0.3329166666666667,,4.11,1.85,5.55,0.19,,6.91,10.66,93.83,0.63,3
1203,2023-12-22,0.0,1005.3416666666668,1993.8642857142856,26.5,21.816666666666663,76.04166666666667,132.41666666666666,4.616666666666667,1.4041666666666668,23.1,30.0,,4.8012500000000005,4.603333333333333,33.525,0.3033333333333333,,4.03,1.15,9.51,0.02,,7.19,9.83,83.95,0.54,2
1204,2023-12-23,0.1272727272727273,1004.781818181818,1721.5733333333335,25.88636363636364,21.327272727272728,77.54545454545455,176.4090909090909,4.454545454545454,1.190909090909091,22.5,29.5,,4.528333333333333,4.63375,41.33208333333334,0.305,,3.97,1.85,15.13,0.18,,5.62,8.63,83.21,0.49,2
1205,2023-12-24,0.0,1006.0833333333334,1538.9200000000003,25.641666666666666,20.92083333333333,76.0,124.0,5.008333333333333,1.55,23.1,28.0,,4.3116666666666665,4.275833333333334,30.538333333333338,0.3358333333333334,,3.77,2.54,12.78,0.16,,7.83,9.53,42.18,0.82,3
1206,2023-12-25,0.4347826086956521,1002.7652173913044,1026.4066666666668,24.08695652173913,20.52173913043478,81.1304347826087,187.8695652173913,6.213043478260871,2.0043478260869567,21.6,28.4,,4.2179166666666665,7.046666666666667,32.58916666666667,0.3195833333333333,,3.68,3.06,12.86,0.2,,5.79,13.21,53.9,0.6,3
1207,2023-12-26,0.0,1008.7875,1970.2666666666669,21.65833333333333,14.245833333333332,63.875,195.125,7.020833333333333,1.7708333333333333,18.3,24.6,,4.0008333333333335,2.9150000000000005,37.61833333333333,0.185625,,3.77,0.47,22.64,0.04,,5.24,7.82,50.37,0.38,3
1208,2023-12-27,0.0,1010.9409090909091,2085.96,22.227272727272727,15.263636363636364,66.63636363636364,90.27272727272728,4.045454545454546,1.1727272727272726,16.7,27.2,,4.368333333333333,1.63875,28.3075,0.2691666666666667,,3.85,0.47,5.91,0.2,,5.49,2.78,49.52,0.37,1
1209,2023-12-28,0.0,1004.3347826086956,2079.373333333333,26.221739130434784,17.01304347826087,58.60869565217392,196.08695652173915,4.934782608695652,1.5260869565217392,18.7,34.2,,10.2825,2.516666666666666,41.52333333333333,0.3520833333333333,,4.15,2.31,8.62,0.05,,35.84,2.87,75.73,0.75,3
1210,2023-12-29,1.3666666666666665,1001.275,679.7785714285716,24.775,20.54583333333333,78.04166666666667,199.875,5.5125,1.4583333333333333,21.6,29.0,,5.766666666666666,2.572083333333333,42.24666666666667,0.375,,4.17,2.29,24.29,0.22,,10.92,2.88,58.28,0.7,0
1211,2023-12-30,0.0,1010.5869565217392,1723.6357142857144,21.582608695652173,14.530434782608696,64.78260869565217,172.1304347826087,5.5086956521739125,1.4565217391304348,19.1,23.6,,4.46,2.5529166666666665,35.65833333333333,0.3204166666666667,,4.1,2.07,24.02,0.17,,5.83,2.87,73.6,0.61,0
1212,2023-12-31,0.0,1011.2695652173912,1849.58,20.78695652173913,12.752173913043478,61.30434782608695,120.04347826086956,4.921739130434783,1.547826086956522,16.1,24.9,,4.685416666666666,2.5829166666666663,33.51,0.3716666666666667,,4.08,2.31,16.1,0.26,,9.93,2.78,48.24,1.11,2
1213,2024-01-01,0.0,1008.2208333333332,1682.6285714285714,23.3125,17.166666666666668,69.66666666666667,108.16666666666669,5.270833333333333,1.6791666666666665,18.3,29.5,,4.7404166666666665,2.5170833333333333,33.42291666666667,0.3675,,4.2,2.28,11.93,0.25,,8.12,2.72,54.7,0.99,2
1214,2024-01-02,1.5666666666666669,1005.4125,1009.5,23.58333333333333,19.9875,81.54166666666667,145.29166666666666,5.412499999999999,1.5583333333333331,20.7,28.1,,3.848333333333334,1.5954166666666667,30.43208333333333,0.395,,0.655,0.47,15.52,0.24,,12.06,2.8,58.87,0.59,7
1215,2024-01-03,0.0,1007.2375,1431.2266666666667,22.666666666666668,19.08333333333333,81.0,109.0,6.608333333333333,1.975,20.0,26.3,,2.9177083333333336,1.6769565217391302,27.707083333333333,0.2995833333333333,,0.655,0.47,16.31,0.16,,5.0,2.76,44.13,0.48,7
1216,2024-01-04,0.0,1008.8791666666666,1625.8333333333333,22.741666666666664,18.79583333333333,79.08333333333333,116.70833333333331,7.912499999999999,2.3125,19.8,26.6,,4.5529166666666665,2.584583333333333,27.72833333333333,0.2975,,3.81,2.49,16.36,0.25,,7.34,2.7,42.42,0.41,0
1217,2024-01-05,0.0,1007.9791666666666,1954.8733333333328,24.183333333333334,19.445833333333333,76.04166666666667,112.45833333333331,7.558333333333333,2.2875,20.8,27.4,,4.725833333333333,2.575,30.434583333333336,0.3495833333333333,,3.88,2.48,20.24,0.26,,6.89,2.68,43.07,0.52,5
1218,2024-01-06,0.0,1005.2625,1805.06,25.73333333333333,19.741666666666667,71.58333333333333,108.125,5.0375000000000005,1.6583333333333332,20.7,30.9,,4.7508333333333335,2.5695833333333336,31.251666666666665,0.2820833333333333,,4.11,2.47,12.6,0.15,,7.79,2.7,57.78,0.47,2
1219,2024-01-07,0.3166666666666666,1002.125,1725.5866666666666,27.508333333333336,21.691666666666663,72.79166666666667,193.45833333333331,4.5625,1.2375,22.7,34.3,,6.185416666666668,2.555,39.07458333333333,0.3333333333333333,,4.12,2.46,12.72,0.06,,12.42,2.68,71.73,0.68,5
1220,2024-01-08,0.0,1001.3173913043478,1289.84,27.59130434782608,21.81304347826087,72.04347826086956,215.69565217391303,4.639130434782609,1.373913043478261,24.7,29.9,,5.002916666666667,2.5525,46.17291666666667,0.3766666666666666,,4.22,2.45,14.09,0.1,,5.83,2.63,79.38,0.68,3
1221,2024-01-09,0.0,1005.6782608695652,1336.3142857142857,26.26086956521739,21.495652173913044,75.65217391304348,116.91304347826087,4.760869565217392,1.4086956521739131,22.8,30.2,,4.454999999999999,1.9625,43.23875,0.3587499999999999,,4.14,1.43,24.27,0.23,,5.19,2.55,72.05,0.56,6
1222,2024-01-10,0.0,1004.5541666666668,1477.1666666666667,27.416666666666668,21.383333333333336,71.25,180.79166666666663,3.7458333333333336,1.2166666666666666,22.9,31.9,,5.612916666666666,1.5504166666666668,47.60458333333335,0.3895833333333334,,4.21,1.44,11.33,0.16,,10.39,1.67,89.14,0.63,2
1223,2024-01-11,1.1333333333333333,1005.1625,485.3133333333333,24.683333333333337,22.254166666666663,86.5,157.20833333333334,5.156521739130435,1.4208333333333332,22.6,27.3,,4.68625,1.532916666666667,38.442083333333336,0.35125,,4.11,1.44,23.49,0.23,,5.65,1.64,54.48,0.58,3
1224,2024-01-12,0.0,1008.5608695652172,1712.7066666666665,23.565217391304348,18.713043478260868,75.73913043478261,125.34782608695652,5.48695652173913,1.5608695652173912,20.5,26.8,,4.527916666666666,1.5191666666666668,30.835,0.3529166666666667,,4.14,1.41,11.61,0.23,,5.42,1.71,45.05,0.5,3
1225,2024-01-13,0.0,1009.5272727272728,1990.6,23.413636363636364,16.63181818181818,67.0,112.1818181818182,6.509090909090909,2.1045454545454545,18.7,27.6,,4.419583333333333,1.4854166666666668,31.18375,0.32625,,4.09,1.36,15.34,0.26,,6.16,1.6,48.7,0.52,5
1226,2024-01-14,1.6333333333333335,1005.4708333333332,1930.957142857143,25.825,20.120833333333334,72.625,182.41666666666663,5.295833333333333,1.7625,20.5,34.8,,7.3525,1.485,35.18625,0.3720833333333333,,4.15,1.35,8.7,0.05,,19.95,1.64,61.09,0.5,1
1227,2024-01-15,0.008695652173913,1004.791304347826,1841.0928571428572,25.565217391304348,21.431818181818183,80.5909090909091,215.30434782608697,4.034782608695652,1.1869565217391305,21.6,31.5,,4.449583333333333,1.4954166666666666,41.28416666666666,0.3566666666666667,,3.91,1.39,12.53,0.21,,5.61,1.56,79.43,0.57,2
1228,2024-01-16,0.0,1004.0333333333334,1368.64,26.858333333333334,22.070833333333336,76.83333333333333,107.33333333333331,4.220833333333333,1.275,22.3,32.6,,5.008260869565217,1.5508695652173914,42.20913043478261,0.4565217391304347,,4.27,1.39,9.38,0.22,,6.7,1.7,106.6,0.72,5
1229,2024-01-17,2.8666666666666667,1006.6458333333334,629.58125,23.354166666666668,21.2,88.04166666666667,107.83333333333331,9.208333333333334,2.45,20.8,26.3,,4.88,1.7700000000000002,35.485,0.4466666666666667,,3.99,1.67,30.57,0.17,,5.56,1.84,40.42,0.61,3
1230,2024-01-18,0.0,1004.9708333333332,1120.5933333333337,25.83333333333333,22.229166666666668,80.83333333333333,101.04166666666669,7.774999999999999,2.4250000000000003,23.8,28.9,,4.62875,2.970833333333333,43.535833333333336,0.27125,,3.83,1.5,32.78,0.13,,5.6,3.61,55.64,0.42,4
1231,2024-01-19,0.7583333333333333,1002.225,1564.1666666666667,26.441666666666663,23.09166666666667,82.875,155.08333333333334,4.079166666666667,1.2125,23.1,31.6,,4.764583333333333,3.398333333333333,37.15416666666667,0.4358333333333333,,4.28,3.3,12.56,0.17,,6.21,3.47,60.82,0.66,4
1232,2024-01-20,0.8000000000000002,1003.3250000000002,960.88,24.3125,22.2875,89.125,163.33333333333334,5.283333333333333,1.3291666666666666,22.8,26.3,,4.37375,3.3941666666666666,35.63375,0.2966666666666667,,4.2,3.29,23.62,0.19,,4.86,3.53,47.6,0.76,3
1233,2024-01-21,0.0833333333333333,1009.75,1700.2066666666665,23.35833333333333,18.21666666666667,74.5,128.08333333333334,6.916666666666667,2.025,20.9,25.2,,4.362916666666667,3.3295833333333333,32.09625,0.2333333333333333,,4.22,3.23,20.06,0.15,,4.87,3.42,41.35,0.39,3
1234,2024-01-22,0.0,1012.9333333333334,1790.506666666667,22.5875,16.370833333333334,69.0,118.95833333333331,7.1375,2.2416666666666667,19.6,25.6,,4.431666666666667,3.253333333333334,27.17375,0.34,,4.25,3.16,9.41,0.23,,5.21,3.4,40.24,0.46,1
1235,2024-01-23,0.0,1012.9249999999998,1581.3357142857142,22.52083333333333,15.829166666666666,66.70833333333333,119.66666666666669,8.0875,2.4791666666666665,19.1,25.6,,4.519583333333333,3.19875,27.33583333333333,0.26,,4.2,3.05,7.46,0.14,,5.69,3.29,38.65,0.5,6
1236,2024-01-24,0.15,1011.8833333333332,1129.2933333333335,21.46666666666667,16.295833333333334,72.91666666666667,114.625,6.820833333333334,2.066666666666667,19.2,24.9,,4.725833333333333,4.264583333333333,23.76125,0.3458333333333334,,4.16,3.09,12.67,0.15,,10.77,7.44,36.91,0.49,1
1237,2024-01-25,0.0,1012.1916666666666,1640.4714285714288,22.5375,15.529166666666669,66.875,121.29166666666669,6.621739130434782,2.0375,18.8,26.4,,4.426666666666667,6.000416666666666,26.742083333333337,0.4104166666666666,,4.18,4.95,14.25,0.34,,5.56,9.38,40.18,0.61,2
1238,2024-01-26,0.0,1013.0043478260868,1077.5333333333333,22.02173913043478,16.769565217391307,73.26086956521739,117.1818181818182,5.9,1.781818181818182,18.9,25.3,,4.560416666666666,5.972916666666666,18.217916666666667,0.3825,,4.21,4.79,6.81,0.25,,6.01,9.22,27.27,0.89,1
1239,2024-01-27,0.0,1011.3041666666668,1191.38,22.48333333333333,17.079166666666666,72.16666666666667,118.375,5.470833333333334,1.7166666666666666,19.8,25.0,,4.679583333333333,5.870833333333333,21.186666666666667,0.3683333333333333,,4.3,4.92,8.5,0.26,,5.44,7.17,32.06,0.53,2
1240,2024-01-28,0.4166666666666667,1008.9291666666668,1051.3357142857144,22.6625,19.275,82.125,114.66666666666669,5.033333333333334,1.5083333333333335,20.3,27.2,,4.605416666666667,5.725833333333334,23.665000000000003,0.3979166666666666,,4.33,4.77,10.83,0.3,,5.28,8.39,44.33,0.6,2
1241,2024-01-29,0.008695652173913,1007.0,1035.1133333333337,23.273913043478263,19.917391304347827,82.47826086956522,155.34782608695653,3.2086956521739127,0.9347826086956522,20.3,27.1,,9.785,7.523333333333333,26.07041666666667,0.41375,,4.57,5.59,7.85,0.22,,37.96,10.41,75.79,0.75,1
1242,2024-01-30,0.0,1006.5416666666666,1873.707142857143,24.441666666666663,19.02083333333333,73.91666666666667,155.25,3.4291666666666667,1.0958333333333334,21.5,28.7,,5.626666666666666,7.39875,24.95958333333333,0.40125,,4.53,4.71,5.92,0.17,,6.98,11.46,52.72,0.82,1
1243,2024-01-31,0.0,1008.0083333333332,1898.9466666666665,24.39166666666667,18.479166666666668,71.29166666666667,135.58333333333334,3.5500000000000003,1.1125,19.1,29.9,,6.690416666666667,7.526666666666666,38.60041666666667,0.3958333333333333,,4.56,5.19,5.37,0.24,,18.83,12.08,106.9,0.65,1
1244,2024-02-01,0.0,1010.5625,2068.6428571428573,25.02083333333333,18.9,72.0,120.5,5.0,1.4958333333333331,20.0,31.7,,5.301666666666667,6.865416666666666,27.98,0.4708333333333334,,4.56,5.17,6.61,0.29,,8.73,14.44,54.77,0.65,5
1245,2024-02-02,0.0,1012.1708333333332,2153.55,25.04583333333333,19.116666666666664,71.33333333333333,115.375,6.370833333333333,1.9375,20.4,30.4,,4.694166666666667,6.06,28.57375,0.4029166666666666,,4.52,5.22,6.54,0.32,,5.23,7.53,53.0,0.5,0
1246,2024-02-03,0.0,1008.9541666666668,2081.3357142857144,26.7,18.966666666666665,65.04166666666667,107.0,4.566666666666667,1.4125,20.8,34.3,,6.272916666666667,6.847083333333333,41.27583333333334,0.42625,,4.52,5.82,6.7,0.3,,12.29,8.77,98.16,0.8,3
1247,2024-02-04,0.0,1006.9416666666666,1355.1846153846154,27.883333333333336,21.575,69.70833333333333,170.41666666666666,3.295833333333333,1.0125,23.6,32.7,,6.434583333333333,7.468333333333334,37.82375,0.5170833333333333,,5.39,5.1,13.21,0.15,,9.15,9.74,75.3,0.8,6
1248,2024-02-05,0.3583333333333332,1009.6166666666668,1225.54375,26.725,22.84583333333333,80.16666666666667,165.04166666666666,4.845833333333334,1.5041666666666669,23.9,29.6,,5.498333333333335,6.813749999999999,32.39416666666667,0.39625,,4.94,5.19,12.85,0.16,,7.24,11.38,67.01,0.8,3
1249,2024-02-06,0.0,1010.625,1551.2357142857145,26.27916666666667,21.95833333333333,77.95833333333333,121.54166666666669,5.925,1.8916666666666664,23.1,29.7,,5.1154166666666665,6.03875,26.774583333333336,0.4004166666666667,,4.79,5.46,10.92,0.3,,5.96,7.56,46.44,0.46,2
1250,2024-02-07,0.0,1007.9916666666668,1865.9142857142856,26.50833333333333,22.008333333333336,77.66666666666667,134.58333333333334,5.75,1.7583333333333335,22.6,31.9,,5.1775,6.298750000000001,30.894166666666667,0.32125,,4.82,5.24,12.15,0.19,,5.86,8.88,82.58,0.49,0
1251,2024-02-08,0.0,1006.2875,1903.7714285714285,27.4125,22.441666666666663,76.0,174.0,4.833333333333333,1.4541666666666666,23.9,33.3,,5.368750000000001,6.869166666666668,37.38708333333333,0.45875,,5.03,5.59,11.93,0.27,,5.95,9.17,80.67,0.79,1
1252,2024-02-09,0.0,1006.9416666666666,1725.314285714286,28.633333333333336,23.350000000000005,74.70833333333333,144.75,5.2,1.5166666666666666,24.3,33.4,,5.510000000000001,7.178750000000001,37.04208333333333,0.4404166666666667,,5.04,6.04,10.27,0.28,,6.24,9.07,90.2,0.64,2
1253,2024-02-10,0.0,1007.7291666666666,1901.707142857143,29.399999999999995,23.3,71.29166666666667,111.125,5.55,1.5833333333333333,25.6,35.1,,5.492500000000001,6.837083333333333,34.92916666666667,0.42875,,5.03,5.86,14.45,0.2,,6.54,8.39,62.12,0.72,2
1254,2024-02-11,0.0,1007.3875,1474.823076923077,29.575,22.925,68.91666666666667,202.45833333333331,4.116666666666666,1.4,26.2,34.1,,6.207083333333333,7.131666666666667,29.866250000000004,0.4854166666666666,,5.13,5.65,11.71,0.22,,12.58,8.66,51.75,1.17,0
1255,2024-02-12,0.0,1005.1625,1257.3714285714286,30.287500000000005,22.445833333333336,63.958333333333336,193.95833333333331,3.6041666666666665,1.2375,26.6,35.1,,5.940833333333333,7.928750000000001,28.31083333333333,0.5529166666666666,,5.33,5.96,11.93,0.25,,7.4,9.24,51.43,0.85,1
1256,2024-02-13,1.1916666666666669,1007.4583333333334,235.76153846153844,24.058333333333334,21.85,88.08333333333333,167.29166666666666,5.629166666666666,1.3625,20.2,28.1,,5.217391304347826,5.619565217391305,23.573913043478264,0.4926086956521739,,4.73,3.75,11.64,0.32,,5.63,7.72,36.67,0.7,1
1257,2024-02-14,0.0,1013.1166666666664,1278.523529411765,22.475000000000005,16.183333333333334,68.45833333333333,113.04166666666669,6.270833333333333,1.8666666666666665,20.0,25.6,,5.12875,4.395416666666667,17.985416666666666,0.4012499999999999,,4.83,3.67,10.22,0.34,,5.76,6.46,26.6,0.56,1
1258,2024-02-15,0.0,1012.0083333333332,1537.3000000000004,23.40416666666667,16.804166666666664,67.08333333333333,112.91666666666669,7.495833333333334,2.4208333333333334,20.3,27.1,,5.261666666666667,5.2941666666666665,17.881249999999998,0.4116666666666667,,4.78,3.72,7.71,0.06,,6.79,7.61,26.04,0.77,2
1259,2024-02-16,0.9583333333333334,1009.3583333333332,326.1428571428572,21.77916666666667,18.95,84.25,110.41666666666669,5.825,1.5416666666666667,20.0,23.0,,5.336666666666666,5.415416666666666,14.3825,0.2970833333333333,,5.01,3.66,8.07,0.12,,6.28,8.28,19.21,0.63,2
1260,2024-02-17,0.0083333333333333,1006.9791666666666,1128.6357142857144,23.791666666666668,20.254166666666663,81.29166666666667,119.875,5.570833333333333,1.6958333333333335,20.9,27.6,,5.740833333333334,4.027916666666667,14.0225,0.59625,,4.94,3.66,10.22,0.14,,10.46,6.34,20.65,1.41,2
1261,2024-02-18,0.0,1005.5708333333332,1926.276923076923,25.695833333333336,21.825,80.29166666666667,105.29166666666669,5.558333333333334,1.7833333333333332,22.1,29.6,,5.579166666666667,3.7591666666666663,13.566250000000002,0.6079166666666667,,4.86,3.61,6.83,0.37,,7.2,4.39,21.62,1.01,0
1262,2024-02-19,0.0,1003.2416666666668,1661.6153846153843,25.570833333333336,21.183333333333334,77.75,125.54166666666669,6.520833333333333,2.0375,23.0,28.9,,5.097083333333333,3.744583333333333,13.373333333333331,0.4229166666666666,,4.83,3.61,8.33,0.35,,5.74,3.85,19.98,0.57,2
1263,2024-02-20,0.0,1003.9874999999998,1728.5384615384614,24.004166666666663,18.9625,74.375,122.33333333333331,5.225,1.7083333333333333,19.9,26.5,,5.309166666666666,3.74875,12.85,0.4324999999999999,,4.84,3.66,6.41,0.34,,7.12,3.89,18.4,0.8,2
1264,2024-02-21,0.0,1004.5375,1830.692307692308,23.962499999999995,18.566666666666663,73.08333333333333,124.625,4.7875000000000005,1.4708333333333332,19.4,28.0,,5.324166666666666,8.24304347826087,14.19875,0.4891666666666667,,4.93,0.47,8.27,0.16,,6.56,17.83,19.92,0.82,5
1265,2024-02-22,0.0,1003.1166666666668,1558.0076923076922,25.15416666666667,20.85833333333333,78.625,98.625,4.383333333333333,1.4208333333333332,21.5,29.6,,5.635833333333333,10.230000000000002,16.59625,0.5120833333333333,,4.98,2.94,10.42,0.39,,6.59,18.27,28.9,0.67,1
1266,2024-02-23,0.0,1004.1916666666666,1992.7846153846156,27.4875,21.429166666666664,72.04166666666667,160.91666666666666,3.4333333333333336,1.125,22.4,33.9,,7.405416666666666,4.77125,19.712083333333336,0.5612499999999999,,5.53,3.95,10.11,0.31,,28.07,5.43,48.2,0.99,5
1267,2024-02-24,0.0,1010.0458333333336,1889.5846153846155,27.604166666666668,21.92083333333333,72.0,121.29166666666669,5.166666666666667,1.616666666666667,24.1,31.2,,5.833333333333333,4.567083333333334,13.932083333333331,0.3895833333333334,,5.22,3.03,10.83,0.16,,6.73,5.37,18.04,0.74,5
1268,2024-02-25,0.0,1014.6791666666668,1527.823076923077,25.675,21.59583333333333,78.91666666666667,119.25,6.575,2.0625,23.3,28.7,,5.2875000000000005,4.6691666666666665,11.69375,0.39375,,5.09,3.96,10.45,0.3,,5.69,5.87,12.97,0.5,1
1269,2024-02-26,0.15,1011.7458333333334,738.6846153846153,24.337499999999995,21.1375,82.625,107.66666666666669,8.516666666666667,2.3791666666666664,23.5,25.9,,5.329999999999999,4.464583333333334,11.019166666666669,0.4558333333333333,,4.96,3.37,10.45,0.34,,6.56,5.76,11.74,0.77,0
1270,2024-02-27,0.8833333333333333,1003.5583333333332,883.1153846153846,25.20416666666667,22.883333333333336,87.54166666666667,196.41666666666663,4.141666666666667,1.1791666666666665,23.2,29.9,,5.607499999999999,4.789583333333334,10.131666666666666,0.5558333333333333,,5.22,3.59,8.01,0.39,,7.1,6.69,11.31,1.01,5
1271,2024-02-28,0.0083333333333333,1005.4166666666666,1000.4933333333336,25.9375,22.5375,82.54166666666667,132.95833333333334,3.1041666666666665,0.9708333333333332,22.8,29.1,,5.491666666666667,4.385000000000001,17.6275,0.47125,,5.27,3.07,4.26,0.34,,6.32,5.91,43.72,0.76,4
1272,2024-02-29,0.0,1007.35,1473.853846153846,26.275,22.641666666666666,81.83333333333333,148.29166666666666,3.033333333333333,0.9875,23.3,30.6,,5.798125,4.418125,13.483125,0.51125,,5.18,2.95,1.17,0.25,,6.7,6.15,37.66,1.02,2
1273,2024-03-01,0.0,1008.1565217391304,1329.0666666666666,26.130434782608692,22.41304347826087,80.82608695652173,125.1304347826087,5.465217391304349,1.7739130434782608,24.2,29.1,,5.315652173913044,4.570434782608696,19.56782608695652,0.3817391304347826,,5.07,3.56,11.68,0.24,,6.07,5.66,31.63,0.46,2
1274,2024-03-02,0.0,1006.6583333333332,1922.7,26.912500000000005,21.508333333333336,74.25,134.91666666666666,4.8875,1.5125,22.8,32.7,,6.607916666666667,4.46875,26.469166666666663,0.5608333333333333,,5.08,3.46,11.0,0.37,,16.44,5.86,58.78,0.83,4
1275,2024-03-03,0.0,1005.5217391304348,1257.8769230769233,26.247826086956525,22.343478260869563,79.52173913043478,182.0434782608696,4.886956521739131,1.443478260869565,24.2,28.5,,5.941666666666666,4.404166666666667,23.98,0.5012500000000001,,5.1,3.26,11.43,0.27,,7.99,5.62,38.93,0.79,4
1276,2024-03-04,0.0,1009.85,433.10769230769233,22.54583333333333,17.758333333333336,74.41666666666667,132.0,5.6875,1.5583333333333336,21.8,23.5,,5.542083333333333,4.58875,22.604166666666668,0.45375,,5.07,3.7,13.65,0.28,,9.13,6.02,26.67,0.61,5
1277,2024-03-05,0.0,1010.6291666666666,1789.284615384615,22.01666666666667,14.0375,61.91666666666666,128.54166666666666,4.179166666666666,1.2416666666666665,18.8,26.0,,5.685416666666666,4.787916666666667,21.098333333333333,0.7020833333333333,,5.1,3.79,6.77,0.36,,7.5,5.93,41.58,1.6,3
1278,2024-03-06,0.0,1010.791304347826,1650.9583333333333,21.043478260869566,14.126086956521736,66.08695652173913,131.2608695652174,4.056521739130435,1.3043478260869568,16.3,26.0,,7.00090909090909,4.509090909090909,17.23818181818182,1.0663636363636364,,5.35,3.68,7.27,0.65,,9.13,5.15,74.03,1.65,1
1279,2024-03-07,0.0,1010.6782608695652,1485.2833333333335,23.84347826086957,17.59565217391304,68.95652173913044,117.65217391304348,5.07391304347826,1.5260869565217392,19.8,29.7,,5.676521739130435,4.48,29.73086956521739,0.08,,5.27,3.16,10.18,0.02,,7.67,6.19,46.49,0.34,4
1280,2024-03-08,2.225,1008.275,201.83076923076925,23.0,21.0375,89.04166666666667,111.75,4.8125,1.2083333333333333,21.5,23.9,,6.077916666666667,4.65625,16.259583333333335,0.2666666666666666,,5.31,3.27,9.3,0.02,,8.06,5.69,25.52,0.5,5
1281,2024-03-09,0.0,1004.4125,1224.5615384615385,25.27083333333333,22.5375,85.375,182.83333333333331,3.725,1.1625,22.6,28.9,,6.545833333333334,4.35875,18.035,0.395,,5.36,3.23,7.34,0.12,,11.17,5.04,34.79,1.29,1
1282,2024-03-10,0.0,1008.35,1299.353846153846,24.554166666666664,21.183333333333334,82.33333333333333,216.95833333333331,3.45,1.1416666666666666,21.7,27.9,,5.904166666666666,4.50125,26.99208333333333,0.6616666666666666,,5.16,3.61,9.17,0.25,,7.94,5.55,49.65,1.86,7
1283,2024-03-11,0.0,1011.1333333333332,1896.253846153846,23.850000000000005,18.716666666666665,75.875,105.29166666666669,4.733333333333333,1.4249999999999998,19.6,30.0,,5.477916666666668,4.67875,28.86833333333333,0.46875,,5.29,3.84,14.02,0.29,,6.27,6.19,48.78,1.8,3
1284,2024-03-12,0.0,1009.4833333333332,1682.3923076923077,24.975,19.141666666666666,72.25,143.91666666666666,4.895652173913043,1.4166666666666667,19.6,32.6,,5.837916666666668,4.603750000000001,33.58958333333333,0.5191666666666667,,5.34,3.48,7.33,0.33,,7.09,6.12,81.1,0.76,2
1285,2024-03-13,0.0,1007.075,1564.0538461538458,26.354166666666668,20.97083333333333,74.54166666666667,189.95833333333331,3.533333333333333,1.0125,21.5,33.0,,7.310416666666666,4.474583333333334,35.80833333333333,0.6329166666666667,,5.35,3.2,8.94,0.45,,10.35,5.54,97.42,1.1,5
1286,2024-03-14,0.0,1005.225,1781.5153846153846,28.320833333333336,20.616666666666664,65.875,170.04166666666666,2.958333333333333,0.9958333333333336,23.0,34.9,,7.585833333333333,4.497916666666667,41.21125,0.70125,,5.66,3.8,9.84,0.45,,12.81,5.61,84.07,1.11,4
1287,2024-03-15,0.0,1004.2000000000002,628.4,26.366666666666664,21.341666666666665,74.25,183.16666666666663,4.120833333333334,1.2291666666666667,25.1,27.8,,7.182916666666666,4.545,28.55916666666667,0.6970833333333332,,5.77,2.81,12.81,0.49,,13.74,5.83,65.68,0.91,1
1288,2024-03-16,0.125,1002.1124999999998,700.3307692307692,25.416666666666668,22.575,84.79166666666667,153.58333333333334,3.333333333333333,0.9666666666666668,23.1,28.9,,6.41125,4.187916666666666,26.56125,0.62875,,5.31,2.7,12.85,0.45,,9.54,5.44,68.4,0.93,4
1289,2024-03-17,0.0083333333333333,1004.4583333333334,697.3571428571429,25.02083333333333,22.2,84.83333333333333,181.95833333333331,3.4125,0.9375,23.3,27.2,,6.053333333333334,4.569583333333333,20.421666666666667,0.5795833333333333,,5.37,3.66,10.51,0.43,,7.22,5.51,35.71,0.81,3
1290,2024-03-18,0.0,1004.9041666666668,1753.1615384615384,26.90416666666667,22.279166666666665,77.66666666666667,109.08333333333331,3.9500000000000006,1.1541666666666666,22.7,32.9,,6.027083333333334,4.500416666666666,31.236666666666665,0.4783333333333333,,5.36,3.32,9.88,0.39,,7.72,6.29,78.42,0.63,3
1291,2024-03-19,0.0,1003.8208333333332,1061.4769230769232,27.354166666666668,23.179166666666664,78.54166666666667,177.66666666666666,3.1958333333333333,1.1375000000000002,25.0,30.4,,6.502916666666667,4.4,25.755416666666665,0.6145833333333334,,5.47,3.4,8.86,0.42,,10.52,5.71,55.41,1.19,7
1292,2024-03-20,0.0,999.9041666666668,1715.569230769231,28.95,23.0125,73.125,159.625,4.0875,1.3,23.9,35.8,,6.900416666666668,4.264583333333333,28.58625,0.6383333333333333,,5.56,3.39,10.2,0.42,,8.7,4.85,55.43,0.91,1
1293,2024-03-21,0.5166666666666666,1000.4791666666666,380.8153846153846,23.604166666666668,20.77916666666667,84.45833333333333,214.625,8.245833333333334,2.1125000000000003,19.5,28.4,,6.3187500000000005,4.527916666666666,21.71291666666667,0.5216666666666666,,5.42,3.66,12.76,0.02,,8.66,5.49,30.87,0.97,2
1294,2024-03-22,0.0166666666666666,1015.7916666666666,1776.4846153846154,20.28333333333333,14.316666666666668,69.91666666666667,176.125,5.0625,1.3,16.8,23.8,,5.739583333333333,4.771666666666667,18.3475,0.5775,,5.52,3.69,6.89,0.19,,6.49,5.79,29.57,0.77,3
1295,2024-03-23,0.0,1016.7125,1360.246153846154,21.154166666666665,14.770833333333334,67.625,108.375,6.266666666666667,1.929166666666667,18.0,25.5,,5.925416666666667,4.451249999999999,17.894583333333333,0.5441666666666666,,5.54,3.43,8.02,0.45,,7.44,5.52,29.32,0.81,3
1296,2024-03-24,0.0,1011.7541666666666,1726.8384615384616,23.441666666666663,15.983333333333334,64.41666666666667,142.20833333333334,3.9958333333333336,1.2125,18.0,29.1,,6.443333333333334,4.578333333333334,19.495416666666667,0.5683333333333334,,5.55,3.31,5.82,0.42,,11.8,5.76,45.43,0.78,1
1297,2024-03-25,0.0,1009.4958333333334,1564.1615384615384,23.116666666666664,18.4125,76.08333333333333,171.875,3.6,1.1625,19.6,26.8,,8.722608695652173,4.590434782608695,21.379565217391303,0.5821739130434783,,5.61,3.05,6.54,0.42,,29.16,5.5,45.01,0.87,4
1298,2024-03-26,0.0,1011.5166666666668,1467.5846153846153,21.73333333333333,17.2875,77.25,126.83333333333331,3.9791666666666665,1.2416666666666667,18.1,25.5,,7.3204166666666675,4.505416666666666,17.62625,0.5495833333333333,,5.57,3.41,6.33,0.3,,13.63,6.04,36.7,1.16,8
1299,2024-03-27,0.0,1010.8916666666668,1392.5846153846153,23.15833333333333,17.575,72.0,116.25,4.875,1.5958333333333332,19.6,27.7,,6.08125,4.591666666666667,22.682499999999997,0.4329166666666666,,5.59,3.73,6.59,0.3,,7.86,6.02,49.57,0.77,4
1300,2024-03-28,0.0,1010.5333333333332,1402.7307692307693,24.45,19.725,76.5,138.70833333333334,4.354166666666667,1.4125,20.6,29.4,,7.009583333333334,4.37125,24.67833333333333,0.3966666666666666,,5.82,3.28,6.11,0.29,,9.06,5.47,63.73,0.68,7
1301,2024-03-29,0.5083333333333333,1009.8,1514.65,25.14583333333333,20.28333333333333,76.70833333333333,165.41666666666666,4.4750000000000005,1.175,21.0,31.7,,6.529583333333332,4.454166666666667,22.8125,0.3745833333333333,,5.74,3.36,7.12,0.29,,9.51,5.48,51.53,0.56,2
1302,2024-03-30,0.0,1008.2041666666668,1643.676923076923,23.575,18.59583333333333,75.58333333333333,185.58333333333331,3.5583333333333336,1.1458333333333333,18.3,29.8,,7.755,4.474166666666666,21.46625,0.5091666666666667,,5.8,3.08,6.08,0.3,,13.38,5.79,45.04,1.19,2
1303,2024-03-31,0.0,1006.8333333333334,1499.9384615384615,24.90416666666667,20.004166666666663,76.54166666666667,173.75,3.2625,1.1041666666666667,20.6,30.9,,7.413333333333334,4.38375,19.625833333333333,0.4304166666666666,,5.94,3.39,7.14,0.22,,9.89,5.48,37.07,1.04,2
1304,2024-04-01,0.0,1006.2041666666664,1429.5076923076922,25.558333333333337,20.954166666666666,77.25,101.0,4.5875,1.3333333333333333,22.3,30.6,,6.150833333333334,4.372083333333333,25.589583333333334,0.4183333333333333,,5.77,3.37,16.69,0.22,,6.69,5.52,40.37,0.54,6
1305,2024-04-02,0.0,1006.4333333333334,457.7846153846154,22.48333333333333,19.104166666666668,81.29166666666667,201.0,4.729166666666667,1.275,21.0,24.4,,7.210000000000001,4.319166666666667,16.268333333333334,0.3541666666666667,,5.81,2.76,12.67,0.26,,15.08,5.22,20.09,0.49,7
1306,2024-04-03,0.0,1006.8458333333332,1510.276923076923,23.14583333333333,18.933333333333334,78.29166666666667,115.04166666666669,4.1375,1.2458333333333331,18.8,29.2,,6.361250000000001,4.68625,20.062083333333334,0.3974999999999999,,5.84,3.61,7.36,0.27,,8.34,6.18,35.0,0.93,7
1307,2024-04-04,0.0,1007.6541666666668,503.9230769230769,23.725,20.775,83.79166666666667,155.58333333333334,4.854166666666667,1.3,22.5,25.8,,6.531666666666666,4.54625,13.639166666666668,0.5266666666666667,,5.96,3.38,9.12,0.35,,8.73,5.77,18.78,0.84,5
1308,2024-04-05,0.0,1011.9208333333336,478.4538461538461,22.683333333333334,19.366666666666664,81.91666666666667,144.375,4.191666666666666,1.1125,21.1,24.0,,6.41875,4.777083333333334,13.5825,0.4816666666666667,,5.53,3.77,9.2,0.35,,9.83,6.14,18.5,1.18,4
1309,2024-04-06,0.0,1013.4166666666666,1347.776923076923,20.579166666666666,14.941666666666665,71.33333333333333,111.0,5.608333333333333,1.7458333333333331,17.0,24.5,,6.931666666666666,4.595416666666666,13.311666666666667,0.4233333333333333,,5.81,3.67,8.35,0.26,,9.63,5.88,19.58,1.17,8
1310,2024-04-07,0.3,1008.9208333333336,362.3818181818182,20.25,17.083333333333332,82.45833333333333,112.625,4.75,1.2375,19.0,21.4,,6.847499999999999,4.448333333333333,11.819583333333334,0.51375,,5.98,3.47,9.99,0.34,,13.83,5.73,14.09,1.08,5
1311,2024-04-08,0.0,1007.15,1115.876923076923,22.77916666666667,19.916666666666668,84.875,153.04166666666666,2.5541666666666667,0.8083333333333335,19.8,27.2,,7.19125,4.6745833333333335,23.18625,0.53625,,6.11,3.73,0.39,0.44,,9.3,5.45,81.79,0.67,4
1312,2024-04-09,0.0,1006.9791666666666,1315.676923076923,24.53333333333333,20.7125,79.91666666666667,166.29166666666666,3.170833333333333,1.1083333333333334,21.2,29.4,,7.0775,4.626666666666666,31.652500000000003,0.57375,,6.07,3.49,0.39,0.4,,10.83,5.5,76.89,1.28,6
1313,2024-04-10,0.0,1007.9874999999998,509.7307692307692,23.058333333333334,20.070833333333336,83.70833333333333,133.41666666666666,4.566666666666666,1.225,22.0,24.7,,6.391666666666666,4.818333333333333,29.13291666666667,0.3741666666666667,,6.1,3.97,19.56,0.28,,7.59,5.7,35.68,0.59,10
1314,2024-04-11,0.2333333333333333,1013.0333333333332,373.77272727272725,19.891666666666666,17.954166666666666,88.83333333333333,135.20833333333334,6.833333333333333,2.0250000000000004,17.8,21.9,,6.280833333333334,4.699166666666667,29.21625,0.2816666666666667,,6.17,3.38,21.64,0.24,,6.43,5.62,37.58,0.36,3
1315,2024-04-12,0.0416666666666666,1014.9375,356.1166666666666,19.654166666666665,17.662499999999998,88.16666666666667,126.75,7.9375,2.458333333333333,17.9,21.6,,6.274583333333332,4.790833333333333,30.45583333333333,0.3179166666666667,,6.03,3.48,26.23,0.23,,6.67,5.88,34.26,0.49,4
1316,2024-04-13,0.3916666666666666,1011.3041666666668,221.9083333333333,20.85833333333333,19.429166666666664,91.58333333333331,117.16666666666669,8.4125,2.2375000000000003,19.9,21.7,,6.38625,4.790833333333333,28.801666666666662,0.3529166666666666,,6.18,3.56,21.75,0.29,,7.36,6.33,34.7,0.41,4
1317,2024-04-14,0.2416666666666666,1007.8875,712.875,22.5875,20.275,87.125,106.66666666666669,7.9375,2.1916666666666664,20.2,26.1,,6.477916666666666,4.9075,28.68291666666667,0.3179166666666667,,6.1,3.29,22.0,0.21,,7.54,6.35,39.21,0.48,3
1318,2024-04-15,0.1666666666666666,1006.1458333333334,926.25,25.10833333333333,21.754166666666663,82.20833333333333,90.33333333333331,5.579166666666666,1.6458333333333333,23.0,29.6,,6.634583333333334,4.726666666666667,22.14875,0.4708333333333334,,6.09,3.8,14.31,0.31,,8.76,6.16,35.98,0.77,7
1319,2024-04-16,1.2916666666666667,1005.0541666666668,208.90714285714284,23.175,21.53333333333333,90.625,112.25,4.729166666666667,1.1583333333333334,21.5,24.1,,6.990416666666666,5.2316666666666665,14.84666666666667,0.5141666666666667,,6.19,3.92,10.22,0.32,,8.92,6.47,24.22,0.88,7
1320,2024-04-17,0.0,1009.0541666666668,1291.4384615384613,20.22083333333333,15.383333333333333,75.08333333333333,280.5416666666667,7.204166666666667,2.1750000000000003,17.8,22.5,,7.530416666666666,4.88625,26.136666666666667,0.41125,,6.46,4.05,11.2,0.3,,13.64,5.92,41.27,0.73,8
1321,2024-04-18,0.0,1011.9458333333332,1513.875,19.325,13.229166666666666,69.54166666666667,270.2083333333333,5.191666666666666,1.5625,14.4,25.1,,8.657916666666667,4.794583333333333,28.937916666666663,0.5104166666666666,,6.57,3.35,12.0,0.31,,14.92,5.85,51.29,1.03,2
1322,2024-04-19,0.0,1012.4625,1427.325,20.10833333333333,14.654166666666669,73.29166666666667,195.41666666666663,2.2304347826086954,0.8249999999999998,15.5,25.6,,11.048333333333332,4.574583333333334,34.60625,0.5745833333333333,,6.77,3.7,13.14,0.24,,27.35,6.26,80.26,1.05,4
1323,2024-04-20,0.0,1012.1833333333334,1508.55,21.041666666666668,14.520833333333334,69.20833333333333,184.58333333333331,3.3625000000000003,1.1666666666666667,15.5,27.6,,9.474583333333332,4.675833333333333,37.88291666666667,0.6604166666666668,,7.09,3.65,13.46,0.39,,15.22,6.15,83.64,1.36,5
1324,2024-04-21,0.0,1009.5041666666666,1479.675,21.054166666666667,15.420833333333334,72.5,199.45833333333331,3.1333333333333333,1.1,15.6,27.6,,9.687916666666666,4.825833333333334,35.23791666666667,0.5874999999999999,,6.57,3.17,15.99,0.18,,23.99,5.76,76.8,1.25,4
1325,2024-04-22,0.0,1007.5043478260868,480.4727272727272,20.495652173913044,17.243478260869566,81.8695652173913,92.43478260869566,2.5863636363636364,0.773913043478261,17.6,23.4,,9.759583333333332,4.872916666666668,29.42375,0.7425,,8.21,3.89,14.93,0.45,,12.87,5.99,58.41,1.5,10
1326,2024-04-23,0.0,1005.6608695652176,905.3454545454543,22.773913043478263,19.330434782608695,82.26086956521739,222.69565217391303,2.0545454545454547,0.7434782608695653,19.2,27.5,,15.643333333333333,4.7283333333333335,29.133333333333336,0.6045833333333334,,6.99,3.66,6.26,0.02,,133.6,5.7,51.37,1.09,9
1327,2024-04-24,0.3478260869565217,1009.4,716.1083333333335,21.58695652173913,17.517391304347825,78.91304347826087,192.69565217391303,4.1,1.108695652173913,18.8,24.2,,7.46625,4.766666666666667,19.614166666666662,0.4845833333333333,,6.67,3.75,2.08,0.3,,9.93,6.19,49.69,0.89,5
1328,2024-04-25,0.0083333333333333,1011.2625000000002,1431.1272727272726,19.40833333333333,13.870833333333332,71.20833333333333,111.0,5.020833333333333,1.508333333333333,16.7,24.0,,6.9175,5.048749999999999,27.84125,0.4841666666666667,,6.54,3.94,10.38,0.37,,8.48,6.28,49.86,0.71,10
1329,2024-04-26,0.0916666666666666,1006.3291666666668,324.93333333333334,20.92083333333333,18.8125,87.75,135.54166666666666,2.8541666666666665,0.8624999999999999,19.0,23.8,,8.394166666666665,5.155,15.190833333333332,0.7716666666666665,,6.75,3.3,12.27,0.44,,11.06,7.18,19.94,1.42,5
1330,2024-04-27,1.75,1001.3541666666666,185.18461538461537,23.666666666666668,20.8,84.41666666666667,163.20833333333334,5.1,1.3875,20.5,26.1,,7.819166666666667,4.644583333333333,27.41458333333333,0.6175,,6.61,3.79,15.35,0.25,,10.45,5.5,49.74,1.06,5
1331,2024-04-28,0.2416666666666666,1007.1791666666664,735.6916666666666,18.97083333333333,16.075,84.0,175.33333333333334,4.558333333333334,1.2041666666666666,16.9,21.1,,6.833333333333333,4.857083333333333,30.614166666666662,0.4633333333333334,,6.67,3.74,15.19,0.19,,7.44,6.91,43.02,0.65,3
1332,2024-04-29,1.6583333333333332,1005.6625,94.25,19.745833333333334,17.945833333333333,89.66666666666667,104.29166666666669,5.495833333333334,1.35,19.0,20.4,,7.34125,4.802499999999999,21.54,0.6325,,6.58,3.7,12.45,0.42,,9.65,6.14,33.27,1.02,7
1333,2024-04-30,4.541666666666667,1005.1291666666666,22.863636363636363,20.0625,19.4125,95.91666666666669,91.45833333333331,6.983333333333334,1.6291666666666664,19.2,20.7,,7.025000000000001,4.960833333333333,32.58375,0.4408333333333333,,6.62,3.95,17.53,0.3,,8.47,6.2,42.62,0.71,3
1334,2024-05-01,2.308333333333333,1003.6541666666668,71.09166666666667,19.791666666666668,19.09166666666667,95.625,168.91666666666666,5.591666666666668,1.4875,19.3,20.5,,7.179166666666666,4.911666666666666,31.97666666666667,0.5375,,6.23,3.89,23.24,0.35,,9.11,5.94,42.91,0.83,4
1335,2024-05-02,3.9333333333333336,999.9083333333334,98.21818181818183,19.5375,18.933333333333334,96.25,182.29166666666663,6.2125,1.4083333333333334,17.6,20.4,,7.277500000000001,5.124583333333333,30.7725,0.5575,,6.27,4.03,13.3,0.33,,9.88,6.46,49.19,1.08,2
1336,2024-05-03,0.1416666666666667,1007.6666666666666,324.57272727272726,17.133333333333333,16.104166666666668,93.83333333333331,138.875,5.9625,1.75,16.5,17.7,,6.792941176470587,4.978823529411764,36.95176470588235,0.4647058823529411,,6.46,3.8,27.55,0.36,,8.42,6.17,42.07,0.54,8
1337,2024-05-04,0.3916666666666666,1007.25,465.9090909090909,20.129166666666663,18.9875,93.375,161.33333333333334,3.0041666666666664,0.8708333333333332,18.1,22.6,,,,,,,,,,,,,,,,9
1338,2024-06-04,0.0,1020.1416666666668,860.2636363636365,12.5875,9.508333333333333,82.20833333333333,116.04166666666669,3.9500000000000006,1.2458333333333331,8.1,16.9,,4.52,9.35,21.29,2.49,,4.52,9.35,21.29,2.49,,4.52,9.35,21.29,2.49,5
1339,2024-06-05,0.0333333333333333,1014.9500000000002,881.1,15.929166666666664,12.85,82.91666666666667,125.08333333333331,3.216666666666667,0.9958333333333336,12.6,22.3,,4.556666666666667,8.88,19.035,2.6166666666666667,,4.27,7.7,13.36,0.46,,5.85,9.82,36.93,4.82,16
1340,2024-06-06,0.0,1012.7875,998.0818181818184,18.695833333333333,16.116666666666664,86.0,188.66666666666663,2.4666666666666663,0.8541666666666666,14.8,25.3,,8.896666666666667,8.582500000000001,19.705416666666665,1.8418181818181816,,4.5,7.26,15.64,0.78,,18.54,10.17,28.4,3.6,7
1341,2024-06-07,0.0,1013.9333333333334,1078.7,20.25,16.858333333333334,82.91666666666667,164.125,1.8125,0.6666666666666666,16.5,25.9,,10.206666666666669,8.795416666666666,21.484166666666667,,,7.94,7.55,18.08,,,14.21,10.29,28.19,,7
1342,2024-06-08,0.0,1013.8416666666666,924.7727272727273,20.120833333333334,16.945833333333333,83.75,108.45833333333331,1.8,0.6916666666666668,15.5,25.9,,9.360416666666667,8.75,23.933333333333334,,,8.13,7.44,21.5,,,13.23,9.94,31.86,,7
1343,2024-06-09,0.0,1007.5541666666664,1004.381818181818,21.704166666666666,16.5125,74.83333333333333,147.66666666666666,3.904166666666667,1.3958333333333333,16.2,28.7,,9.051666666666668,8.964166666666666,23.60916666666667,,,6.55,7.84,20.19,,,16.56,11.18,34.34,,7
1344,2024-06-10,0.0,1007.3333333333334,808.0,21.875,16.983333333333334,74.45833333333333,181.125,4.130434782608695,1.2000000000000002,19.5,25.6,,7.720416666666668,8.84125,21.4525,,,6.51,7.51,20.03,,,11.58,10.85,23.06,,5
1345,2024-06-11,0.0,1013.3791666666666,301.19090909090914,17.95,16.066666666666666,88.95833333333333,122.5,4.358333333333333,1.3583333333333334,16.4,20.1,,6.574583333333334,8.713333333333333,19.946250000000003,,,6.43,7.55,18.93,,,6.89,9.45,21.47,,6
1346,2024-06-12,0.0,1010.4375,966.7666666666664,21.33333333333333,17.170833333333334,80.08333333333333,206.41666666666663,2.625,0.9416666666666668,17.5,29.4,,8.615833333333333,9.022916666666667,23.16541666666667,,,6.44,7.45,20.69,,,17.09,10.54,33.76,,4
1347,2024-06-13,0.0,1006.4125,928.2636363636364,22.529166666666665,15.2,65.58333333333333,147.70833333333334,3.7708333333333335,1.3416666666666668,17.8,28.4,,7.258333333333333,8.884166666666667,22.115,,,6.29,7.61,20.33,,,8.65,10.17,24.33,,10
1348,2024-06-14,0.0,1004.3125,1017.1363636363636,24.77083333333333,14.391666666666666,54.16666666666666,145.58333333333334,4.637499999999999,1.6291666666666669,19.9,31.2,,8.198333333333332,8.857916666666666,24.3625,,,6.47,7.72,20.47,,,16.29,10.44,43.82,,4
1349,2024-06-15,0.3166666666666667,1008.1124999999998,125.65,21.625,16.333333333333332,74.20833333333333,164.91666666666666,4.5125,1.3208333333333335,17.7,25.5,,7.407083333333333,9.075416666666667,25.70333333333333,,,6.31,7.64,23.61,,,13.35,10.11,36.47,,11
1350,2024-06-16,1.575,1010.7083333333334,77.31818181818181,17.625,16.8875,95.5,113.375,6.429166666666667,1.879166666666667,17.5,17.8,,6.618333333333333,8.748333333333333,24.66541666666667,,,6.05,7.57,23.47,,,9.15,10.42,31.13,,4
1351,2024-06-17,0.0166666666666666,1006.4291666666668,307.8181818181818,17.97083333333333,16.925,93.54166666666669,183.0,3.4875000000000003,1.1291666666666669,17.4,19.2,,6.64875,8.75625,24.24208333333333,,,6.22,7.56,23.76,,,7.0,10.14,25.5,,5
1352,2024-06-18,0.0,1004.6791666666668,680.4818181818181,19.254166666666663,16.875,86.625,142.04166666666666,2.8375,0.9,17.1,22.2,,7.1433333333333335,8.67,25.2325,,,6.3,7.49,24.09,,,9.26,9.89,30.09,,6
1353,2024-06-19,2.933333333333333,1007.1208333333332,267.3363636363636,18.204166666666666,16.974999999999998,92.58333333333331,99.79166666666669,4.770833333333333,1.2791666666666666,17.5,19.0,,6.849999999999999,8.852916666666667,24.4125,,,6.03,7.83,23.51,,,8.82,9.82,28.19,,5
1354,2024-06-20,0.0,1012.0416666666666,270.1727272727273,18.254166666666663,16.912499999999998,92.0,156.08333333333334,3.1749999999999994,0.9583333333333334,17.7,19.6,,6.904166666666666,8.683333333333334,31.4575,,,6.51,7.78,23.88,,,7.67,10.51,47.22,,4
1355,2024-06-21,0.6749999999999999,1011.2458333333332,192.8090909090909,18.15,17.162499999999998,94.04166666666669,140.70833333333334,4.579166666666667,1.325,17.4,19.0,,7.0441666666666665,8.914166666666667,33.192083333333336,,,6.17,7.69,25.77,,,8.84,9.9,52.93,,6
1356,2024-06-22,0.0083333333333333,1004.7291666666666,1023.0363636363636,21.016666666666666,16.454166666666666,77.79166666666667,161.04166666666666,2.15,0.7000000000000001,16.2,29.1,,10.396666666666668,8.716666666666667,49.635,,,6.71,7.41,29.12,,,26.47,11.11,136.9,,4
1357,2024-06-23,0.5499999999999999,1001.3291666666668,613.2181818181817,21.6125,17.991666666666667,80.58333333333333,158.79166666666666,3.8791666666666655,1.0416666666666667,18.6,25.2,,7.53625,8.672916666666667,51.656666666666666,,,6.33,7.2,31.32,,,17.0,9.65,92.79,,5
1358,2024-06-24,0.0833333333333333,1011.15,290.66,14.579166666666666,12.341666666666669,86.54166666666667,162.375,4.85,1.1875,13.2,17.2,,6.609166666666667,8.697083333333333,47.68708333333333,,,6.11,7.59,37.79,,,7.23,11.55,58.3,,5
1359,2024-06-25,0.0,1018.1833333333334,804.1909090909091,12.516666666666666,7.879166666666666,74.20833333333333,137.08333333333334,4.3125,1.2875,10.6,14.6,,6.534166666666667,8.750833333333334,52.36750000000001,,,5.9,7.81,26.13,,,7.37,9.74,66.97,,6
1360,2024-06-26,0.5166666666666667,1011.0708333333332,328.05454545454546,12.291666666666666,11.204166666666666,93.16666666666669,194.0,5.1625,1.35,11.0,13.1,,6.71,8.746666666666668,36.28333333333334,,,6.11,7.43,19.59,,,8.21,10.78,55.73,,10
1361,2024-06-27,0.0083333333333333,1009.0750000000002,1086.1636363636362,12.35,8.075000000000001,76.625,280.0,6.2375,2.0083333333333333,10.1,16.3,,8.845,8.543750000000001,18.645416666666662,,,6.48,6.72,5.05,,,12.65,10.31,36.86,,6
1362,2024-06-28,0.0,1004.9583333333334,1032.1545454545455,13.458333333333334,9.816666666666666,79.79166666666667,201.29166666666663,4.575,1.5,9.7,18.2,,8.09375,8.805,16.8525,,,6.97,7.56,6.74,,,10.41,9.99,31.73,,5
1363,2024-06-29,0.0,1014.1375000000002,1152.9454545454544,10.2625,3.3083333333333336,62.958333333333336,265.0,8.625,2.658333333333333,8.1,13.0,,6.77,8.632083333333334,32.22416666666667,,,6.24,7.47,16.73,,,7.69,9.77,41.65,,5
1364,2024-06-30,0.0,1017.6875,1156.209090909091,7.837500000000001,0.6791666666666667,61.54166666666666,273.2083333333333,5.854166666666667,1.8541666666666667,4.9,11.5,,7.699999999999999,8.947083333333333,29.973333333333333,,,6.38,7.88,15.81,,,10.15,10.44,43.44,,2
1365,2024-07-01,0.0,1016.0499999999998,1154.4454545454546,8.450000000000001,2.6833333333333336,69.75,234.83333333333331,3.016666666666667,1.0375,4.0,14.8,,8.511666666666667,8.616249999999999,24.04458333333333,,,6.8,7.34,9.19,,,12.8,10.04,48.69,,7
1366,2024-07-02,0.0,1013.2416666666668,1145.6454545454544,12.120833333333332,6.1375,71.20833333333333,171.54166666666666,1.6291666666666669,0.5791666666666667,6.0,22.3,,10.122083333333334,8.863750000000001,33.81791666666667,,,7.13,7.73,17.31,,,17.12,10.31,68.97,,7
1367,2024-07-03,0.0,1008.65,484.4153846153847,15.104166666666666,10.145833333333334,73.16666666666667,206.04166666666663,2.204166666666666,0.7375000000000002,11.7,19.4,,6.427499999999999,8.835416666666667,30.994166666666672,,,0.655,7.95,14.24,,,16.59,10.5,80.79,,6
1368,2024-07-04,0.0083333333333333,1010.7541666666666,165.45999999999998,12.65,8.929166666666667,78.45833333333333,133.20833333333334,4.920833333333333,1.4041666666666668,11.8,14.1,,3.946875,9.019166666666669,23.32958333333333,,,0.655,7.58,10.83,,,7.59,10.31,31.55,,8
1369,2024-07-05,0.4666666666666666,1015.975,75.68333333333334,10.954166666666666,9.691666666666668,91.95833333333331,166.83333333333334,3.4625000000000004,0.9333333333333332,9.5,12.0,,7.206666666666666,8.582083333333335,16.452083333333334,,,6.55,7.39,7.74,,,8.06,9.52,26.23,,4
1370,2024-07-06,0.0083333333333333,1020.7875,1142.2272727272727,8.491666666666667,4.029166666666666,74.75,115.25,3.4125,1.0708333333333335,3.5,12.5,,7.377916666666667,8.5,20.9375,,,6.26,7.41,4.97,,,9.32,9.53,37.64,,5
1371,2024-07-07,0.0166666666666666,1017.6791666666668,325.71818181818185,10.479166666666666,8.1875,85.79166666666667,139.125,4.679166666666667,1.1333333333333335,8.9,11.8,,7.466666666666666,8.692916666666667,28.266666666666666,,,6.32,7.35,19.75,,,19.2,10.17,41.33,,4
1372,2024-07-08,0.0,1019.3166666666666,520.6999999999999,9.625,5.716666666666666,76.75,168.70833333333334,4.9750000000000005,1.1791666666666667,8.4,10.9,,6.575,8.473333333333334,26.002916666666668,,,6.08,7.48,16.3,,,7.75,9.48,33.46,,7
1373,2024-07-09,0.025,1019.0541666666668,555.3363636363637,7.720833333333334,2.95,72.08333333333333,158.0,4.1125,1.0166666666666666,6.6,9.5,,6.68875,8.59875,24.715833333333336,,,6.17,7.57,17.15,,,7.92,9.72,32.74,,4
1374,2024-07-10,0.95,1013.65,228.3090909090909,8.6625,7.991666666666667,95.41666666666669,217.41666666666663,2.825,0.9208333333333334,8.0,9.8,,7.141499999999999,8.7295,18.5645,,,6.2,7.07,11.89,,,8.18,10.79,24.82,,5
1375,2024-07-11,0.0083333333333333,1015.9666666666666,255.22727272727272,10.041666666666666,8.691666666666668,91.45833333333331,262.9166666666667,2.2333333333333334,0.7166666666666668,9.1,11.6,,7.62125,8.594583333333334,21.63083333333333,,,6.7,7.1,11.88,,,8.06,10.0,38.47,,6
1376,2024-07-12,0.0083333333333333,1024.3875,714.5545454545455,10.408333333333331,7.308333333333334,81.45833333333333,210.91666666666663,4.491666666666666,1.1958333333333333,8.7,12.4,,6.891249999999999,8.531666666666666,39.16875,,,6.24,7.56,24.17,,,7.95,9.9,47.35,,6
1377,2024-07-13,0.0333333333333333,1024.7791666666667,173.03636363636363,10.670833333333333,8.929166666666665,88.83333333333333,172.66666666666666,4.191666666666666,1.0041666666666669,9.4,12.7,,7.705416666666667,8.751666666666667,39.06333333333333,,,6.4,7.43,28.58,,,16.57,9.61,44.48,,5
1378,2024-07-14,0.45,1020.5166666666664,331.37272727272733,13.604166666666666,12.475,93.0,129.83333333333334,6.358333333333334,1.7124999999999997,12.9,14.5,,7.222083333333334,8.794583333333334,49.7475,,,6.63,7.7,41.42,,,7.9,9.94,58.39,,2
1379,2024-07-15,0.0083333333333333,1023.2999999999998,679.9363636363636,14.533333333333331,11.6375,83.70833333333333,131.83333333333334,5.075,1.6291666666666664,12.7,17.2,,7.36375,8.676666666666668,41.302083333333336,,,6.73,6.79,22.97,,,9.99,9.85,55.64,,5
1380,2024-07-16,0.075,1021.1875,434.7818181818182,15.5875,13.608333333333334,88.125,114.91666666666669,5.912499999999999,1.7541666666666669,14.2,17.6,,7.507916666666667,8.82875,32.390833333333326,,,6.28,7.9,18.34,,,8.34,10.94,49.52,,6
1381,2024-07-17,0.0,1017.6833333333334,754.9545454545455,15.925,13.529166666666669,85.95833333333333,191.33333333333331,4.029166666666667,1.2791666666666668,13.4,18.0,,8.02125,8.739166666666668,23.02958333333333,,,7.32,7.38,17.42,,,9.75,9.86,34.0,,8
1382,2024-07-18,0.0,1016.9,1127.236363636364,15.2625,12.679166666666667,85.41666666666667,144.20833333333334,2.645833333333333,0.8541666666666666,12.4,19.7,,8.17625,8.542499999999999,20.97083333333333,,,7.56,7.4,10.96,,,9.52,10.22,31.52,,4
1383,2024-07-19,0.0,1017.625,1209.090909090909,15.879166666666668,12.191666666666668,81.41666666666667,200.125,2.5000000000000004,0.7833333333333335,10.7,25.0,,9.372083333333334,8.533043478260868,20.27083333333333,,,7.84,7.06,2.93,,,12.82,10.21,45.43,,4
1384,2024-07-20,0.0,1019.6458333333334,466.09090909090907,14.8625,12.933333333333332,88.375,126.66666666666669,3.9791666666666665,1.0625,13.3,17.6,,8.209166666666667,8.127083333333333,32.64833333333333,,,7.67,6.45,23.43,,,12.99,9.54,41.28,,2
1385,2024-07-21,0.0,1015.025,1065.7272727272727,16.466666666666665,13.116666666666664,81.79166666666667,136.875,3.075,0.975,13.3,21.7,,8.873750000000001,8.287083333333333,27.00625,,,7.94,6.69,16.74,,,10.69,9.38,42.55,,1
1386,2024-07-22,0.0,1015.9583333333334,1123.6545454545455,17.4875,14.708333333333334,84.875,186.08333333333331,2.125,0.7999999999999999,13.8,23.3,,9.48125,8.198749999999999,26.26625,,,8.02,6.92,14.83,,,12.56,10.16,56.98,,2
1387,2024-07-23,0.0083333333333333,1016.7416666666668,1127.9454545454546,18.8625,14.716666666666669,80.0,126.08333333333331,2.0708333333333333,0.7166666666666668,13.4,27.7,,8.60125,8.606666666666667,28.230833333333333,,,8.03,7.52,11.35,,,9.76,9.89,83.06,,9
1388,2024-07-24,0.0,1015.25,1185.6818181818182,21.04583333333333,13.254166666666668,64.75,147.29166666666666,3.470833333333333,1.2666666666666666,15.0,28.4,,14.293750000000005,8.397916666666667,22.61875,,,5.47,6.92,15.89,,,90.09,10.07,38.28,,8
1389,2024-07-25,0.0,1011.375,827.9272727272727,19.479166666666668,13.783333333333331,70.25,154.75,3.2875,1.0375,16.2,24.3,,5.944583333333334,8.171666666666667,22.89583333333333,,,5.36,6.72,20.63,,,7.16,9.22,28.29,,9
1390,2024-07-26,0.0,1012.2833333333332,987.9454545454548,17.900000000000002,14.329166666666666,80.41666666666667,111.95833333333331,4.354166666666667,1.4625,15.6,21.7,,5.667916666666667,7.8675,23.29208333333333,,,5.5,6.33,20.62,,,6.11,9.58,26.25,,8
1391,2024-07-27,0.025,1011.8333333333334,571.7727272727273,16.854166666666668,15.279166666666669,90.58333333333331,161.83333333333334,2.6750000000000003,0.8208333333333334,15.3,19.3,,6.02375,8.18125,22.047500000000003,,,5.33,7.31,19.96,,,7.41,9.42,25.85,,3
1392,2024-07-28,0.1999999999999999,1014.2625000000002,166.76363636363638,15.449999999999998,14.629166666666668,94.875,140.5,4.470833333333334,1.2333333333333334,14.6,17.1,,5.520833333333333,8.1075,21.53833333333333,,,5.29,6.58,19.63,,,8.53,9.34,23.71,,4
1393,2024-07-29,0.7833333333333333,1019.4875,294.1727272727273,12.1875,10.333333333333334,88.70833333333333,170.04166666666666,6.629166666666666,1.6208333333333336,10.7,14.2,,5.7475,8.352083333333333,23.32041666666667,,,5.25,7.39,21.78,,,6.17,9.27,25.01,,4
1394,2024-07-30,0.0,1022.5416666666666,1291.2272727272727,12.699999999999998,8.354166666666666,76.45833333333333,116.70833333333331,5.758333333333333,1.7749999999999997,9.2,17.4,,6.039583333333333,8.08875,22.692916666666665,,,5.98,6.5,19.54,,,6.11,9.74,25.23,,7
1395,2024-07-31,0.0,1017.1666666666666,1285.1181818181817,16.349999999999998,10.266666666666666,68.70833333333333,88.08333333333333,3.170833333333333,1.1125,11.8,22.4,,6.176666666666667,7.992608695652175,21.31875,,,6.0,6.87,19.24,,,6.64,9.36,24.34,,6
1396,2024-08-01,0.0,1013.3583333333332,1173.0454545454545,18.791666666666668,13.141666666666667,72.0,101.25,2.6291666666666664,0.9166666666666666,12.6,26.3,,6.97125,8.034583333333332,22.672916666666666,,,5.87,6.55,19.6,,,11.54,10.41,27.28,,7
1397,2024-08-02,0.0,1010.0875,1235.990909090909,20.829166666666666,15.329166666666667,73.5,81.20833333333333,2.5458333333333334,0.9250000000000002,14.7,29.1,,8.854166666666666,8.014583333333334,25.49125,,,6.62,7.01,23.29,,,13.24,9.27,31.7,,5
1398,2024-08-03,0.0,1006.1916666666666,952.6,23.71666666666667,14.120833333333332,57.16666666666666,127.16666666666669,3.9125,1.3083333333333331,17.7,30.7,,6.985625,8.040416666666667,26.979166666666668,,,5.75,7.25,23.96,,,10.1,8.88,29.24,,8
1399,2024-08-04,0.3833333333333333,1012.4708333333334,55.284615384615385,17.520833333333332,15.1,87.66666666666667,155.83333333333334,5.304166666666666,1.3166666666666669,15.0,26.2,,7.158333333333334,8.001666666666667,25.851250000000004,,,6.55,6.9,23.62,,,9.18,9.27,29.45,,6
1400,2024-08-05,0.0666666666666666,1012.4708333333332,811.1333333333333,18.2125,16.833333333333332,91.95833333333331,125.58333333333331,3.758333333333333,1.1541666666666666,16.3,22.0,,6.758333333333333,8.100833333333334,24.60625,,,6.53,7.01,22.7,,,7.25,8.92,27.27,,10
1401,2024-08-06,0.3666666666666667,1009.7833333333334,175.21818181818182,18.84583333333333,17.6,92.625,110.75,4.520833333333333,1.3083333333333331,17.8,20.3,,7.006249999999999,8.122916666666667,23.668750000000003,,,6.54,7.26,23.01,,,8.76,9.18,24.75,,9
1402,2024-08-07,0.1916666666666666,1006.5083333333332,100.3090909090909,17.695833333333336,15.7875,88.70833333333333,236.16666666666663,4.725,1.2625,16.1,20.0,,7.774166666666666,8.360833333333334,24.0925,,,6.52,7.05,23.12,,,10.63,9.71,26.29,,8
1403,2024-08-08,0.0999999999999999,1008.8166666666666,269.94545454545454,14.0375,12.520833333333334,90.66666666666669,202.54166666666663,3.4291666666666667,0.9625,12.6,15.9,,6.687083333333334,8.107083333333334,24.175833333333333,,,6.5,6.88,23.09,,,7.31,9.24,26.09,,4
1404,2024-08-09,0.0,1014.775,680.1,10.770833333333334,5.808333333333334,71.79166666666667,285.875,8.295833333333333,2.466666666666667,9.3,11.9,,6.984166666666667,7.955833333333333,24.79125,,,6.47,6.27,23.19,,,12.56,9.41,25.94,,8
1405,2024-08-10,0.0,1015.8916666666668,642.5545454545455,11.120833333333332,7.054166666666667,76.75,278.3333333333333,6.875,2.0541666666666667,9.8,12.8,,6.758333333333333,8.04875,25.255416666666672,,,6.47,6.92,23.64,,,8.37,10.04,26.72,,5
1406,2024-08-11,0.0,1012.1416666666668,1391.890909090909,12.050000000000002,6.366666666666667,70.66666666666667,293.1666666666667,5.75,1.804166666666667,7.8,17.4,,7.794583333333333,8.1175,25.524166666666662,,,6.47,7.0,23.35,,,14.22,9.18,28.74,,3
1407,2024-08-12,0.0,1015.525,1375.381818181818,11.25,2.5958333333333337,56.583333333333336,250.54166666666663,6.916666666666667,2.2,7.8,13.9,,6.676666666666667,8.06,25.927916666666665,,,6.41,6.89,23.48,,,7.44,9.31,27.79,,5
1408,2024-08-13,0.0,1020.0333333333334,1417.5181818181818,9.366666666666667,3.8458333333333337,71.66666666666667,189.20833333333331,2.3041666666666667,0.7541666666666665,4.9,15.3,,7.577916666666667,7.979166666666667,24.954166666666666,,,6.5,6.64,22.74,,,8.99,9.92,29.18,,9
1409,2024-08-14,0.0,1015.625,1434.2454545454543,12.883333333333333,6.016666666666666,68.54166666666667,162.29166666666666,2.4,0.8250000000000001,5.6,21.4,,8.907916666666667,8.030000000000001,25.969583333333333,,,6.68,6.28,22.8,,,16.55,9.23,32.59,,7
1410,2024-08-15,0.0,1011.9166666666666,1288.581818181818,15.366666666666667,8.995833333333334,69.625,155.41666666666666,2.125,0.7833333333333333,7.9,24.6,,8.66391304347826,8.017826086956523,27.875217391304343,,,7.57,6.73,23.88,,,11.61,9.14,36.83,,2
1411,2024-08-16,0.0,1009.8041666666668,1095.1363636363635,16.395833333333332,12.704166666666666,80.16666666666667,106.25,2.6041666666666665,0.8916666666666666,12.2,23.3,,8.215,8.4665,28.0895,,,7.42,6.71,25.81,,,8.93,10.0,32.05,,4
1412,2024-08-17,0.0,1010.9208333333332,330.3272727272728,15.741666666666667,14.25,91.125,136.25,5.683333333333334,1.5083333333333335,13.2,18.8,,7.564545454545455,8.665454545454544,28.377272727272725,,,6.95,7.44,26.6,,,11.64,9.74,29.48,,3
1413,2024-08-18,0.0,1008.8625,947.0727272727272,19.3375,16.633333333333333,85.125,113.70833333333331,3.516666666666667,1.1458333333333333,16.4,24.3,,7.452083333333333,8.66625,26.91791666666667,,,7.1,7.54,24.47,,,8.18,9.54,30.83,,3
1414,2024-08-19,0.1249999999999999,1007.9666666666666,717.5181818181818,18.70833333333333,16.84583333333333,89.20833333333333,110.625,4.5375000000000005,1.2166666666666668,16.5,22.9,,7.34875,8.988333333333333,25.60875,,,7.17,7.88,23.93,,,7.72,10.49,27.62,,7
1415,2024-08-20,0.2083333333333333,1014.6458333333334,237.7363636363636,16.366666666666664,15.283333333333331,93.375,136.58333333333334,6.3875,1.9416666666666669,15.4,17.4,,6.647916666666667,8.832916666666668,26.137083333333337,,,6.51,7.66,23.53,,,6.94,10.07,28.18,,4
1416,2024-08-21,0.0083333333333333,1008.3291666666664,1315.990909090909,20.7,16.59166666666667,78.58333333333333,114.875,5.925,1.6541666666666666,16.2,27.4,,7.267083333333335,8.93,26.45125,,,6.52,7.69,23.39,,,9.56,10.29,30.29,,7
1417,2024-08-22,0.1083333333333333,1005.3,662.1,19.15416666666667,16.195833333333333,83.5,174.45833333333334,5.591666666666666,1.5375000000000003,16.6,21.9,,7.724166666666666,8.851666666666667,26.550416666666667,,,6.75,7.35,23.94,,,14.83,10.48,29.34,,7
1418,2024-08-23,0.325,1010.5791666666668,203.06363636363636,13.25,11.866666666666664,91.33333333333331,208.58333333333331,4.129166666666666,1.1375,11.6,16.4,,6.863333333333334,8.644166666666665,24.7,,,6.53,7.38,23.43,,,8.13,9.96,27.5,,4
1419,2024-08-24,0.0,1017.1791666666668,1164.409090909091,11.1625,6.366666666666667,73.125,181.66666666666663,4.304166666666666,1.0791666666666666,9.7,12.7,,6.743333333333333,8.708333333333334,25.90833333333333,,,6.49,7.74,23.99,,,7.85,9.89,27.8,,5
1420,2024-08-25,0.0,1020.7666666666664,1203.2,10.491666666666667,4.641666666666667,68.75,250.79166666666663,6.349999999999999,2.15,7.8,13.4,,6.8116666666666665,8.75125,25.89916666666667,,,6.47,7.52,23.11,,,7.64,10.39,27.92,,2
1421,2024-08-26,0.0,1021.1458333333334,1400.0076923076922,10.6375,5.129166666666666,69.54166666666667,267.0,5.429166666666667,1.7583333333333335,6.4,14.9,13.821739130434782,7.447083333333334,8.905,24.932916666666667,,4.13,6.51,7.73,22.82,,57.26,11.02,10.4,27.25,,1
1422,2024-08-27,0.0,1021.075,1417.4916666666668,11.925,8.358333333333333,80.20833333333333,184.08333333333331,2.6958333333333333,0.9833333333333334,7.3,17.6,32.88708333333333,7.798749999999999,9.22,25.332083333333333,,1.54,6.53,8.17,22.75,,66.52,12.14,10.33,31.51,,7
1423,2024-08-28,0.0,1019.9083333333334,1075.875,13.833333333333334,10.658333333333331,82.45833333333333,120.45833333333331,5.283333333333333,1.6,10.3,20.0,11.24375,6.772083333333334,9.084583333333333,25.898750000000003,,2.56,6.48,7.43,23.35,,38.33,7.5,10.51,28.68,,4
1424,2024-08-29,0.0,1015.6541666666668,512.9666666666667,16.525000000000002,12.449999999999998,77.75,179.41666666666666,3.0,0.9416666666666668,13.9,21.4,40.70666666666667,7.740416666666666,9.350833333333334,24.08791666666667,,8.67,6.61,8.15,22.86,,84.79,9.16,10.29,25.45,,9
1425,2024-08-30,0.0,1015.3791666666668,931.2,17.0125,14.199999999999998,83.875,136.0,4.733333333333333,1.3791666666666669,14.4,20.7,20.00625,7.177499999999999,9.380416666666669,25.285416666666663,,7.39,6.67,8.23,22.63,,49.25,7.69,11.06,28.13,,9
1426,2024-08-31,0.0,1011.3083333333332,897.6333333333333,19.7375,16.0,79.625,112.625,7.7375,2.275,17.0,24.1,24.76375,7.806249999999999,9.103333333333332,27.379166666666663,,5.05,6.9,7.77,24.73,,55.59,18.2,10.77,30.22,,7
1427,2024-09-01,0.0333333333333333,1009.9291666666668,987.8,16.854166666666668,12.3,75.25,260.0,8.658333333333333,2.7916666666666665,14.3,19.5,12.618333333333332,6.865833333333332,9.27,25.6775,,3.59,6.52,8.23,24.42,,49.95,7.68,10.36,27.11,,4
1428,2024-09-02,0.0,1010.9791666666666,1001.5076923076924,14.9625,10.329166666666667,74.29166666666667,261.0416666666667,5.5125,1.7583333333333335,13.0,18.2,12.125416666666666,7.160416666666666,9.349583333333332,25.419166666666666,,5.91,6.72,7.9,23.2,,41.02,9.08,10.96,27.88,,6
1429,2024-09-03,0.0,1007.6791666666668,1194.5538461538465,15.808333333333332,12.275,81.25,173.0,4.2375,1.3125,11.5,23.0,18.249583333333334,7.674166666666667,9.025,25.93041666666667,,4.3,6.78,7.44,22.71,,37.61,9.74,10.27,35.05,,9
1430,2024-09-04,0.6583333333333333,1011.7291666666666,679.0833333333333,14.933333333333335,12.725,87.125,125.20833333333331,6.491666666666666,1.8625,12.8,19.1,14.51875,6.908333333333334,9.188333333333333,25.538750000000004,,4.42,6.5,7.4,23.19,,31.13,7.62,10.45,27.94,,4
1431,2024-09-05,0.4833333333333333,1016.9166666666666,1458.3615384615382,13.916666666666666,9.604166666666666,77.875,189.25,4.95,1.3625,11.7,17.9,8.282608695652174,6.863043478260869,9.154782608695651,26.877826086956524,,4.35,6.52,7.61,23.14,,20.41,7.7,10.63,28.81,,2
1432,2024-09-06,0.0,1012.8125,1678.6923076923076,14.375,8.595833333333333,70.58333333333333,104.0,4.1875,1.2916666666666667,9.4,20.9,20.88173913043478,7.113913043478261,9.025217391304349,24.76,,4.14,6.51,7.73,22.48,,56.5,8.31,9.83,29.29,,4
1433,2024-09-07,0.0,1008.0125,722.4833333333335,16.741666666666667,13.191666666666668,80.66666666666667,129.41666666666666,2.3000000000000003,0.7791666666666667,12.1,24.2,42.07458333333333,8.387500000000001,8.850416666666666,24.73208333333333,,2.6,6.94,7.46,22.86,,92.31,19.49,10.33,27.0,,4
1434,2024-09-08,0.0,1011.3916666666664,544.8833333333333,16.704166666666666,14.9375,89.54166666666667,128.875,3.866666666666666,1.15,14.7,18.6,24.83708333333333,7.438333333333333,9.35125,25.937916666666663,,6.58,6.82,7.74,23.65,,55.46,8.63,10.55,28.13,,8
1435,2024-09-09,0.0,1009.8416666666666,709.7076923076924,20.7375,17.666666666666668,83.20833333333333,115.04166666666669,7.858333333333333,2.145833333333333,17.5,23.9,25.93166666666667,7.695416666666667,9.32875,27.232916666666664,,1.75,6.81,8.2,23.04,,46.92,8.33,10.44,30.61,,5
1436,2024-09-10,0.0,1003.6666666666666,978.8692307692309,22.649999999999995,18.116666666666664,76.41666666666667,171.875,3.483333333333333,1.0625,18.8,28.5,55.72583333333333,8.173333333333334,9.205,26.695833333333336,,27.18,7.6,7.99,23.68,,91.27,9.07,10.2,31.88,,7
1437,2024-09-11,0.0,1002.5083333333332,727.3692307692307,21.25,16.7375,77.75,140.29166666666666,4.4375,1.2958333333333332,17.5,29.1,57.044500000000006,8.398333333333333,8.721666666666666,26.879166666666663,,35.15,7.2,7.24,23.8,,84.89,10.14,10.34,31.87,,6
1438,2024-09-12,0.0833333333333333,1008.9958333333332,130.27692307692308,17.1,15.791666666666666,92.08333333333331,128.125,6.004166666666666,1.6041666666666667,16.7,17.8,16.609583333333333,7.07,8.545833333333333,25.93083333333333,,4.67,6.76,6.55,25.08,,30.31,7.63,10.09,26.83,,7
1439,2024-09-13,1.0666666666666669,1005.2833333333332,329.1333333333334,18.39583333333333,16.895833333333332,90.95833333333331,143.83333333333334,3.5416666666666665,0.975,17.2,20.5,27.89375,7.505416666666666,8.134583333333333,23.97958333333333,,6.86,6.77,7.26,22.73,,46.47,8.38,9.21,25.17,,2
1440,2024-09-14,0.0416666666666666,1010.1875,623.9058823529413,17.925,15.6875,87.16666666666667,212.66666666666663,5.833333333333333,1.6041666666666667,16.1,19.3,15.24875,7.137083333333333,8.47,25.604166666666668,,4.12,6.74,6.62,24.08,,30.29,8.34,9.42,26.97,,4
1441,2024-09-15,0.0,1018.125,854.4230769230769,14.829166666666666,11.054166666666664,79.04166666666667,108.58333333333331,4.266666666666667,1.3875,11.0,18.8,21.155,6.9558333333333335,8.386666666666667,25.02875,,8.61,6.71,7.18,22.34,,38.14,7.9,9.76,27.69,,9
1442,2024-09-16,0.0,1018.0041666666666,928.0076923076924,17.420833333333334,13.741666666666664,79.66666666666667,120.58333333333331,4.758333333333333,1.4791666666666667,15.2,21.0,14.638333333333334,6.788333333333334,8.092083333333333,25.3125,,4.08,6.66,7.18,22.35,,28.13,7.14,9.32,27.76,,8
1443,2024-09-17,0.0,1016.9708333333332,1675.1999999999998,17.833333333333332,13.254166666666668,77.20833333333333,114.91666666666669,4.533333333333333,1.4458333333333335,13.8,24.3,14.002083333333331,6.962083333333333,8.510833333333332,25.815,,2.0,6.67,7.61,22.64,,35.33,7.59,9.58,29.14,,12
1444,2024-09-18,0.0,1012.5583333333334,1612.5538461538465,19.6375,12.858333333333333,67.04166666666667,107.54166666666669,5.116666666666666,1.5291666666666668,15.2,25.0,18.56041666666667,6.97125,8.597916666666666,26.199166666666667,,2.85,6.73,7.21,22.87,,50.87,7.57,10.15,30.57,,7
1445,2024-09-19,0.0,1006.5,1389.9615384615386,20.883333333333336,15.204166666666666,71.75,83.375,3.520833333333333,1.1083333333333334,15.2,26.9,34.708000000000006,7.494,8.628499999999999,25.14,,5.08,6.79,7.45,23.23,,82.0,8.45,9.53,29.29,,6
1446,2024-09-20,1.3583333333333334,1004.6666666666666,529.8000000000001,20.7375,17.179166666666667,80.91666666666667,150.54166666666666,7.875,2.125,18.7,23.7,27.217272727272725,7.866818181818181,8.551363636363638,26.950000000000003,1.9725,4.98,6.86,7.06,23.95,0.1,57.64,10.97,9.92,29.78,9.61,6
1447,2024-09-21,0.025,1009.2875,1009.4615384615385,20.7,17.849999999999998,84.66666666666667,170.33333333333334,3.4500000000000006,0.9875000000000002,17.9,24.7,8.864583333333334,7.44875,8.577083333333334,27.31625,0.2604166666666667,3.97,6.94,7.22,23.95,0.02,34.77,8.67,10.17,29.58,0.96,5
1448,2024-09-22,0.0,1005.0875,1580.646153846154,22.375,18.02916666666667,78.54166666666667,95.0,4.3625,1.2875,17.1,31.3,6.884583333333333,7.801666666666667,8.057916666666666,27.461250000000003,0.6470833333333333,0.5,7.03,6.3,25.26,0.37,29.03,12.17,9.57,32.32,0.96,4
1449,2024-09-23,0.0,1004.725,346.9923076923077,22.72083333333333,18.854166666666668,79.0,122.83333333333331,6.533333333333334,1.8041666666666665,20.8,24.2,31.992380952380955,8.267272727272728,7.521363636363636,28.28590909090909,0.69375,1.02,7.55,5.39,24.75,0.62,63.6,9.3,9.59,31.31,0.78,4
1450,2024-09-24,1.2916666666666667,1005.875,329.9875,20.979166666666668,18.275,84.83333333333333,108.41666666666669,10.920833333333334,3.0375,19.6,23.6,,,,,,,,,,,,,,,,5
1451,2024-10-23,0.0083333333333333,1005.9666666666666,1359.107142857143,23.7375,19.441666666666663,77.70833333333333,110.5,6.212500000000001,1.8791666666666669,20.2,27.5,22.564444444444444,7.948333333333333,8.055833333333332,26.721666666666664,,1.68,7.76,6.91,24.07,,53.22,8.17,9.4,29.87,,6
1452,2024-10-24,0.2583333333333333,994.3041666666668,730.9285714285714,23.875,20.46666666666667,82.25,203.5,5.8875,1.9666666666666668,22.1,29.8,21.94875,8.10125,8.010416666666666,25.936666666666667,,9.45,7.68,6.2,23.82,,52.97,8.76,9.83,29.53,,8
1453,2024-10-25,0.0499999999999999,997.4125,1370.8285714285714,22.070833333333336,16.59166666666667,72.20833333333333,280.2916666666667,8.816666666666668,2.6833333333333336,19.3,25.1,7.016249999999999,8.150416666666667,8.823749999999999,25.66541666666667,,0.5,7.43,7.83,23.99,,24.9,18.61,9.73,27.19,,4
1454,2024-10-26,0.0166666666666666,1008.5833333333334,1913.7214285714283,18.79583333333333,11.304166666666664,63.125,242.08333333333331,7.466666666666666,2.2833333333333337,14.6,22.2,12.73875,8.020833333333334,8.891666666666667,25.777916666666663,,2.63,7.61,8.16,23.23,,43.5,9.15,9.94,27.09,,4
1455,2024-10-27,0.0,1015.1,2041.9857142857145,18.525,8.454166666666666,56.54166666666666,127.0,4.183333333333334,1.2375,12.2,24.7,16.474583333333335,7.81,8.9125,24.76708333333333,,5.72,7.61,7.51,22.19,,39.09,8.2,9.89,26.99,,3
1456,2024-10-28,0.0,1012.025,1973.4785714285715,20.775,13.895833333333334,66.66666666666667,122.33333333333331,4.691666666666666,1.4041666666666668,14.3,27.4,20.824583333333333,7.901666666666666,8.9525,25.22791666666667,,4.02,7.61,7.46,21.83,,46.52,8.51,9.95,29.25,,8
1457,2024-10-29,0.0,1010.3833333333332,1561.5928571428572,22.412500000000005,18.1625,78.33333333333333,160.83333333333334,4.8875,1.5208333333333333,18.9,27.9,27.655833333333334,8.102916666666667,9.101666666666668,25.915000000000003,,10.4,7.68,8.03,21.93,,48.7,8.48,10.21,33.83,,6
1458,2024-10-30,0.0,1010.1666666666666,1713.292857142857,23.4875,18.92083333333333,76.375,117.04166666666669,8.525,2.408333333333333,20.7,27.3,16.580833333333334,7.71875,8.74,25.126666666666665,,2.22,7.29,7.64,22.62,,38.01,8.26,9.91,27.57,,3
1459,2024-10-31,0.0,1008.1416666666664,2020.75,24.133333333333336,18.041666666666668,70.5,111.79166666666669,7.045833333333333,1.9166666666666667,19.7,29.8,21.409166666666664,7.830416666666667,8.927916666666667,25.40125,,4.47,7.42,7.31,22.65,,60.25,8.57,10.07,28.46,,3
1460,2024-11-01,0.0,1006.4541666666668,1833.1214285714284,24.541666666666668,17.066666666666666,65.16666666666667,91.625,4.566666666666666,1.3541666666666667,19.8,30.5,27.59583333333333,7.864999999999999,8.891666666666666,25.087083333333336,,1.96,7.33,7.31,22.27,,63.31,8.53,10.14,29.51,,1
1461,2024-11-02,0.0,1005.8208333333332,744.4499999999999,24.975000000000005,19.10833333333333,71.0,150.45833333333334,3.1958333333333333,0.9791666666666666,21.2,29.5,26.86208333333333,8.274166666666668,8.727500000000001,25.321250000000003,,2.95,7.6,7.09,22.32,,65.36,14.18,10.33,28.74,,2
1462,2024-11-03,0.0249999999999999,1007.675,1426.1928571428573,25.84166666666667,20.704166666666666,74.58333333333333,105.58333333333331,3.795833333333333,1.2041666666666666,22.5,30.0,31.850833333333338,8.034166666666666,9.096521739130434,25.5725,,0.5,7.53,7.38,22.54,,81.21,8.8,10.48,29.55,,1
1463,2024-11-04,0.0,1006.275,1275.55,25.0875,20.15833333333333,74.91666666666667,98.54166666666669,6.3625,1.9458333333333333,21.9,29.4,16.615416666666665,7.73875,8.885,24.787916666666664,,2.41,7.52,7.28,23.12,,33.23,8.04,10.18,27.44,,4
1464,2024-11-05,0.0,1007.575,1257.1214285714286,25.308333333333337,21.004166666666663,77.5,145.04166666666666,4.895833333333333,1.2958333333333334,22.6,28.6,16.363333333333333,7.829583333333332,8.787916666666666,25.058750000000003,,2.88,7.5,7.43,22.13,,28.88,8.09,10.11,29.76,,8
1465,2024-11-06,0.0166666666666666,1007.35,809.907142857143,23.51666666666667,20.7875,85.20833333333333,134.16666666666666,6.508333333333333,1.7833333333333332,21.1,27.2,12.723333333333334,7.779583333333334,8.834583333333333,25.144166666666667,,4.47,7.52,7.64,23.45,,26.18,8.46,10.27,27.65,,4
1466,2024-11-07,0.6083333333333333,1002.4333333333334,808.092857142857,23.72083333333333,20.95,85.0,172.41666666666666,4.658333333333334,1.225,21.8,27.2,15.678333333333333,7.884583333333334,9.040416666666667,24.442916666666665,,0.5,7.58,7.7,22.27,,26.27,8.26,10.69,30.69,,8
1467,2024-11-08,0.3166666666666667,1006.375,1230.9785714285713,20.22083333333333,16.208333333333332,79.29166666666667,145.29166666666666,7.941666666666666,2.0708333333333333,18.4,23.0,11.082916666666668,7.833333333333333,9.003333333333334,25.40375,,2.82,7.58,7.83,22.43,,36.57,9.25,10.8,27.08,,1
1468,2024-11-09,0.0416666666666666,1009.4416666666666,1564.8357142857144,19.90833333333333,14.041666666666666,71.08333333333333,133.29166666666666,4.4125000000000005,1.2625,16.9,24.1,18.05125,7.978750000000001,8.841666666666667,24.756666666666664,,5.17,7.61,7.84,22.12,,37.0,8.4,9.87,27.02,,2
1469,2024-11-10,0.0,1007.475,2086.578571428571,21.35833333333333,14.041666666666666,64.375,103.70833333333331,4.741666666666667,1.5708333333333335,15.2,28.3,17.622083333333332,8.105416666666665,9.101666666666668,25.94083333333333,,6.68,7.58,7.73,22.62,,41.06,8.88,10.29,29.12,,0
1470,2024-11-11,0.0,1001.7125,2014.2785714285717,23.508333333333336,17.179166666666667,70.125,178.375,5.733333333333333,1.7958333333333334,18.4,32.5,23.687083333333334,8.48625,8.777916666666668,26.304166666666664,,1.3,7.74,7.2,22.84,,47.48,13.55,11.16,31.29,,2
1471,2024-11-12,0.1666666666666666,1006.3833333333332,1636.0,18.504166666666663,11.533333333333331,66.33333333333333,226.375,6.837500000000001,2.145833333333333,16.2,20.9,8.42,7.87875,9.130416666666669,25.93541666666667,,3.11,7.61,7.4,24.53,,26.91,8.2,10.45,27.63,,3
1472,2024-11-13,0.0,1008.1125,2101.678571428572,19.65833333333333,10.504166666666668,58.79166666666666,188.0,3.7000000000000006,1.0666666666666669,14.0,25.2,17.515652173913043,6.3812500000000005,10.06125,27.017916666666665,,1.01,4.05,7.9,22.73,,45.29,13.04,12.19,32.95,,1
1473,2024-11-14,0.0,1008.9166666666666,2129.714285714286,21.9375,9.991666666666667,48.91666666666666,168.0,4.408333333333334,1.4791666666666667,15.8,28.0,25.425416666666667,4.465833333333333,10.558333333333332,29.413333333333338,,4.58,3.94,8.23,25.46,,44.58,5.44,11.97,33.27,,1
1474,2024-11-15,0.0,1008.2291666666666,1953.95,23.15833333333333,14.820833333333336,60.708333333333336,105.66666666666669,5.358333333333334,1.6791666666666665,18.1,29.2,23.8125,5.0129166666666665,8.54125,29.28125,,12.83,4.78,7.39,25.54,,42.12,5.24,9.78,32.87,,2
1475,2024-11-16,0.0,1006.85,2097.0214285714287,25.666666666666668,18.23333333333333,66.25,133.79166666666666,4.620833333333334,1.4291666666666665,20.3,33.3,19.793333333333333,5.039166666666667,8.4025,28.96083333333333,,3.26,4.81,7.01,25.76,,54.4,5.23,10.11,33.06,,2
1476,2024-11-17,0.0,1004.9875,1960.071428571429,27.879166666666663,19.48333333333333,64.33333333333333,163.0,4.2125,1.320833333333333,22.0,36.0,20.000833333333333,5.5754166666666665,7.933333333333334,29.214166666666667,,0.5,5.07,6.04,25.23,,58.71,6.48,10.34,34.32,,3
1477,2024-11-18,0.125,1006.1458333333334,975.9142857142856,24.8,20.883333333333336,79.58333333333333,175.25,5.775000000000001,1.6083333333333332,23.1,27.8,22.64333333333333,5.766666666666667,7.627916666666667,29.95375,,12.13,5.04,5.64,27.8,,48.34,8.46,10.59,32.07,,4
1478,2024-11-19,0.0416666666666666,1010.0291666666666,618.9714285714286,20.7125,17.791666666666668,83.75,128.95833333333334,6.849999999999999,1.7833333333333332,19.4,22.3,14.435833333333337,5.166250000000001,9.1125,28.21375,,2.74,4.9,7.78,27.26,,26.61,6.43,10.62,29.92,,6
1479,2024-11-20,1.5583333333333336,1010.9791666666666,776.9,17.166666666666668,15.508333333333336,90.25,116.83333333333331,9.291666666666666,2.7458333333333336,15.8,19.1,8.278333333333334,5.0225,9.602916666666664,28.935,,0.5,4.87,8.07,27.75,,27.66,5.66,10.93,29.73,,4
1480,2024-11-21,0.0083333333333333,1012.4583333333334,1404.821428571429,19.916666666666668,16.154166666666665,79.66666666666667,113.41666666666669,9.683333333333332,2.829166666666667,16.8,23.6,5.74375,5.0320833333333335,8.960416666666667,29.555000000000003,,0.5,4.87,7.42,28.2,,24.05,5.35,9.91,30.56,,5
1481,2024-11-22,0.0249999999999999,1011.7875,631.1533333333333,19.9625,16.679166666666664,81.41666666666667,110.5,8.3375,2.525,18.5,21.4,12.567916666666669,5.093333333333333,8.838333333333333,27.84041666666667,,3.88,4.92,7.6,26.76,,29.67,5.2,9.72,28.59,,5
1482,2024-11-23,0.0083333333333333,1011.5125000000002,1635.2133333333334,21.55,16.4375,73.58333333333333,114.08333333333331,7.912499999999999,2.3416666666666663,18.5,25.5,7.109166666666667,5.08875,8.803749999999999,28.680416666666662,,0.5,4.85,7.26,27.18,,26.45,5.36,10.23,30.22,,1
1483,2024-11-24,0.0,1010.1166666666668,1938.3733333333328,23.4375,16.945833333333336,68.75,109.04166666666669,6.241666666666667,1.8666666666666665,18.3,29.0,17.074444444444445,5.1275,8.785416666666668,27.97625,,0.5,4.99,7.57,25.21,,31.43,5.45,10.55,31.16,,3
1484,2024-11-25,0.0,1007.1083333333332,1389.1357142857144,24.641666666666666,17.099999999999998,64.45833333333333,184.375,4.433333333333333,1.3791666666666669,19.7,29.9,25.59875,5.687916666666666,8.571666666666667,29.368749999999995,,5.82,5.08,7.31,24.98,,60.37,8.53,9.53,35.96,,1
1485,2024-11-26,0.0083333333333333,1004.4833333333332,726.0600000000001,26.241666666666664,20.5,71.33333333333333,160.125,3.179166666666667,0.9166666666666666,22.3,29.3,33.992916666666666,5.534583333333333,8.714166666666666,29.827916666666663,,6.99,5.07,7.73,25.95,,86.3,6.02,10.1,36.61,,4
1486,2024-11-27,0.0,1001.4208333333332,1358.571428571429,28.274999999999995,21.991666666666664,70.58333333333333,244.95833333333331,2.7458333333333336,0.9625,24.6,33.0,42.85826086956522,5.705217391304347,8.259565217391303,31.497826086956525,,0.5,5.44,7.08,26.83,,92.33,6.35,9.09,40.2,,3
1487,2024-11-28,0.0666666666666666,1002.1833333333334,1206.35,24.9625,21.0875,79.875,205.95833333333331,5.079166666666667,1.4166666666666667,22.4,27.5,35.83470588235294,5.550833333333332,8.884166666666667,28.205,,2.54,5.35,7.48,25.7,,78.97,5.74,10.37,30.62,,1
1488,2024-11-29,0.0,1004.8458333333334,1176.86,24.041666666666668,19.85833333333333,78.125,120.875,6.058333333333334,1.7833333333333332,21.4,27.9,21.139375,5.474166666666666,8.902916666666668,27.721666666666668,,3.68,5.27,7.7,25.57,,33.05,5.77,10.31,30.4,,6
1489,2024-11-30,0.0,1007.6166666666668,1666.6733333333332,23.75,18.075000000000003,72.5,131.75,5.595833333333334,1.6833333333333336,20.3,27.5,15.722083333333336,5.476666666666667,8.78625,27.522916666666664,,0.5,5.26,7.46,25.06,,35.8,5.9,10.52,29.2,,2
1490,2024-12-01,0.0,1002.0,1990.235714285714,25.7,19.133333333333333,69.29166666666667,98.75,5.770833333333333,1.7125,19.2,33.9,11.256363636363638,5.738333333333333,8.183749999999998,28.402083333333326,,0.5,5.33,6.53,25.24,,35.77,8.15,10.51,31.56,,1
1491,2024-12-02,2.0500000000000003,999.1541666666666,966.045,23.758333333333336,18.42083333333333,73.875,234.375,6.920833333333333,1.9,21.6,31.7,20.88181818181818,5.95,7.384166666666668,28.977500000000003,,4.71,5.23,5.63,26.7,,42.39,6.86,9.95,30.74,,0
1492,2024-12-03,0.0,1006.3083333333334,1583.9666666666667,20.90833333333333,14.170833333333334,67.33333333333333,148.33333333333334,4.604166666666667,1.3875,16.9,24.4,22.87833333333333,5.525416666666668,9.05625,27.551666666666662,,8.46,5.34,7.93,24.4,,38.5,5.77,10.07,30.99,,2
1493,2024-12-04,0.0,1010.225,1985.8733333333332,20.5,11.895833333333334,59.04166666666666,114.875,5.829166666666668,1.8,16.5,24.5,18.655,5.555416666666666,9.427083333333334,27.55916666666667,,5.53,5.36,8.32,25.38,,40.22,5.88,10.86,29.34,,4
1494,2024-12-05,0.0,1005.6124999999998,2028.8,23.29583333333333,16.266666666666666,66.375,165.95833333333334,4.05,1.320833333333333,16.7,30.4,24.7025,5.7508333333333335,8.608333333333333,28.64625,,7.13,5.37,7.52,24.76,,39.59,6.3,9.94,37.2,,3
1495,2024-12-06,0.8916666666666667,999.5875,1086.8,25.07916666666667,19.17083333333333,71.0,187.91666666666663,5.716666666666666,1.6541666666666668,21.6,32.1,36.04166666666666,6.375,8.78,27.116666666666664,,5.21,5.59,6.64,25.07,,59.5,12.18,10.38,30.05,,0
1496,2024-12-07,0.0916666666666666,1004.0458333333332,897.0866666666666,21.9875,17.579166666666666,76.83333333333333,169.75,5.308333333333334,1.3458333333333332,20.8,24.2,11.8975,5.597916666666666,9.10375,28.02,,4.21,5.49,7.29,25.84,,29.53,5.83,9.86,30.35,,1
1497,2024-12-08,0.0,1010.5125,1483.32,19.6375,11.85,61.5,148.41666666666666,6.0625,1.6208333333333331,17.8,21.3,11.51125,5.385000000000001,8.676250000000001,27.357916666666668,,7.02,5.24,7.62,26.81,,20.56,5.65,9.75,27.98,,2
1498,2024-12-09,0.0,1009.875,682.2,18.5375,13.929166666666667,74.66666666666667,115.83333333333331,6.8125,2.204166666666667,17.0,20.1,12.22125,5.448333333333333,8.869583333333333,26.890833333333333,,4.31,5.28,7.75,26.3,,22.32,5.58,9.86,27.54,,2
1499,2024-12-10,0.025,1008.2916666666666,830.92,20.0875,17.28333333333333,84.25,119.125,6.041666666666667,1.8083333333333331,18.0,22.2,7.4941666666666675,5.472916666666666,9.03375,26.669166666666666,,1.18,5.34,8.07,25.71,,15.0,5.93,9.97,27.52,,3
1500,2024-12-11,0.0,1009.0458333333332,1984.7866666666664,22.041666666666668,16.520833333333332,72.5,113.54166666666669,6.7375,2.145833333333333,17.7,26.2,8.192916666666667,5.541250000000001,8.894166666666667,27.25,,2.28,5.31,6.98,25.08,,26.1,5.99,10.06,28.75,,3
1501,2024-12-12,0.0,1007.025,2082.52,23.65416666666667,16.995833333333334,68.04166666666667,112.45833333333331,5.891666666666666,1.8208333333333333,18.7,29.7,19.464583333333334,5.644583333333334,8.562083333333332,27.55208333333333,,7.78,5.5,6.93,25.06,,44.09,5.98,9.73,31.05,,4
1502,2024-12-13,0.3416666666666666,1003.1083333333336,1459.9785714285715,24.620833333333326,18.825,71.95833333333333,104.25,5.220833333333333,1.3958333333333333,20.9,30.6,21.339166666666667,5.677083333333333,8.877916666666666,28.145,,4.04,5.5,7.91,25.28,,45.07,7.06,9.85,31.91,,4
1503,2024-12-14,1.8416666666666668,998.5833333333334,1086.74,22.7625,20.2625,86.625,140.75,5.379166666666666,1.5375,20.3,26.4,22.775,5.7387500000000005,8.776666666666666,27.770416666666662,,0.5,5.49,7.12,26.18,,90.27,6.2,10.11,31.63,,2
1504,2024-12-15,0.2749999999999999,996.7999999999998,1131.04,21.054166666666667,17.35,80.08333333333333,272.0833333333333,8.879166666666668,2.6375,18.1,23.1,10.527083333333334,5.78125,8.816666666666668,27.1825,,0.5,5.51,7.08,25.27,,49.84,6.17,9.99,28.76,,2
1505,2024-12-16,1.1333333333333335,1003.3666666666668,1020.0529411764708,20.6375,17.84166666666667,84.95833333333333,215.16666666666663,7.0875,1.9333333333333331,18.2,23.9,7.50388888888889,5.600416666666668,8.900833333333333,26.477083333333336,,0.5,5.4,7.31,25.03,,20.28,5.89,10.67,27.56,,1
1506,2024-12-17,0.0499999999999999,1011.0583333333334,1986.8266666666668,21.366666666666664,16.704166666666666,76.45833333333333,198.75,4.325,1.2041666666666668,17.4,25.4,16.677083333333332,5.864583333333333,8.762916666666667,26.25583333333334,,5.68,5.59,6.88,24.41,,34.57,6.66,10.5,28.65,,1
1507,2024-12-18,0.0,1009.875,2048.36,22.5875,17.020833333333332,72.20833333333333,112.91666666666669,5.787499999999999,1.7291666666666667,17.8,27.5,13.299166666666665,5.729583333333333,8.785,26.96166666666667,,2.72,5.54,8.01,24.47,,43.05,5.92,9.7,29.25,,1
1508,2024-12-19,0.4333333333333333,1004.4666666666668,1123.5933333333337,24.204166666666666,18.65833333333333,72.95833333333333,168.625,4.133333333333334,1.15,20.0,30.6,18.530909090909088,6.012083333333334,8.723333333333334,27.68875,,0.5,5.55,7.28,24.77,,43.34,7.38,10.34,31.45,,1
1509,2024-12-20,0.8583333333333334,1000.9208333333332,1770.84,23.475000000000005,19.9875,82.54166666666667,247.33333333333331,4.6875,1.525,20.4,29.5,11.011666666666663,5.871666666666667,8.506666666666666,28.36375,,1.49,5.55,7.73,25.61,,28.19,6.51,9.71,30.87,,0
1510,2024-12-21,0.0083333333333333,1006.55,1469.8466666666666,23.204166666666666,18.3625,75.54166666666667,130.29166666666666,5.754166666666667,1.6333333333333335,21.0,25.8,31.70625,5.694583333333333,8.592916666666667,27.45583333333333,,15.93,5.41,7.36,25.44,,49.31,6.18,9.66,28.73,,0
1511,2024-12-22,1.0166666666666666,1011.4166666666666,1035.1533333333334,19.495833333333334,15.3125,77.875,132.25,6.65,1.9833333333333327,16.2,22.0,13.27875,5.646666666666667,8.762916666666667,27.295,,3.61,5.48,7.21,26.01,,35.14,5.84,10.41,28.1,,2
1512,2024-12-23,0.0,1011.8708333333334,2010.0357142857144,20.51666666666667,13.7875,66.79166666666667,110.33333333333331,5.8375,1.8125,15.2,25.5,10.457916666666666,5.765833333333333,8.670833333333334,26.605833333333333,,0.5,5.31,7.68,24.47,,26.69,7.58,10.5,28.57,,2
1513,2024-12-24,0.0,1006.9208333333332,1911.493333333333,23.6125,16.766666666666666,67.25,150.83333333333334,4.9,1.5083333333333335,18.3,31.1,17.799166666666665,5.950833333333333,8.417083333333332,27.930416666666662,,5.97,5.54,7.12,25.11,,57.58,7.57,9.48,33.4,,3
1514,2024-12-25,1.0,1003.4833333333332,1232.16,22.46666666666667,18.904166666666665,81.16666666666667,159.04166666666666,4.175,1.0791666666666668,21.2,24.6,21.146666666666665,5.967083333333334,8.6,27.343333333333334,,2.74,5.67,7.29,25.76,,72.34,7.29,9.74,29.48,,2
1515,2024-12-26,0.0,1003.9,1878.9538461538464,22.475,14.758333333333333,65.0,219.29166666666663,5.345833333333334,1.7333333333333334,17.9,27.4,9.741666666666667,5.886666666666667,8.571250000000001,27.49458333333334,,3.58,5.3,7.5,25.36,,28.55,7.51,9.56,29.62,,0
1516,2024-12-27,0.0,1004.6041666666666,2007.7000000000005,23.57083333333333,15.15,60.583333333333336,268.25,4.9625,1.5458333333333334,18.6,28.7,16.464583333333334,5.866250000000001,8.66625,28.0,,2.73,5.5,7.2,25.65,,34.56,7.62,10.05,29.85,,2
1517,2024-12-28,0.0,1008.2166666666666,1759.6,23.316666666666663,17.608333333333334,71.375,136.79166666666666,4.816666666666666,1.2333333333333334,19.2,26.7,15.8,5.74375,8.586666666666666,27.660416666666663,,4.57,5.52,7.5,25.1,,37.36,6.0,9.57,29.9,,0
1518,2024-12-29,0.0,1009.5583333333332,1560.5533333333333,22.600000000000005,17.620833333333334,74.33333333333333,129.08333333333334,4.733333333333333,1.3666666666666665,19.5,25.5,10.477916666666667,5.756666666666668,8.1275,26.91,,3.31,5.53,7.26,25.33,,28.18,6.23,9.3,28.08,,0
1519,2024-12-30,0.0,1007.6,1787.84,23.23333333333333,18.104166666666668,73.83333333333333,124.08333333333331,7.054166666666667,2.025,19.4,26.7,7.344166666666666,5.759999999999999,8.5425,26.960416666666664,,1.82,5.55,7.45,25.04,,26.01,6.76,9.53,28.59,,0
1520,2024-12-31,0.8416666666666667,1005.9,1648.246666666667,24.404166666666665,19.59583333333333,75.58333333333333,114.66666666666669,6.491666666666667,1.9458333333333333,20.7,28.5,11.58625,6.056250000000001,8.25375,28.34583333333333,,4.49,5.62,7.28,25.72,,51.64,8.65,9.27,32.42,,0
