data,pm10,so2,no2,o3,co,pm10_min,so2_min,no2_min,o3_min,co_min,pm10_max,so2_max,no2_max,o3_max,co_max
2020-01-01,25.880416666666672,11.683333333333332,3.6036363636363635,,,6.0,4.83,0.47,,,78.7,19.3,9.1,,
2020-01-02,13.910416666666665,4.479583333333333,0.47,,,6.0,4.12,0.47,,,34.4,5.18,0.47,,
2020-01-03,16.97952380952381,5.090000000000001,,,,6.0,4.39,,,,34.29,6.41,,,
2020-01-04,17.307916666666667,4.931666666666667,,,,6.0,4.45,,,,38.49,6.59,,,
2020-01-05,14.810833333333335,8.312916666666666,1.72,,,6.0,5.21,0.47,,,38.23,25.39,3.34,,
2020-01-06,19.73541666666667,15.813333333333334,5.505217391304348,,,6.0,6.34,2.76,,,46.16,112.9,11.24,,
2020-01-07,23.759583333333335,9.040000000000001,5.122916666666666,,,6.0,5.14,2.31,,,47.45,22.0,11.24,,
2020-01-08,27.78,6.13,3.51,,,27.78,6.13,3.51,,,27.78,6.13,3.51,,
2020-01-09,31.55260869565217,13.64391304347826,5.666956521739131,24.46941176470588,,13.65,5.5,1.89,0.98,,71.91,104.1,12.3,86.64,
2020-01-10,28.525882352941178,24.17529411764706,7.631176470588237,39.40176470588235,,6.0,7.56,3.76,10.21,,51.54,54.0,13.14,66.71,
2020-01-11,11.743478260869566,6.467826086956522,2.4808695652173913,37.03130434782609,,6.0,5.03,0.97,19.82,,31.85,8.75,4.85,54.68,
2020-01-12,15.27375,6.708749999999999,2.6323809523809523,35.81125,,6.0,4.96,0.47,15.3,,34.63,10.72,10.85,58.3,
2020-01-13,30.449583333333333,7.28375,4.5424999999999995,29.635416666666668,,12.57,4.85,0.47,0.98,,52.81,11.2,11.55,63.09,
2020-01-14,29.181249999999995,6.767916666666667,3.956666666666667,38.91833333333333,,13.24,5.3,2.14,0.98,,62.07,9.8,7.15,114.9,
2020-01-15,35.09458333333333,15.979166666666664,6.9941666666666675,31.3425,,20.05,8.5,4.3,0.98,,50.69,51.58,13.42,64.5,
2020-01-16,16.586666666666666,8.818333333333333,3.8275,27.155416666666667,,6.0,5.31,0.95,12.82,,41.35,15.61,10.61,35.33,
2020-01-17,25.203333333333333,8.489166666666668,4.23125,25.626250000000002,,13.22,5.24,1.29,0.98,,45.47,18.86,15.83,47.89,
2020-01-18,28.884545454545457,8.666818181818183,4.177272727272728,31.95863636363636,,13.55,5.54,1.43,2.08,,64.9,26.74,7.65,64.85,
2020-01-19,,,,,,,,,,,,,,,
2020-02-02,21.76391304347826,8.235217391304346,1.771818181818182,30.97347826086957,,6.0,6.23,0.47,5.25,,37.55,10.44,2.81,56.23,
2020-02-03,18.959999999999997,7.21125,2.4004166666666666,33.15083333333334,,6.0,5.98,1.22,20.54,,37.59,9.19,4.64,54.47,
2020-02-04,25.949444444444445,22.142083333333332,2.8362499999999997,25.39,,6.0,3.09,0.47,9.45,,49.56,323.1,11.0,48.77,
2020-02-05,23.48333333333333,4.30875,2.3016666666666667,25.459166666666672,,6.0,2.9,0.47,10.81,,56.41,5.87,5.31,43.24,
2020-02-06,26.2825,5.523333333333333,3.390833333333333,30.442916666666665,,6.0,3.47,1.26,7.15,,49.31,18.05,6.63,76.28,
2020-02-07,24.63166666666667,4.851249999999999,3.3974999999999995,29.274166666666662,,6.0,3.53,1.3,13.84,,50.53,7.02,7.16,56.13,
2020-02-08,24.995416666666667,11.620416666666666,4.345,30.211249999999996,,6.0,4.57,1.8,0.98,,55.69,32.9,8.19,78.76,
2020-02-09,12.397499999999999,5.998333333333332,2.1304166666666666,24.917916666666667,,6.0,3.96,0.47,10.73,,31.81,12.15,8.51,36.85,
2020-02-10,16.9025,6.188333333333333,4.377083333333332,24.265833333333337,,6.0,2.89,1.08,0.98,,34.5,17.09,16.8,45.61,
2020-02-11,16.771666666666665,4.947916666666667,2.7937499999999993,21.151666666666667,,6.0,2.92,0.47,0.98,,27.82,9.51,6.04,41.76,
2020-02-12,15.959166666666667,5.11,3.262916666666667,25.037916666666664,,6.0,3.45,0.47,2.71,,36.68,9.39,7.01,47.66,
2020-02-13,24.449583333333333,5.33625,4.100416666666667,27.422083333333333,,6.0,3.02,2.21,0.98,,46.44,13.49,6.81,60.33,
2020-02-14,36.70944444444444,16.22888888888889,7.190000000000001,25.662777777777777,,17.61,6.41,4.39,0.98,,73.15,66.08,12.96,57.31,
2020-02-15,46.05391304347826,12.76869565217391,7.097272727272727,55.712173913043486,,22.78,5.36,2.92,8.39,,97.14,35.19,16.96,112.0,
2020-02-16,81.02,13.07,10.35,31.45,,81.02,13.07,10.35,31.45,,81.02,13.07,10.35,31.45,
2020-02-18,23.433478260869567,11.074782608695653,7.501739130434783,21.405652173913044,,6.0,6.0,3.38,0.98,,38.93,21.12,14.76,51.54,
2020-02-19,6.0,10.64,8.79,15.04,,6.0,10.64,8.79,15.04,,6.0,10.64,8.79,15.04,
2020-02-20,25.173125,9.665000000000001,5.955,36.219375,,6.0,4.57,1.67,0.98,,45.53,21.19,12.42,91.74,
2020-02-21,,,,,,,,,,,,,,,
2020-02-22,20.97826086956522,4.466086956521739,2.864347826086956,31.982608695652175,,6.0,3.63,0.47,12.52,,32.46,6.86,9.81,49.18,
2020-02-23,19.0725,5.791666666666667,2.0954166666666665,27.035,,6.0,3.88,0.47,2.25,,31.65,8.63,5.28,43.41,
2020-02-24,22.437083333333334,8.168333333333333,4.126666666666667,34.70666666666667,,6.0,5.05,2.45,0.98,,37.04,20.92,7.24,83.59,
2020-02-25,22.165833333333335,12.305,4.722083333333333,31.512083333333333,,13.29,5.78,1.87,0.98,,32.63,30.25,11.58,83.58,
2020-02-26,15.2725,5.597499999999999,3.700416666666667,25.35083333333333,,6.0,3.98,0.47,0.98,,44.65,12.21,11.11,34.71,
2020-02-27,26.95875,12.774166666666666,6.310416666666666,22.859583333333333,,6.0,5.03,2.52,0.98,,40.47,41.51,12.5,67.72,
2020-02-28,45.88,8.76,4.7,16.79,,45.88,8.76,4.7,16.79,,45.88,8.76,4.7,16.79,
2020-06-30,9.283043478260868,,,25.950869565217396,,6.0,,,9.99,,20.05,,,42.53,
2020-07-01,7.833749999999999,8.224347826086957,7.1705,31.722916666666666,,6.0,3.71,2.78,8.61,,15.08,45.1,18.95,43.96,
2020-07-02,11.968333333333334,5.69,8.461666666666666,27.0575,,6.0,0.65,2.25,0.98,,52.51,26.96,19.87,45.59,
2020-07-03,41.658125,24.2,10.352500000000001,15.365217391304347,,21.88,24.2,5.65,0.98,,86.23,24.2,18.0,46.5,
2020-07-04,52.12800000000001,20.454782608695652,9.614166666666668,17.608333333333334,,30.79,7.99,3.38,0.98,,77.07,40.31,20.4,61.04,
2020-07-05,59.41470588235294,32.30583333333333,12.942608695652174,4.5562499999999995,,35.12,18.15,5.83,0.98,,98.92,51.16,20.22,17.47,
2020-07-06,18.534583333333334,8.861666666666666,4.13,25.710416666666664,,6.0,4.94,4.13,15.55,,33.42,16.02,4.13,36.39,
2020-07-07,8.451666666666666,3.369166666666666,,39.4,,6.0,2.09,,39.4,,21.3,5.77,,39.4,
2020-07-08,6.0,9.581739130434784,6.6194999999999995,,,6.0,0.65,0.47,,,6.0,72.01,20.61,,
2020-07-09,13.77375,8.660833333333334,5.6890909090909085,34.598260869565216,,6.0,1.34,0.47,0.98,,71.5,42.57,20.95,51.46,
2020-07-10,45.96153846153846,28.126666666666665,9.682272727272727,12.29458333333333,,6.0,6.54,3.38,0.98,,85.81,81.08,25.52,45.07,
2020-07-11,40.91545454545454,22.019166666666667,12.436842105263159,8.068750000000001,,6.0,13.38,3.99,0.98,,87.01,42.4,18.17,20.73,
2020-07-12,17.935,8.605833333333333,,19.241249999999997,,6.0,4.41,,7.99,,41.23,17.44,,27.25,
2020-07-13,22.136666666666667,15.876666666666665,,17.539166666666667,,6.0,4.31,,0.98,,43.59,35.85,,52.28,
2020-07-14,20.479583333333334,12.332916666666668,10.114285714285714,25.277083333333337,,6.0,3.94,1.9,0.98,,81.52,54.31,19.49,47.92,
2020-07-15,62.34357142857142,23.426666666666666,12.890476190476189,17.92833333333333,,14.97,7.82,5.59,0.98,,100.0,42.37,23.68,62.94,
2020-07-16,37.3535,21.18375,15.549999999999997,4.594166666666666,,14.33,9.14,3.23,0.98,,62.61,43.05,26.97,16.92,
2020-07-17,40.129999999999995,21.49791666666667,14.75,8.184166666666666,,12.35,9.11,9.14,0.98,,74.39,33.45,24.38,36.14,
2020-07-18,48.233999999999995,29.835416666666664,13.772,16.992916666666666,,24.02,13.15,4.83,0.98,,97.46,77.68,39.08,61.44,
2020-07-19,50.65714285714286,25.249583333333334,,33.415,,16.85,12.08,,0.98,,100.0,61.4,,68.76,
2020-07-20,58.4625,26.905833333333334,18.609444444444446,21.762083333333333,,6.0,12.81,8.35,0.98,,97.2,43.66,34.97,70.82,
2020-07-21,88.27,34.23625,17.678,19.028750000000002,,88.27,14.72,4.86,0.98,,88.27,76.82,38.28,72.25,
2020-07-22,56.532666666666664,37.236250000000005,21.33421052631579,18.209166666666665,,6.0,14.62,5.54,0.98,,99.96,60.62,47.0,72.71,
2020-07-23,42.3535,18.308260869565217,,38.52571428571428,,6.0,0.65,,0.98,,81.48,52.3,,71.69,
2020-07-24,38.51166666666666,3.1374999999999997,,41.085,,14.07,0.65,,0.98,,75.08,37.08,,68.18,
2020-07-25,10.871666666666668,0.65,,29.56958333333333,,6.0,0.65,,7.54,,38.58,0.65,,41.9,
2020-07-26,18.941666666666666,,17.862727272727273,22.86583333333333,,6.0,,17.59,0.98,,49.31,,18.07,43.29,
2020-07-27,37.9925,4.479285714285714,20.795,5.721666666666667,,12.78,0.65,17.39,0.98,,59.56,7.93,32.6,38.16,
2020-07-28,16.521666666666665,5.279583333333333,20.16333333333333,11.790833333333333,,6.0,4.59,11.95,0.98,,49.59,5.9,36.91,22.42,
2020-07-29,16.374583333333334,5.242083333333333,23.784347826086954,12.11,,6.0,4.51,14.25,0.98,,64.87,6.44,39.01,29.61,
2020-07-30,20.81375,4.67875,19.408333333333335,13.965416666666668,,6.0,4.45,13.6,0.98,,57.04,5.78,30.04,38.67,
2020-07-31,21.261666666666667,4.651666666666666,23.787916666666664,14.673749999999998,,6.0,3.94,12.52,0.98,,49.37,5.61,41.97,52.26,
2020-08-01,22.833333333333332,5.500416666666666,23.625416666666666,28.792916666666667,,6.0,4.47,14.91,0.98,,80.22,7.8,38.43,62.63,
2020-08-02,33.99583333333334,5.297499999999999,25.58666666666667,21.544166666666666,,14.22,4.1,10.11,0.98,,65.76,9.58,48.38,89.8,
2020-08-03,49.17249999999999,14.26,32.14869565217391,23.19,,26.12,4.31,9.31,0.98,,86.52,102.3,51.3,96.94,
2020-08-04,50.23708333333334,10.4325,35.14791666666667,27.730833333333333,,20.39,4.54,10.81,0.98,,90.48,56.8,66.85,115.6,
2020-08-05,47.86,4.335833333333333,30.682608695652174,22.728333333333335,,47.86,3.83,13.43,0.98,,47.86,5.41,65.11,70.89,
2020-08-06,33.7975,12.308750000000002,32.6925,22.72791666666667,,20.97,3.79,11.36,0.98,,73.74,108.3,70.84,91.47,
2020-08-07,39.2278947368421,4.014583333333333,26.609583333333333,32.541666666666664,,19.93,3.46,19.46,0.98,,85.68,6.41,35.53,86.6,
2020-08-08,13.34315789473684,3.7937500000000006,20.09958333333333,35.96083333333333,,6.0,3.13,14.52,20.27,,28.6,5.69,34.13,61.9,
2020-08-09,26.00470588235294,18.621666666666666,27.267083333333332,41.062083333333334,,6.0,2.87,13.58,0.98,,47.69,87.35,43.91,124.5,
2020-08-10,28.1495,22.927083333333332,33.770833333333336,22.452916666666663,,6.0,4.12,12.72,0.98,,53.66,186.7,66.94,69.87,
2020-08-11,20.65458333333333,3.3033333333333332,22.230416666666667,31.310000000000002,,6.0,2.5,12.86,0.98,,59.75,6.37,42.57,45.16,
2020-08-12,7.367083333333333,2.5191666666666666,22.652500000000003,26.953333333333333,,6.0,2.1,11.34,0.98,,19.74,3.39,39.17,46.64,
2020-08-13,7.31,5.164166666666667,29.747500000000002,5.9375,,6.0,2.49,19.74,0.98,,17.97,15.94,40.4,19.86,
2020-08-14,7.497391304347826,2.54,21.007083333333334,24.89833333333333,,6.0,2.28,13.45,0.98,,18.21,2.82,35.43,51.21,
2020-08-15,10.189583333333333,13.950000000000001,23.628333333333334,36.01291666666666,,6.0,2.31,12.71,9.8,,35.75,150.9,38.1,64.2,
2020-08-16,12.977916666666667,2.5095833333333335,18.2375,33.971250000000005,,6.0,2.04,13.42,2.52,,30.99,3.48,29.14,59.83,
2020-08-17,15.833333333333334,7.585416666666667,25.420416666666664,26.888333333333335,,6.0,1.84,9.61,0.98,,35.72,50.5,51.74,75.53,
2020-08-18,20.485,2.641666666666667,25.628749999999997,20.020416666666666,,6.0,2.18,12.37,0.98,,75.62,3.37,45.9,59.75,
2020-08-19,9.138499999999999,2.1612500000000003,20.020416666666666,36.987500000000004,,6.0,1.81,15.19,10.92,,26.21,2.74,40.86,58.37,
2020-08-20,9.710909090909091,2.075416666666667,21.935416666666665,27.584999999999997,,6.0,1.74,13.13,0.98,,35.66,2.99,42.5,44.72,
2020-08-21,17.165,2.62875,25.540833333333335,17.893749999999997,,6.0,1.56,15.79,0.98,,43.24,6.46,42.4,51.29,
2020-08-22,23.200416666666666,7.826666666666665,29.840833333333332,29.81958333333333,,6.0,1.57,17.75,0.98,,41.69,60.14,61.53,69.07,
2020-08-23,19.4025,3.0437499999999997,21.730416666666667,29.73625,,6.0,1.54,14.39,0.98,,34.47,12.88,43.67,55.31,
2020-08-24,9.9285,1.8379166666666666,21.34958333333333,26.653333333333332,,6.0,1.43,14.02,0.98,,22.44,2.28,39.85,54.5,
2020-08-25,15.252,1.7375,23.91625,25.082916666666666,,6.0,1.43,15.71,0.98,,40.08,2.28,39.15,58.85,
2020-08-26,22.720625,1.72125,24.005625,22.796875,,6.0,1.33,12.69,0.98,,38.47,2.19,35.97,92.62,
2020-08-27,,,,,,,,,,,,,,,
2020-08-28,14.336428571428572,1.6892857142857143,27.392142857142858,24.217857142857145,,6.0,1.53,16.95,2.37,,29.76,2.05,49.58,42.71,
2020-08-29,19.551304347826086,3.5443478260869568,26.911739130434785,27.536521739130436,,6.0,1.36,13.85,0.98,,50.71,24.59,44.88,71.84,
2020-08-30,,5.12695652173913,4.961818181818182,,,,2.67,0.47,,,,31.99,21.06,,
2020-08-31,,6.25,12.21,,,,6.25,12.21,,,,6.25,12.21,,
2020-09-01,6.272173913043478,1.1904347826086954,14.59565217391304,42.73086956521739,,6.0,0.65,10.93,36.73,,12.26,1.71,18.58,49.52,
2020-09-02,10.058333333333334,2.96875,21.2875,31.20875,,6.0,0.65,11.23,0.98,,37.3,6.13,47.75,48.44,
2020-09-03,11.0475,6.428750000000001,23.755000000000006,9.567499999999999,,6.0,5.78,15.64,0.98,,36.72,8.18,35.48,17.33,
2020-09-04,8.256153846153847,8.934615384615386,21.55461538461538,6.676153846153846,,6.0,5.8,17.82,0.98,,18.24,19.61,25.04,32.42,
2020-09-05,6.910869565217391,5.736086956521739,14.545652173913044,43.0995652173913,,6.0,5.53,11.53,27.23,,13.76,6.05,17.16,53.02,
2020-09-06,6.0,5.452916666666667,15.319583333333332,40.68125,,6.0,5.27,11.29,26.49,,6.0,5.8,24.49,53.45,
2020-09-07,6.852499999999999,5.3029166666666665,13.527083333333335,47.00875,,6.0,5.25,10.55,40.12,,16.56,5.34,16.87,53.5,
2020-09-08,6.0,5.328333333333333,14.420416666666666,43.92458333333334,,6.0,5.26,10.38,35.81,,6.0,5.45,20.77,50.08,
2020-09-09,8.231666666666667,5.420416666666667,21.71291666666667,31.83875,,6.0,5.27,11.68,0.98,,24.77,5.55,41.83,49.93,
2020-09-10,10.341904761904763,5.3625,21.445833333333336,33.812083333333334,,6.0,5.27,14.89,5.61,,29.08,5.92,36.18,62.73,
2020-09-11,7.988823529411765,5.277058823529412,20.932941176470585,30.081176470588236,,6.0,5.24,11.43,13.44,,23.79,5.33,37.43,48.93,
2020-09-12,10.743913043478262,5.277826086956521,20.389999999999997,28.987826086956524,,6.0,5.21,11.76,11.18,,25.2,5.37,29.78,74.48,
2020-09-13,13.522499999999999,5.2870833333333325,17.382916666666667,41.44416666666667,,6.0,5.09,13.19,17.05,,39.79,5.85,20.92,79.41,
2020-09-14,7.824999999999999,5.123333333333334,19.11583333333333,31.40166666666667,,6.0,4.99,13.91,16.96,,15.0,5.29,33.41,44.15,
2020-09-15,9.328181818181818,5.141666666666667,22.41916666666667,24.352500000000003,,6.0,4.92,14.42,2.78,,29.62,5.56,37.99,53.87,
2020-09-16,11.45125,5.185,30.397916666666664,24.107083333333332,,6.0,5.02,19.32,7.7,,35.58,5.48,52.89,53.07,
2020-09-17,11.293333333333335,5.515416666666667,27.052083333333332,30.794166666666666,,6.0,5.08,17.24,0.98,,32.26,6.51,48.02,81.3,
2020-09-18,16.249090909090906,5.764090909090909,25.071818181818184,28.471363636363638,,6.0,5.09,15.66,0.98,,45.9,7.65,50.38,85.58,
2020-09-19,22.752916666666664,5.167916666666667,19.912916666666664,27.250833333333333,,6.0,5.02,14.59,0.98,,47.47,6.14,35.0,44.54,
2020-09-20,11.959583333333333,4.99,16.837500000000002,34.714166666666664,,6.0,4.81,12.66,7.45,,31.1,5.15,26.73,58.0,
2020-09-21,15.60375,8.682916666666666,18.234166666666667,30.625833333333333,,6.0,4.77,14.06,0.98,,28.32,39.19,23.08,68.33,
2020-09-22,13.333888888888888,4.9750000000000005,16.313333333333333,38.34833333333333,,6.0,4.79,13.67,4.36,,24.59,5.29,23.97,57.17,
2020-09-23,22.42304347826087,6.8039130434782615,25.17217391304348,34.54304347826087,,6.0,4.93,14.66,0.98,,53.75,20.89,45.24,103.4,
2020-09-24,27.7625,8.647499999999999,26.4075,36.52708333333333,,6.0,4.93,16.96,0.98,,54.67,29.33,45.16,89.51,
2020-09-25,18.55666666666667,5.010416666666667,21.91625,41.7075,,6.0,4.79,15.39,0.98,,27.55,5.45,32.62,84.92,
2020-09-26,18.881666666666664,5.097916666666666,17.86125,37.209583333333335,,6.0,4.81,13.77,5.48,,32.66,5.54,23.32,66.91,
2020-09-27,10.560416666666667,5.0424999999999995,17.298750000000002,40.71541666666666,,6.0,4.66,11.13,18.0,,30.39,6.25,26.93,51.42,
2020-09-28,7.245833333333333,5.460833333333333,22.278750000000002,36.610416666666666,,6.0,4.91,13.55,3.66,,21.94,6.47,48.21,53.75,
2020-09-29,10.129166666666668,4.605,24.112499999999997,29.58125,,6.0,4.26,15.02,0.98,,22.91,6.1,39.76,65.85,
2020-09-30,16.9425,4.25875,29.638333333333335,25.62625,,6.0,3.98,19.25,2.54,,34.97,4.4,43.93,59.36,
2020-10-01,9.294285714285715,4.3825,32.138749999999995,23.949166666666667,,6.0,3.86,14.35,0.98,,31.34,5.13,51.03,58.43,
2020-10-02,12.105454545454547,4.37625,22.0925,26.255000000000006,,6.0,4.02,13.0,2.58,,32.31,5.48,40.47,46.07,
2020-10-03,6.58625,4.408333333333334,14.508750000000001,39.53916666666667,,6.0,4.13,11.46,34.04,,13.99,4.51,18.14,44.09,
2020-10-04,6.0,4.43875,12.902083333333332,40.5225,,6.0,4.26,10.43,34.28,,6.0,4.52,16.21,46.53,
2020-10-05,7.344166666666666,4.506666666666667,19.815833333333334,26.900833333333335,,6.0,4.29,12.55,10.37,,20.17,4.94,31.83,52.41,
2020-10-06,6.335416666666667,4.895,19.004166666666666,30.384583333333335,,6.0,4.29,14.23,10.04,,14.05,7.05,25.32,58.88,
2020-10-07,9.864166666666668,4.674166666666667,21.923333333333336,28.24791666666667,,6.0,4.25,11.54,7.22,,34.11,6.66,32.3,43.55,
2020-10-08,10.732083333333334,4.310833333333334,17.739583333333332,35.83958333333333,,6.0,4.15,12.74,10.69,,22.62,4.65,27.07,54.98,
2020-10-09,13.442083333333334,4.249583333333334,24.78458333333333,31.953749999999996,,6.0,4.06,15.06,6.18,,36.83,4.33,44.26,68.87,
2020-10-10,11.837916666666667,4.105416666666667,17.516666666666666,41.89,,6.0,3.89,13.54,25.92,,41.18,4.32,33.02,59.46,
2020-10-11,11.576666666666668,4.339583333333334,17.833333333333332,34.70791666666667,,6.0,3.65,14.08,2.47,,30.38,5.62,25.5,73.96,
2020-10-12,16.39,4.269583333333333,18.90625,34.69083333333333,,6.0,4.03,14.54,0.98,,34.07,5.15,26.67,75.19,
2020-10-13,13.179000000000002,4.0566666666666675,18.74,39.545833333333334,,6.0,3.57,13.87,2.79,,27.73,5.32,27.87,76.07,
2020-10-14,13.130833333333333,4.180833333333333,20.240416666666665,43.315,,6.0,3.93,15.24,12.31,,28.57,6.71,25.95,111.1,
2020-10-15,11.801250000000001,3.949583333333333,17.08304347826087,33.85791666666667,,6.0,3.71,6.59,9.37,,30.17,4.18,21.67,51.78,
2020-10-16,12.599166666666667,3.8645833333333335,16.75583333333333,39.697916666666664,,6.0,3.59,10.2,19.44,,25.72,4.2,26.31,60.09,
2020-10-17,15.76,4.545,20.71041666666667,38.880833333333335,,6.0,3.9,10.96,11.03,,40.27,5.58,36.19,63.82,
2020-10-18,18.55333333333333,3.975,21.8125,35.82958333333333,,6.0,3.7,11.13,4.92,,42.61,4.42,40.22,72.66,
2020-10-19,26.034166666666664,12.344583333333333,34.28,36.87375,,6.0,3.78,19.09,0.98,,47.42,50.76,50.96,118.1,
2020-10-20,30.475454545454546,5.65625,24.557500000000005,26.917083333333334,,6.0,3.86,11.61,0.98,,58.91,22.43,66.25,63.41,
2020-10-21,14.475416666666666,3.705833333333333,13.249583333333334,29.96666666666667,,6.0,3.32,9.65,17.77,,29.3,4.08,18.9,40.02,
2020-10-22,11.268571428571429,3.37625,12.944583333333332,34.41375,,6.0,3.14,7.58,23.93,,35.15,3.92,23.18,42.63,
2020-10-23,11.204999999999998,3.515,30.52208333333333,17.998749999999998,,6.0,3.19,13.85,3.96,,24.49,3.82,52.66,40.35,
2020-10-24,13.516666666666666,6.232083333333333,23.466250000000002,34.22416666666667,,6.0,3.52,12.77,0.98,,34.31,28.46,39.11,96.04,
2020-10-25,19.49,3.84,18.04,24.3,,19.49,3.84,18.04,24.3,,19.49,3.84,18.04,24.3,
2020-10-26,11.781818181818181,5.386818181818182,25.094545454545457,32.29681818181818,,6.0,3.41,14.59,9.45,,27.13,17.27,55.76,54.45,
2020-10-27,6.0,4.7683333333333335,24.8125,30.559583333333336,,6.0,3.95,9.42,14.1,,6.0,6.39,48.44,45.1,
2020-10-28,7.165833333333333,5.014166666666667,25.719166666666666,29.030416666666667,,6.0,3.75,11.68,5.41,,19.23,10.28,59.7,48.78,
2020-10-29,7.155416666666667,3.574583333333333,22.153333333333336,24.455833333333334,,6.0,3.25,13.69,0.98,,18.56,4.21,36.02,46.11,
2020-10-30,10.91125,3.2891666666666666,19.289166666666667,27.300416666666667,,6.0,2.89,9.93,3.28,,32.09,3.77,31.26,43.27,
2020-10-31,8.539166666666667,3.4908333333333332,18.76125,28.59375,,6.0,3.2,9.87,7.27,,19.84,3.72,29.8,46.93,
2020-11-01,9.0725,3.6341666666666668,16.129583333333333,27.296249999999997,,6.0,3.28,8.62,8.66,,25.8,5.37,49.27,41.02,
2020-11-02,9.501666666666667,3.6725,16.855416666666667,29.862083333333334,,6.0,3.48,9.8,3.1,,25.94,3.81,29.68,53.39,
2020-11-03,8.255454545454546,3.7676470588235293,19.65733333333333,27.235833333333336,,6.0,3.39,10.49,3.24,,23.51,4.77,32.22,44.54,
2020-11-04,6.878260869565217,45.462857142857146,14.017499999999998,32.95208333333333,,6.0,41.46,2.35,7.44,,20.16,49.27,24.28,63.76,
2020-11-05,11.41625,35.809583333333336,20.42875,20.257499999999997,,6.0,4.76,3.11,0.98,,25.42,48.87,40.84,45.3,
2020-11-06,8.192083333333334,4.76875,12.581250000000002,24.9025,,6.0,4.34,2.5,0.98,,20.49,5.3,39.86,50.37,
2020-11-07,9.265416666666665,4.7875000000000005,6.252083333333332,32.18208333333333,,6.0,4.44,2.82,6.03,,22.24,5.26,13.27,54.03,
2020-11-08,7.674166666666667,4.715833333333333,2.8504166666666664,34.2225,,6.0,4.23,1.05,27.09,,15.03,5.06,5.99,45.22,
2020-11-09,6.9070833333333335,4.559583333333333,7.414583333333333,26.447083333333335,,6.0,4.43,0.47,12.18,,13.85,4.7,19.41,33.25,
2020-11-10,11.475000000000001,6.7575,16.63416666666667,33.217083333333335,,6.0,4.44,5.33,0.98,,36.88,24.71,40.6,73.68,
2020-11-11,9.414583333333333,4.8220833333333335,14.069583333333332,30.77916666666667,,6.0,4.62,5.14,12.58,,18.22,5.06,25.31,66.06,
2020-11-12,9.46125,4.615,16.81,31.25333333333333,,6.0,4.33,16.81,9.16,,25.21,5.91,16.81,57.81,
2020-11-13,10.0925,4.6275,,40.622083333333336,,6.0,4.11,,21.42,,21.0,5.17,,80.57,
2020-11-14,11.390416666666667,5.1375,,33.294999999999995,,6.0,4.85,,7.72,,43.12,5.42,,69.08,
2020-11-15,14.112916666666669,5.105833333333334,,30.595416666666665,,6.0,4.92,,3.72,,28.14,5.54,,60.87,
2020-11-16,7.502916666666667,5.153333333333333,,17.289583333333336,,6.0,4.38,,7.96,,16.52,5.6,,30.34,
2020-11-17,8.185416666666667,5.145833333333333,12.271304347826087,23.463333333333335,,6.0,4.9,0.47,0.98,,26.94,5.39,26.72,49.91,
2020-11-18,9.187083333333332,5.15375,9.022916666666667,23.629583333333333,,6.0,5.03,1.27,0.98,,26.46,5.74,17.72,48.9,
2020-11-19,8.2975,5.14,8.768333333333333,22.95416666666667,,6.0,4.89,0.47,0.98,,23.54,5.87,24.77,41.17,
2020-11-20,7.877916666666667,5.94,11.4675,19.720416666666665,,6.0,4.88,1.99,0.98,,20.45,12.33,29.1,41.03,
2020-11-21,8.145,5.113333333333333,6.685833333333334,26.102500000000003,,6.0,4.6,0.47,5.22,,18.61,5.26,21.04,40.96,
2020-11-22,9.225,5.1925,4.340833333333333,28.760833333333334,,6.0,5.03,0.47,7.82,,22.08,5.36,15.49,44.8,
2020-11-23,11.405833333333334,5.505,6.363157894736842,28.73125,,6.0,5.12,2.19,4.59,,24.52,7.0,17.91,60.42,
2020-11-24,16.007916666666667,5.666250000000001,,37.821666666666665,,6.0,5.28,,5.4,,38.42,7.16,,90.56,
2020-11-25,25.277083333333337,10.225,,44.80583333333334,,6.0,5.0,,0.98,,98.52,48.35,,88.13,
2020-11-26,12.592916666666667,5.315833333333333,,34.76625000000001,,6.0,4.61,,12.53,,70.18,5.71,,62.77,
2020-11-27,9.475,4.804583333333333,,48.10458333333333,,6.0,4.49,,16.65,,27.87,5.09,,63.49,
2020-11-28,7.546666666666667,4.902916666666667,,44.93125,,6.0,4.38,,6.76,,21.57,5.77,,75.22,
2020-11-29,11.822916666666666,18.955,16.594090909090912,43.129583333333336,,6.0,4.64,0.47,5.76,,40.65,64.26,38.35,62.12,
2020-11-30,10.477916666666667,6.413333333333333,30.81,30.594583333333333,,6.0,5.02,30.81,8.58,,30.64,9.56,30.81,51.86,
2020-12-01,16.372083333333332,5.03,4.164761904761905,29.860833333333332,,6.0,4.91,0.47,13.72,,48.4,5.27,11.57,41.44,
2020-12-02,12.750833333333333,5.05,,33.93083333333334,,6.0,4.53,,8.21,,36.43,5.4,,71.76,
2020-12-03,7.448333333333333,7.334583333333334,13.937826086956521,36.58541666666667,,6.0,4.99,0.47,11.47,,25.52,21.8,27.29,53.52,
2020-12-04,12.562857142857142,5.39875,12.583809523809524,29.33782608695652,,6.0,4.87,5.16,0.98,,36.12,7.38,27.03,68.24,
2020-12-05,10.134285714285713,5.45,3.2129166666666666,28.446249999999996,,6.0,4.88,0.47,22.07,,21.18,5.63,10.52,33.64,
2020-12-06,11.3975,5.546666666666667,1.9270833333333333,23.144583333333333,,6.0,5.2,0.47,16.92,,29.26,5.91,6.22,28.91,
2020-12-07,6.0,5.864999999999999,13.840833333333334,21.459166666666665,,6.0,5.46,0.47,0.98,,6.0,6.37,48.59,46.37,
2020-12-08,8.527916666666666,13.242916666666666,14.446666666666665,27.036666666666672,,6.0,5.6,6.61,4.03,,28.62,59.96,30.99,59.13,
2020-12-09,9.75111111111111,8.209999999999999,10.404444444444444,15.995,,6.0,5.56,0.47,2.74,,22.15,35.12,29.53,31.3,
2020-12-10,9.571818181818182,6.833333333333333,8.465217391304348,10.322,,6.0,5.98,2.61,0.98,,27.42,15.88,12.85,27.52,
2020-12-12,15.027499999999998,6.337083333333333,20.682173913043478,15.202916666666667,,6.0,5.76,3.1,0.98,,41.98,6.78,61.83,29.41,
2020-12-11,11.72375,9.16625,16.970000000000002,15.511666666666665,,6.0,5.87,8.81,0.98,,39.98,24.46,38.27,30.01,
2020-12-13,16.596666666666668,7.822500000000001,16.715416666666666,12.042083333333332,,6.0,6.03,5.55,0.98,,38.01,14.15,34.71,26.94,
2020-12-14,6.0,7.366666666666667,16.96,11.244166666666667,,6.0,6.18,16.96,4.88,,6.0,12.55,16.96,16.8,
2020-12-15,8.02764705882353,7.628695652173912,,13.354782608695654,,6.0,3.27,,0.98,,22.92,30.43,,30.37,
2020-12-16,9.59875,4.06875,,14.287916666666666,,6.0,1.62,,3.22,,26.26,9.57,,29.85,
2020-12-17,6.0,3.2895833333333333,2.4389473684210525,14.782916666666665,,6.0,1.7,0.47,7.92,,6.0,4.98,6.07,22.24,
2020-12-18,8.422083333333333,3.9629166666666666,2.9375,12.388333333333335,,6.0,2.15,1.4,3.38,,25.39,5.35,8.24,25.53,
2020-12-19,7.947916666666667,7.547083333333333,5.1745,9.12125,,6.0,4.07,1.96,2.58,,20.7,29.65,10.41,16.77,
2020-12-20,7.756666666666667,5.860416666666667,3.104347826086957,12.9325,,6.0,4.33,0.47,3.47,,23.29,8.34,8.81,21.05,
2020-12-21,8.050416666666667,4.259166666666666,2.818260869565217,11.40625,,6.0,3.18,0.96,2.72,,23.57,5.41,5.83,19.66,
2020-12-22,12.634583333333333,3.8625000000000003,5.240909090909091,11.754583333333334,,6.0,0.65,1.58,0.98,,20.53,5.24,11.19,22.99,
2020-12-23,12.40875,4.515416666666667,7.578333333333333,11.245416666666666,,6.0,1.58,1.9,0.98,,30.75,6.9,19.27,21.21,
2020-12-24,13.8075,4.753333333333333,6.919999999999999,10.185833333333333,,6.0,4.16,1.92,0.98,,29.48,5.95,12.51,20.07,
2020-12-25,13.014166666666668,4.4783333333333335,3.0499999999999994,8.837083333333334,,6.0,4.26,0.47,3.39,,37.52,4.85,11.21,14.74,
2020-12-26,8.832916666666668,4.56125,2.6225,8.322083333333333,,6.0,4.31,0.47,3.1,,22.42,5.07,7.07,14.77,
2020-12-27,8.642083333333334,4.932083333333333,3.1654166666666668,8.220833333333333,,6.0,4.38,0.47,2.69,,27.07,5.94,6.15,13.94,
2020-12-28,6.272083333333334,4.4504166666666665,2.4741666666666666,9.987499999999999,,6.0,4.31,0.47,3.6,,12.53,4.8,6.67,16.64,
2020-12-29,8.92,6.688749999999999,6.977083333333333,12.229166666666666,,6.0,4.2,2.57,0.98,,24.66,20.08,18.57,36.54,
2020-12-30,9.664166666666668,5.933333333333334,14.285833333333334,11.970833333333333,,6.0,3.93,4.27,0.98,,29.8,13.7,34.72,26.0,
2020-12-31,9.207083333333333,4.9312499999999995,6.00375,14.323749999999999,,6.0,4.46,1.79,6.06,,27.94,8.66,13.66,22.61,
2017-10-04,32.52818181818182,8.14090909090909,20.16181818181818,,0.26363636363636367,6.0,7.69,8.96,,0.05,75.64,8.6,45.66,,0.61
2017-10-05,42.7425,8.412916666666666,25.642500000000002,,0.2904166666666667,19.9,8.07,11.39,,0.05,102.1,9.55,38.85,,0.74
2017-10-06,46.47875,7.9425,23.492499999999996,,0.27875,24.01,7.53,6.78,,0.05,98.34,8.27,47.72,,0.53
2017-10-07,20.156470588235294,7.7958823529411765,3.3011764705882354,,0.07764705882352942,12.85,7.45,0.47,,0.05,26.83,8.32,12.34,,0.18
2017-10-08,8.22857142857143,7.670000000000001,3.6214285714285714,,0.13999999999999999,6.0,7.22,1.92,,0.1,15.31,8.07,4.91,,0.16
2017-10-09,13.499166666666667,11.28125,16.61625,,0.41291666666666665,6.0,7.58,2.52,,0.05,30.86,29.59,38.81,,1.0
2017-10-10,14.767083333333332,7.475416666666667,11.129166666666668,,0.16041666666666668,6.0,6.95,4.06,,0.05,26.52,8.32,29.51,,0.56
2017-10-11,6.0,7.575833333333333,18.56791666666667,,0.2679166666666667,6.0,7.04,0.47,,0.05,6.0,8.19,50.64,,0.68
2017-10-12,8.049285714285714,7.561764705882354,7.417058823529412,,0.2447058823529412,6.0,7.36,0.47,,0.05,17.71,7.77,18.53,,0.63
2017-10-31,15.680000000000001,8.6,12.732857142857142,,0.2657142857142857,6.0,8.39,3.9,,0.12,32.59,9.1,21.81,,0.41
2017-11-01,17.256086956521738,8.899583333333334,8.684166666666668,,0.20750000000000002,6.0,8.6,1.91,,0.05,44.1,9.84,24.15,,0.54
2017-11-02,26.16875,9.475,6.719583333333333,,0.16454545454545455,6.0,8.58,3.21,,0.05,50.27,11.61,14.42,,0.33
2017-11-03,31.085555555555555,14.415833333333333,18.84,,0.3626086956521739,6.0,8.83,7.3,,0.05,48.04,64.09,35.58,,0.91
2017-11-04,16.737916666666667,8.903333333333334,14.917499999999999,,0.2920833333333333,6.0,8.83,3.16,,0.05,34.63,9.12,26.21,,0.58
2017-11-05,12.285416666666668,10.12,7.462083333333333,,0.2125,6.0,8.81,1.13,,0.05,32.41,25.14,25.87,,0.55
2017-11-06,15.832083333333335,8.991666666666667,6.15625,,0.09772727272727275,6.0,8.83,1.83,,0.05,29.56,9.22,18.65,,0.44
2017-11-07,20.48416666666667,9.17375,7.510000000000001,,0.12,6.0,8.9,3.04,,0.05,39.56,9.77,18.19,,0.51
2017-11-08,24.93541666666667,9.31,16.177083333333332,,0.34625,6.0,8.98,2.19,,0.05,43.71,10.0,30.79,,1.04
2017-11-09,16.382173913043477,11.303333333333333,15.363750000000001,,0.29916666666666664,6.0,9.09,7.05,,0.05,40.65,21.5,35.2,,1.02
2017-11-10,15.124166666666667,9.775416666666667,23.85291666666667,,0.4708333333333334,6.0,9.08,10.9,,0.11,30.65,15.35,43.8,,1.18
2017-11-11,17.095416666666665,10.9325,14.012916666666667,,0.21041666666666667,6.0,9.09,4.39,,0.05,30.14,34.08,29.49,,0.52
2017-11-12,11.719583333333333,10.006666666666666,9.392916666666666,,0.13083333333333333,6.0,9.1,2.2,,0.05,27.17,16.08,33.39,,0.38
2017-11-13,23.355,11.025833333333333,15.997916666666669,,0.19684210526315787,6.0,9.08,5.64,,0.05,73.02,31.98,32.52,,0.63
2017-11-14,34.474583333333335,9.2225,10.911666666666667,,0.18625000000000003,24.77,9.08,4.12,,0.05,59.51,9.61,19.04,,0.52
2017-11-15,33.69708333333333,13.834999999999999,18.4675,,0.20125,6.0,9.26,7.61,,0.05,121.6,34.03,40.38,,0.66
2017-11-16,33.225,9.375,13.241666666666669,,0.23416666666666666,6.0,9.1,2.67,,0.05,96.54,9.94,36.46,,0.51
2017-11-17,8.416875,9.946363636363635,7.370869565217391,36.91222222222222,0.14347826086956522,6.0,9.31,1.07,27.09,0.05,24.65,10.97,14.7,45.39,0.27
2017-11-18,12.510833333333332,11.335833333333335,10.24375,14.627083333333331,0.23416666666666666,6.0,10.81,2.96,0.98,0.05,28.45,13.15,23.23,33.8,0.61
2017-11-19,14.59875,12.83375,9.542083333333332,5.520833333333333,0.20125,6.0,10.82,0.47,0.98,0.05,43.43,19.92,33.2,18.29,0.74
2017-11-20,32.934999999999995,12.333913043478262,14.547826086956523,3.497391304347826,0.14043478260869566,15.56,11.07,6.54,0.98,0.05,58.53,16.21,27.78,19.81,0.55
2017-11-21,24.99681818181818,11.33695652173913,10.425217391304349,14.51608695652174,0.18739130434782608,6.0,11.07,2.99,0.98,0.05,48.35,12.34,20.56,27.43,0.65
2017-11-22,15.209130434782608,11.167826086956522,8.210434782608695,5.678695652173913,0.12130434782608696,6.0,11.05,1.2,0.98,0.05,52.45,11.62,23.9,17.55,0.5
2017-11-23,28.805909090909093,16.080416666666668,20.879583333333333,19.7525,0.22,6.0,11.05,7.19,0.98,0.05,90.66,33.4,55.57,53.87,0.64
2017-11-24,74.465,15.085999999999999,22.024,4.014,0.349,39.43,11.11,13.69,0.98,0.16,104.7,31.77,42.88,17.02,0.48
2017-11-26,6.0,11.322857142857142,10.082857142857142,13.845714285714285,0.21571428571428572,6.0,11.12,3.08,2.24,0.05,6.0,11.48,14.82,25.38,0.44
2017-11-27,15.78125,12.178333333333333,12.125416666666666,17.418333333333333,0.22333333333333336,6.0,11.41,4.18,0.98,0.05,35.72,16.83,26.45,43.06,0.85
2017-11-28,28.195833333333336,11.442916666666667,7.0254166666666675,15.000416666666666,0.09125000000000001,12.4,11.38,1.15,0.98,0.05,45.03,11.63,27.59,31.79,0.48
2017-11-29,25.427916666666665,11.437083333333334,3.59125,6.360833333333335,0.07166666666666667,13.47,11.39,0.47,0.98,0.05,34.76,11.49,16.79,11.97,0.26
2017-11-30,26.36833333333333,11.637916666666667,2.81375,10.836666666666666,0.11333333333333333,6.0,11.32,0.47,0.98,0.05,44.36,12.32,9.56,24.56,0.23
2017-12-01,17.16208333333333,11.615416666666667,3.4450000000000003,10.15375,0.12374999999999999,6.0,11.13,1.12,2.05,0.05,26.44,12.26,8.46,17.55,0.25
2017-12-02,26.017500000000002,12.25291666666667,7.381666666666667,12.269166666666665,0.17375,6.0,11.49,2.7,0.98,0.05,56.38,13.01,14.08,38.08,0.56
2017-12-03,30.014545454545463,9.629090909090909,9.019545454545455,4.831363636363637,0.31681818181818183,6.0,7.19,4.4,0.98,0.13,55.75,12.66,13.92,17.86,0.58
2017-12-04,13.854166666666666,7.266666666666667,7.842500000000001,8.098333333333333,0.16708333333333333,6.0,6.76,0.47,0.98,0.05,29.23,7.69,16.24,16.38,0.36
2017-12-05,8.762500000000001,7.171250000000001,2.487083333333333,9.716666666666667,0.08125,6.0,6.61,0.47,0.98,0.05,24.18,8.01,5.04,20.02,0.14
2017-12-06,13.450833333333334,7.116666666666667,6.198333333333333,5.287083333333333,0.12250000000000001,6.0,6.81,2.02,0.98,0.05,36.31,7.63,12.64,14.48,0.28
2017-12-07,15.960833333333332,7.1175,13.5,9.233749999999999,0.3120833333333333,6.0,6.84,4.99,0.98,0.14,36.39,7.82,25.6,25.54,0.64
2017-12-08,15.085833333333332,6.995,8.41,7.993750000000001,0.11916666666666668,6.0,6.87,3.15,0.98,0.05,35.7,7.68,20.56,23.96,0.56
2017-12-09,19.243750000000002,10.42125,12.480416666666665,11.449583333333331,0.18041666666666667,6.0,6.86,4.89,0.98,0.05,57.3,31.0,38.17,54.01,0.53
2017-12-10,24.479047619047623,16.18913043478261,8.844782608695652,14.65913043478261,0.1852173913043478,6.0,7.1,2.11,0.98,0.05,53.72,72.3,18.42,42.45,0.33
2017-12-11,18.052916666666665,7.6475,6.514583333333333,5.074166666666667,0.08,6.0,7.05,1.3,0.98,0.05,43.4,8.61,28.83,19.32,0.36
2017-12-12,28.442916666666672,7.671250000000001,7.167083333333334,12.160416666666668,0.16,16.96,7.06,1.94,0.98,0.05,61.09,9.13,20.42,31.52,0.39
2017-12-13,35.11333333333334,7.708,9.412666666666667,3.0846666666666662,0.14333333333333337,20.66,7.11,6.36,0.98,0.05,57.57,8.46,17.35,14.04,0.46
2017-12-14,42.19,10.85142857142857,28.724285714285717,4.028571428571429,0.43571428571428567,35.26,8.67,17.71,0.98,0.23,49.6,17.04,36.76,10.83,0.77
2017-12-15,39.6645,8.746666666666666,17.462083333333336,22.505416666666665,0.29791666666666666,13.6,7.2,4.59,0.98,0.05,53.84,11.4,39.85,57.83,0.72
2017-12-16,40.7604347826087,7.55391304347826,10.244782608695653,26.878260869565214,0.15304347826086956,6.0,7.23,1.55,0.98,0.05,79.97,8.77,43.28,69.09,0.35
2017-12-17,35.35565217391304,7.560416666666666,10.04875,11.669166666666667,0.11583333333333334,6.0,7.26,1.9,0.98,0.05,80.58,8.49,18.79,34.78,0.37
2017-12-18,21.258333333333336,7.5945833333333335,3.143333333333333,1.29125,0.17041666666666666,6.0,7.29,0.47,0.98,0.05,46.98,8.37,9.65,3.11,0.31
2017-12-19,13.996521739130433,7.961304347826087,4.291739130434783,9.382608695652175,0.07304347826086957,6.0,7.36,0.47,0.98,0.05,29.48,8.77,9.66,19.01,0.17
2017-12-20,36.69631578947369,8.08375,12.864583333333334,5.989166666666667,0.2504166666666667,6.0,7.38,1.78,0.98,0.05,251.0,8.65,30.51,17.89,0.38
2017-12-21,14.765833333333333,10.089166666666667,7.059583333333333,1.133333333333333,0.12791666666666668,6.0,8.56,3.31,0.98,0.05,34.59,19.25,16.69,3.14,0.33
2017-12-22,21.136666666666667,9.349583333333333,9.698749999999999,1.0943478260869566,0.13083333333333333,6.0,8.49,5.63,0.98,0.05,51.42,12.72,17.36,3.61,0.59
2017-12-23,20.469166666666666,16.99791666666667,10.425416666666665,0.98,0.09583333333333333,6.0,8.49,4.7,0.98,0.05,48.67,101.7,23.38,0.98,0.4
2017-12-24,14.063478260869564,9.315652173913042,4.13304347826087,,0.2091304347826087,6.0,9.1,0.47,,0.05,83.0,10.17,13.63,,1.1
2017-12-25,22.31916666666667,9.274166666666668,4.0825000000000005,,0.24500000000000002,6.0,8.78,0.47,,0.05,82.65,9.97,15.77,,1.1
2017-12-26,14.413333333333332,8.939166666666667,5.845,27.189999999999998,0.29000000000000004,6.0,8.04,2.91,5.08,0.05,38.42,11.06,12.57,42.77,0.8
2017-12-27,15.96625,8.1425,9.143749999999999,15.444583333333332,0.19333333333333336,6.0,7.52,4.18,0.98,0.05,39.17,8.92,28.97,55.9,0.82
2017-12-28,14.845833333333331,7.84875,5.438333333333333,15.382083333333332,0.06458333333333334,6.0,7.47,0.47,0.98,0.05,32.61,8.62,9.49,51.44,0.29
2017-12-29,14.904583333333333,7.9629166666666675,9.858333333333333,8.090833333333334,0.21041666666666667,6.0,7.33,0.94,0.98,0.05,53.89,9.18,28.27,31.29,0.79
2017-12-30,7.306190476190476,8.013333333333334,4.480833333333333,2.3520833333333333,0.23583333333333334,6.0,7.61,1.4,0.98,0.11,16.14,8.87,17.08,16.09,0.52
2017-12-31,11.383636363636363,8.234583333333333,3.9474999999999993,1.5845833333333335,0.2554166666666667,6.0,7.77,1.01,0.98,0.05,49.78,8.83,12.13,9.82,1.02
2021-01-01,10.988333333333335,4.456666666666667,2.60875,11.084999999999999,,6.0,4.25,0.47,2.8,,31.55,4.79,6.54,15.69,
2021-01-02,7.5737499999999995,7.088333333333334,6.249166666666667,10.260833333333332,,6.0,4.09,0.47,0.98,,20.33,47.83,20.72,20.94,
2021-01-03,10.801250000000001,4.756666666666667,3.0325,10.806666666666667,,6.0,4.34,0.47,0.98,,19.01,5.76,6.1,19.14,
2021-01-04,10.303333333333333,4.589583333333334,6.06625,10.389999999999999,,6.0,3.43,1.51,4.39,,37.0,5.02,13.86,17.46,
2021-01-05,10.65125,4.777916666666667,9.697083333333333,9.013333333333334,,6.0,4.19,5.15,0.98,,28.34,6.64,22.51,19.56,
2021-01-06,7.407083333333333,4.92125,8.44375,10.957083333333335,,6.0,4.57,1.81,2.86,,15.27,6.34,20.45,22.72,
2021-01-07,6.877916666666667,5.1362499999999995,10.78875,12.804166666666667,,6.0,4.53,4.02,0.98,,18.48,6.07,26.88,24.96,
2021-01-08,12.48375,7.658333333333332,14.301666666666668,14.748333333333333,,6.0,4.64,3.45,2.6,,33.88,16.13,33.39,26.13,
2021-01-09,14.40125,5.658333333333334,12.794583333333335,17.85375,,6.0,4.74,2.02,0.98,,36.79,8.94,24.85,38.93,
2021-01-10,12.767499999999998,4.8758333333333335,5.3637500000000005,13.46125,,6.0,4.51,0.47,4.58,,28.32,5.05,12.49,23.18,
2021-01-11,32.62,4.74,10.71,7.04,,32.62,4.74,10.71,7.04,,32.62,4.74,10.71,7.04,
2021-01-12,8.96391304347826,5.228695652173913,5.916956521739129,10.203478260869563,,6.0,4.98,1.22,3.66,,46.31,6.24,16.03,15.78,
2021-01-13,10.84375,5.085,1.6545833333333333,8.732916666666666,,6.0,4.98,0.47,6.32,,22.1,5.23,6.13,10.84,
2021-01-14,11.025416666666667,5.312916666666666,4.1025,6.6674999999999995,,6.0,4.99,0.47,0.98,,26.38,5.99,10.26,11.17,
2021-01-15,8.47125,5.295416666666667,4.038333333333333,7.460833333333333,,6.0,4.86,0.47,0.98,,25.83,6.01,12.23,12.9,
2021-01-16,9.16375,5.964166666666666,9.594761904761905,7.574166666666666,,6.0,5.44,3.87,1.96,,27.96,7.1,18.97,14.87,
2021-01-17,15.145652173913042,5.717083333333332,9.39,7.307916666666666,,6.0,5.13,2.51,0.98,,88.75,6.14,22.46,17.56,
2021-01-18,8.830454545454545,5.521249999999999,4.112916666666666,8.171666666666667,,6.0,5.12,1.03,3.51,,43.74,6.2,10.64,15.02,
2021-01-19,9.6725,5.242916666666667,3.5108333333333337,6.995,,6.0,5.01,0.47,0.98,,21.55,5.58,9.64,12.8,
2021-01-20,9.668333333333333,5.178333333333334,3.296666666666667,6.3625,,6.0,5.08,1.39,2.32,,27.06,5.24,6.94,10.46,
2021-01-21,9.323749999999999,5.180833333333333,2.2729166666666667,8.418750000000001,,6.0,5.05,0.47,6.05,,29.64,5.45,5.4,11.85,
2021-01-22,6.636666666666667,5.210833333333333,2.8766666666666665,8.820833333333333,,6.0,5.01,0.47,3.28,,14.72,5.61,6.68,14.15,
2021-01-23,8.848695652173912,5.388749999999999,4.175,8.995833333333334,,6.0,5.04,0.47,2.7,,22.64,5.99,11.5,17.35,
2021-01-24,10.812083333333334,7.52625,9.105833333333335,9.195,,6.0,5.16,0.47,0.98,,29.46,20.33,24.48,23.74,
2021-01-25,10.829999999999998,7.161666666666666,11.705833333333333,9.265,,6.0,5.26,4.81,0.98,,63.23,15.05,27.03,26.99,
2021-01-26,11.991818181818184,12.376666666666665,15.22375,5.072916666666667,,6.0,5.05,6.64,0.98,,32.97,49.57,31.92,13.85,
2021-01-27,11.906666666666666,13.660000000000002,16.875,5.4975,,6.0,5.43,1.23,0.98,,40.49,83.15,36.31,11.58,
2021-01-28,8.351666666666667,4.99875,8.965217391304348,6.745,,6.0,4.33,4.5,2.63,,28.41,5.65,15.96,12.57,
2021-01-29,10.017083333333334,9.367916666666668,11.182083333333333,5.7941666666666665,,6.0,4.55,0.47,0.98,,53.93,34.19,19.75,14.36,
2021-01-30,6.858750000000001,6.347916666666667,10.802083333333334,8.276666666666667,,6.0,5.61,2.26,0.98,,17.86,8.83,23.12,17.94,
2021-01-31,8.972083333333332,5.548333333333333,5.654166666666666,7.825833333333333,,6.0,4.92,1.6,3.46,,26.81,7.03,12.96,15.73,
2021-02-01,7.2175,7.6433333333333335,9.21782608695652,9.032083333333333,,6.0,5.61,2.5,0.98,,19.33,16.7,19.21,22.04,
2021-02-02,15.957500000000001,8.82625,14.471666666666666,12.017083333333332,,6.0,5.24,4.45,0.98,,35.19,22.75,39.34,33.22,
2021-02-03,10.925833333333335,6.840833333333333,14.745416666666666,4.365,,6.0,5.17,8.51,0.98,,47.58,15.82,29.39,16.98,
2021-02-04,8.0475,6.085,10.105833333333335,5.793333333333333,,6.0,5.13,2.96,0.98,,26.31,8.54,20.59,10.17,
2021-02-05,8.086666666666666,8.662500000000001,8.601666666666667,5.251666666666666,,6.0,5.42,1.08,0.98,,23.28,25.34,25.97,8.61,
2021-02-06,10.257272727272728,6.702083333333333,9.081666666666667,6.249166666666667,,6.0,5.39,1.44,0.98,,24.15,11.54,24.69,14.31,
2021-02-07,13.895000000000001,7.290833333333334,7.633333333333333,7.293333333333333,,6.0,5.27,0.47,0.98,,28.92,31.1,21.66,15.25,
2021-02-08,9.029166666666667,5.369583333333334,4.0616666666666665,6.40625,,6.0,5.11,1.07,0.98,,26.66,5.98,8.46,14.41,
2021-02-09,10.678,7.513750000000001,3.41,8.120434782608696,,6.0,5.15,3.41,0.98,,28.18,16.76,3.41,22.72,
2021-02-10,11.128695652173912,6.47,,10.601363636363637,,6.0,5.68,,0.98,,26.19,13.28,,28.21,
2021-02-11,13.199166666666665,6.5075,7.48391304347826,18.9725,,6.0,5.61,3.83,0.98,,30.91,8.79,12.6,46.66,
2021-02-12,14.827916666666667,6.584583333333334,12.39125,13.212916666666667,,6.0,6.02,4.04,0.98,,27.1,7.83,21.77,41.01,
2021-02-13,10.736666666666665,9.886666666666667,14.12791666666667,29.202916666666667,,6.0,6.21,4.77,0.98,,38.41,40.11,29.92,69.97,
2021-02-14,10.235217391304348,17.023333333333333,14.4975,22.395416666666666,,6.0,6.22,5.63,4.79,,34.45,57.26,23.31,54.51,
2021-02-15,6.252083333333334,9.825833333333334,13.835416666666669,25.492500000000003,,6.0,6.29,4.29,3.53,,12.05,27.75,27.54,63.94,
2021-02-16,6.307083333333334,19.35166666666667,17.52625,17.830416666666668,,6.0,6.27,5.63,2.17,,13.37,108.5,45.14,41.19,
2021-02-17,6.0,10.36,15.493333333333332,23.427916666666665,,6.0,6.54,4.04,2.51,,6.0,35.15,36.22,45.42,
2021-02-18,6.0,13.967083333333335,14.943333333333333,19.09090909090909,,6.0,7.22,4.49,7.52,,6.0,36.61,26.61,38.06,
2021-02-19,6.266249999999999,9.140833333333333,14.566249999999998,18.50583333333333,,6.0,6.33,4.62,0.98,,12.39,24.22,34.27,46.03,
2021-02-20,7.5129166666666665,7.81,12.917916666666665,30.417083333333334,,6.0,6.28,4.78,0.98,,21.91,11.95,29.95,93.38,
2021-02-21,6.31625,6.563333333333333,2.3670833333333334,28.755000000000006,,6.0,6.22,0.47,3.36,,13.59,7.72,7.81,60.08,
2021-02-22,6.25875,10.020416666666666,10.5575,31.007500000000004,,6.0,6.26,3.57,0.98,,12.21,43.61,24.0,67.92,
2021-02-23,6.264583333333333,9.818333333333333,12.359583333333333,30.982916666666668,,6.0,6.68,6.55,7.54,,12.35,20.06,27.65,84.86,
2021-02-24,6.0,6.495,4.185,28.420416666666664,,6.0,6.29,0.47,4.62,,6.0,6.98,13.0,53.83,
2021-02-25,6.286666666666666,6.465416666666667,4.10875,21.496666666666666,,6.0,6.28,0.47,0.98,,12.88,6.91,8.8,40.51,
2021-02-26,6.0,6.604583333333333,3.495416666666667,18.144583333333333,,6.0,6.39,0.47,0.98,,6.0,7.1,11.3,39.14,
2021-02-27,6.0,6.6137500000000005,1.6079166666666669,20.020833333333332,,6.0,6.47,0.47,6.48,,6.0,6.78,5.47,31.86,
2021-02-28,6.0,6.732916666666667,0.5183333333333332,22.36916666666666,,6.0,6.65,0.47,13.23,,6.0,6.76,1.63,30.03,
2021-03-01,6.0,6.8133333333333335,3.737916666666667,24.767083333333332,,6.0,6.69,0.47,12.75,,6.0,7.27,7.62,40.81,
2021-03-02,6.309166666666667,9.281666666666668,5.505416666666666,30.25,,6.0,6.7,1.35,0.98,,13.42,39.55,13.14,80.48,
2021-03-03,6.3862499999999995,8.92,6.388333333333333,32.46,,6.0,6.81,2.19,3.21,,15.27,21.89,15.52,85.96,
2021-03-04,6.0,7.0249999999999995,6.94,20.53958333333333,,6.0,6.87,0.47,3.79,,6.0,7.18,15.22,39.3,
2021-03-05,6.524166666666666,7.473333333333334,9.312916666666668,11.003750000000002,,6.0,7.06,3.38,0.98,,18.58,8.85,15.43,34.67,
2021-03-06,6.0,7.421666666666667,5.3549999999999995,17.334999999999997,,6.0,7.11,0.47,0.98,,6.0,9.52,18.66,52.21,
2021-03-07,6.0,7.375,4.115833333333334,22.481666666666666,,6.0,7.13,0.47,0.98,,6.0,8.6,16.32,52.82,
2021-03-08,8.092857142857142,11.842500000000001,7.515000000000001,26.186666666666667,,6.0,7.32,2.45,0.98,,23.43,56.69,23.36,64.44,
2021-03-09,8.197083333333333,7.904090909090908,5.027083333333333,18.723636363636363,,6.0,7.52,0.47,4.5,,21.77,9.29,14.71,32.87,
2021-03-10,11.10375,7.969166666666666,8.497083333333334,16.746666666666666,,6.0,7.66,0.47,0.98,,32.26,8.27,29.03,37.53,
2021-03-11,21.614583333333332,10.583333333333334,9.882083333333334,19.495,,6.0,7.92,3.38,0.98,,70.52,28.31,16.71,50.9,
2021-03-12,14.912608695652175,8.954583333333334,9.785833333333333,24.13208333333333,,6.0,7.9,4.51,0.98,,37.53,12.72,27.57,85.32,
2021-03-13,16.532,9.408333333333333,7.080416666666667,30.814166666666665,,6.0,7.97,2.12,0.98,,40.84,21.48,16.62,79.46,
2021-03-14,14.722916666666665,10.070416666666667,5.072916666666667,22.175,,6.0,8.02,0.47,0.98,,34.51,28.57,21.81,55.87,
2021-03-15,10.705833333333336,8.112083333333333,3.3941666666666666,24.379583333333333,,6.0,7.77,0.47,3.92,,21.23,8.33,14.34,38.47,
2021-03-16,17.04375,10.64625,7.935416666666668,40.12916666666667,,6.0,7.89,0.47,8.55,,47.74,33.54,17.6,113.3,
2021-03-17,13.002727272727272,9.34875,9.384583333333333,30.895833333333332,,6.0,7.93,3.18,5.47,,45.29,22.24,15.82,56.82,
2021-03-18,7.603750000000001,8.342916666666666,6.348333333333333,23.322916666666668,,6.0,8.07,1.62,7.09,,33.17,9.32,14.71,37.61,
2021-03-19,10.261818181818182,8.22125,5.06875,20.266666666666666,,6.0,7.96,1.33,2.97,,22.36,8.66,12.27,38.41,
2021-03-20,11.433043478260869,8.361666666666666,6.41875,24.243749999999995,,6.0,8.05,3.22,0.98,,34.47,8.59,10.34,58.1,
2021-03-21,10.783333333333331,12.586666666666668,8.100416666666666,16.910416666666666,,6.0,7.81,1.94,2.78,,30.9,60.87,18.08,31.6,
2021-03-22,6.2995833333333335,8.235416666666667,4.761666666666667,21.49625,,6.0,7.71,0.99,9.25,,13.19,8.7,10.0,33.37,
2021-03-23,9.032083333333333,8.199166666666668,7.949583333333333,16.343333333333334,,6.0,7.65,0.47,6.72,,24.48,8.89,21.19,27.35,
2021-03-24,7.28,7.800833333333333,3.5537499999999995,23.683750000000003,,6.0,7.45,0.47,3.7,,26.11,8.27,12.07,37.5,
2021-03-25,9.723333333333334,8.73125,7.652500000000001,21.524583333333336,,6.0,7.41,3.26,0.98,,31.16,23.51,19.68,52.12,
2021-03-26,9.938333333333334,9.729166666666666,13.095416666666665,24.491666666666664,,6.0,8.51,1.93,4.83,,27.93,16.03,36.79,50.17,
2021-03-27,10.827826086956522,10.015833333333333,11.97375,13.465416666666664,,6.0,7.68,4.44,0.98,,34.17,30.59,22.28,28.21,
2021-03-28,8.700000000000001,14.275833333333333,10.118333333333332,15.821666666666667,,6.0,7.71,2.42,0.98,,28.41,40.16,21.73,44.12,
2021-03-29,6.95625,9.942083333333334,7.6325,19.936666666666667,,6.0,8.64,2.7,6.42,,22.35,22.18,21.15,38.5,
2021-03-30,9.441666666666666,14.52833333333333,11.932083333333333,14.621666666666668,,6.0,8.52,2.57,0.98,,23.01,45.56,22.13,30.23,
2021-03-31,10.977777777777778,8.493333333333334,10.473333333333331,12.332500000000001,,6.0,7.93,1.24,0.98,,28.59,9.0,23.1,32.35,
2021-04-01,12.576875,16.34952380952381,11.563333333333334,16.88047619047619,,6.0,8.16,1.48,0.98,,27.73,76.28,23.16,43.81,
2021-04-02,11.937083333333334,9.70125,5.005,18.820833333333336,,6.0,8.51,0.47,0.98,,23.8,22.04,22.89,34.26,
2021-04-03,10.761249999999999,10.245,3.7583333333333333,26.378749999999997,,6.0,8.5,0.47,10.9,,37.83,25.74,14.28,48.88,
2021-04-04,11.002083333333333,8.73625,3.6020833333333333,18.24625,,6.0,8.4,0.47,0.98,,21.94,9.11,10.04,40.94,
2021-04-05,9.195,8.814166666666667,6.262083333333334,19.49416666666667,,6.0,8.4,1.77,0.98,,26.13,9.18,11.06,48.32,
2021-04-06,12.829500000000001,10.845833333333333,10.040416666666667,22.467916666666667,,6.0,8.36,3.65,0.98,,29.73,23.93,26.34,61.88,
2021-04-07,10.708181818181817,9.105416666666667,6.633333333333333,18.61583333333333,,6.0,8.66,1.99,0.98,,22.83,9.47,17.29,44.13,
2021-04-08,18.47375,9.106250000000001,10.468333333333334,19.474999999999998,,6.0,8.65,3.14,0.98,,48.42,10.05,22.5,49.6,
2021-04-09,20.395909090909093,15.690833333333332,16.427083333333332,21.335416666666664,,6.0,8.57,6.48,0.98,,51.06,65.52,40.15,57.09,
2021-04-10,21.297,15.86625,17.6425,26.582916666666666,,6.0,8.93,7.07,0.98,,66.56,56.14,33.27,59.66,
2021-04-11,17.888666666666666,17.40375,10.165416666666665,30.997500000000002,,6.0,9.18,0.47,2.92,,51.28,70.78,23.87,60.89,
2021-04-12,9.697058823529412,9.579166666666666,7.786666666666666,20.004583333333333,,6.0,9.09,1.33,2.26,,30.99,10.44,21.76,38.3,
2021-04-13,15.697916666666666,9.00125,10.340000000000002,16.796249999999997,,6.0,8.62,2.13,0.98,,30.17,9.93,29.61,40.07,
2021-04-14,12.905833333333332,9.448333333333332,8.874166666666667,20.8625,,6.0,8.63,2.23,0.98,,33.55,11.04,15.7,45.67,
2021-04-15,18.7925,12.555833333333334,14.080833333333333,20.804166666666664,,6.0,8.72,3.06,0.98,,46.99,43.17,38.03,63.89,
2021-04-16,32.88666666666666,14.95125,17.471666666666664,30.13875,,6.0,9.66,5.19,0.98,,56.81,50.37,34.58,70.65,
2021-04-17,44.99,9.399545454545454,8.766818181818183,22.453181818181818,,17.69,8.93,1.52,0.98,,100.0,10.01,17.15,43.7,
2021-04-18,9.345,8.9225,4.30125,18.12333333333333,,6.0,8.78,0.47,0.98,,22.39,9.18,10.16,34.07,
2021-04-19,11.511249999999999,9.117083333333333,7.821666666666666,17.262916666666666,,6.0,8.83,1.89,0.98,,26.94,10.09,19.29,39.16,
2021-04-20,13.459583333333333,9.116666666666667,5.239166666666666,22.07409090909091,,6.0,8.83,0.94,7.7,,29.96,12.13,14.03,32.74,
2021-04-21,12.206666666666665,9.082916666666668,2.7687500000000003,24.241249999999997,,6.0,8.86,0.47,4.63,,25.65,9.76,8.28,35.99,
2021-04-22,15.179583333333333,9.024583333333334,5.991666666666667,24.642083333333332,,6.0,8.8,1.12,0.98,,26.13,9.72,20.8,41.25,
2021-04-23,12.757916666666667,9.245833333333332,8.380416666666667,18.019166666666667,,6.0,8.92,2.12,0.98,,35.57,9.94,19.75,39.72,
2021-04-24,17.6525,13.860833333333334,13.837916666666667,30.13083333333333,,6.0,9.06,4.05,0.98,,35.39,51.03,60.42,76.87,
2021-04-25,7.543888888888889,10.101363636363637,6.097727272727273,17.661818181818184,,6.0,9.13,0.47,2.13,,27.16,18.23,15.63,31.37,
2021-04-26,8.23625,21.651666666666667,12.975,16.746666666666666,,6.0,9.17,1.6,0.98,,23.12,107.1,28.89,45.76,
2021-04-27,10.655000000000001,9.463333333333333,14.444166666666668,14.799166666666665,,6.0,8.94,1.82,0.98,,32.23,11.04,40.38,44.2,
2021-04-28,16.900000000000002,11.296666666666667,17.159583333333334,14.211666666666666,,6.0,9.28,3.83,0.98,,34.54,26.26,32.12,52.46,
2021-04-29,14.24,9.457916666666666,11.12,18.762083333333333,,6.0,9.13,4.15,0.98,,28.33,10.14,25.34,48.52,
2021-04-30,13.71875,14.110416666666666,15.369583333333333,22.45,,6.0,9.59,4.72,0.98,,28.36,52.2,45.82,59.53,
2021-05-01,18.025833333333335,9.660416666666668,12.122083333333334,19.818749999999998,,6.0,9.31,5.55,0.98,,43.61,10.08,25.69,56.68,
2021-05-02,22.479583333333334,12.836250000000001,11.475833333333334,26.090833333333332,,6.0,9.22,6.22,0.98,,37.56,26.49,22.15,67.24,
2021-05-03,24.535,14.311666666666667,20.506666666666668,24.094090909090905,,6.0,9.37,9.87,0.98,,52.38,36.09,34.59,64.61,
2021-05-04,23.207083333333333,12.457083333333335,17.585416666666667,20.243333333333336,,6.0,9.36,2.78,0.98,,38.18,48.66,36.5,43.55,
2021-05-05,7.166363636363636,9.545454545454545,11.814090909090908,15.536363636363637,,6.0,9.43,0.47,0.98,,23.25,9.91,21.38,31.13,
2021-05-06,7.540833333333334,10.489166666666668,11.634166666666667,17.903333333333332,,6.0,9.39,0.47,4.07,,16.36,21.81,28.83,30.0,
2021-05-07,15.217916666666667,16.2525,14.650833333333333,13.157083333333333,,6.0,9.56,4.27,0.98,,46.63,81.53,36.84,47.27,
2021-05-08,15.983333333333333,10.531249999999998,11.174166666666666,21.86916666666667,,6.0,9.37,5.94,0.98,,33.18,20.1,30.39,58.09,
2021-05-09,12.16125,13.26,9.749166666666667,19.391666666666666,,6.0,9.59,2.83,0.98,,29.46,38.96,30.88,54.04,
2021-05-10,15.091666666666667,28.512083333333333,15.906666666666666,15.229583333333332,,6.0,9.64,2.97,0.98,,37.39,167.6,41.48,43.01,
2021-05-11,7.8125,9.866666666666667,8.215,22.594583333333333,,6.0,9.56,0.47,0.98,,19.48,10.45,24.21,39.29,
2021-05-12,17.1025,12.738333333333335,15.515,13.407083333333333,,6.0,9.8,4.61,0.98,,36.79,37.53,39.11,46.91,
2021-05-13,22.63625,35.49041666666667,22.888333333333332,15.126666666666667,,6.0,9.86,9.62,0.98,,34.37,174.1,48.31,56.5,
2021-05-14,25.358571428571427,12.8075,23.48125,13.362499999999997,,6.0,9.67,6.84,0.98,,56.25,26.26,64.41,55.23,
2021-05-15,33.465,36.043749999999996,21.267500000000002,17.51125,,16.61,10.78,10.33,0.98,,48.64,273.2,54.07,71.94,
2021-05-16,26.108333333333334,35.50333333333333,16.24166666666667,11.686666666666667,,6.0,11.45,6.31,0.98,,50.89,196.1,32.66,46.76,
2021-05-17,17.369583333333335,16.179583333333333,14.185416666666667,21.212083333333336,,6.0,11.71,3.48,0.98,,33.53,40.36,27.79,47.0,
2021-05-18,18.50708333333333,11.966666666666669,18.3875,18.22583333333333,,6.0,11.22,4.23,0.98,,40.48,12.73,34.34,52.53,
2021-05-19,23.294166666666666,15.59375,23.99208333333333,17.795416666666668,,6.0,10.89,6.33,0.98,,51.92,33.24,95.75,73.52,
2021-05-20,25.53333333333333,12.288749999999999,21.010416666666668,6.346666666666667,,6.0,11.09,7.34,0.98,,42.54,14.38,39.59,34.83,
2021-05-21,13.594999999999999,17.438333333333333,15.459583333333335,12.306666666666667,,6.0,11.0,1.85,0.98,,33.62,62.42,34.22,40.31,
2021-05-22,10.357916666666666,14.84375,8.825833333333332,21.377916666666664,,6.0,10.6,0.47,0.98,,28.65,44.46,25.69,40.15,
2021-05-23,12.53125,212.0945833333333,13.739166666666668,21.472916666666663,,6.0,20.29,3.32,6.19,,26.79,561.1,29.79,31.49,
2021-05-24,7.585833333333333,23.544583333333335,10.634583333333333,24.637083333333333,,6.0,12.16,2.19,2.37,,20.36,102.0,39.32,38.75,
2021-05-25,17.025833333333335,78.47125,18.82166666666667,17.39125,,6.0,13.08,7.03,0.98,,45.42,484.1,43.45,44.78,
2021-05-26,23.605416666666667,17.29625,23.019583333333333,15.40625,,6.0,11.54,11.37,0.98,,48.0,42.87,46.82,77.15,
2021-05-27,33.19041666666667,19.45125,25.294166666666666,14.77875,,6.0,11.42,10.6,0.98,,75.38,116.9,46.7,50.67,
2021-05-28,26.247083333333336,12.520833333333334,17.920833333333334,8.21125,,6.0,11.43,2.19,0.98,,56.44,13.91,33.4,41.79,
2021-05-29,8.168750000000001,13.851666666666667,10.667083333333332,20.064166666666665,,6.0,10.75,3.14,0.98,,32.49,47.72,26.37,39.27,
2021-05-30,13.167083333333332,11.784999999999998,9.115416666666667,17.848333333333333,,6.0,10.71,0.47,0.98,,35.85,16.28,24.64,57.84,
2021-05-31,21.175416666666667,17.287499999999998,17.355416666666667,10.635,,6.0,10.8,7.39,0.98,,64.46,82.44,33.93,55.06,
2021-06-01,31.983749999999997,18.840833333333336,25.90625,11.142499999999998,,6.0,11.04,7.75,0.98,,65.62,103.7,57.61,47.35,
2021-06-02,26.207894736842103,26.33125,20.813750000000002,11.506250000000001,,6.0,12.05,7.17,0.98,,42.83,243.6,44.92,37.78,
2021-06-03,19.877916666666668,22.45958333333333,17.349166666666665,13.726249999999999,,6.0,11.64,5.52,0.98,,51.22,105.9,39.78,43.0,
2021-06-04,28.412499999999998,12.237916666666669,21.072916666666668,10.598749999999999,,13.0,11.1,3.73,0.98,,56.12,13.51,50.28,44.49,
2021-06-05,21.379166666666666,19.650416666666665,12.700833333333334,30.49875,,6.0,11.04,3.26,0.98,,48.72,162.5,33.42,61.48,
2021-06-06,12.7975,11.239166666666668,4.647916666666666,23.52,,6.0,10.78,1.13,9.18,,35.41,11.95,8.69,34.57,
2021-06-07,7.1433333333333335,10.88125,4.46125,27.544166666666666,,6.0,10.72,0.47,5.6,,15.63,11.27,20.42,42.95,
2021-06-08,6.697500000000001,11.034166666666666,11.488750000000001,16.400416666666665,,6.0,10.68,0.47,0.98,,16.56,11.95,25.37,31.07,
2021-06-09,6.0,10.700000000000001,8.677083333333334,23.461249999999996,,6.0,10.41,0.47,4.53,,6.0,11.02,22.9,43.87,
2021-06-10,9.355416666666667,11.380416666666667,19.40625,2.36375,,6.0,10.51,5.58,0.98,,25.67,13.23,37.69,15.72,
2021-06-11,7.959583333333334,11.245,12.99708333333333,13.550416666666669,,6.0,10.57,3.92,0.98,,18.28,12.8,29.33,38.73,
2021-06-12,12.675833333333335,22.782916666666665,15.749166666666667,15.909166666666666,,6.0,11.0,3.84,0.98,,51.22,100.7,29.89,37.96,
2021-06-13,25.431250000000002,18.25375,15.414583333333335,17.17125,,6.0,10.35,4.63,0.98,,62.18,71.32,27.56,68.77,
2021-06-14,22.257916666666663,15.312916666666668,19.77782608695652,10.733333333333333,,6.0,10.25,2.7,0.98,,50.04,38.89,52.43,51.56,
2021-06-15,26.39625,11.52125,17.13083333333333,11.200416666666667,,6.0,10.81,2.18,0.98,,55.95,12.66,64.39,32.74,
2021-06-16,9.989999999999998,11.189583333333333,11.923749999999998,24.367500000000003,,6.0,10.6,0.47,0.98,,44.98,12.05,32.51,43.26,
2021-06-17,16.654545454545453,11.517499999999998,18.010833333333334,14.023749999999998,,6.0,10.55,1.24,0.98,,45.5,12.68,31.42,34.19,
2021-06-18,14.481818181818182,12.232500000000002,14.171666666666667,11.884583333333333,,6.0,11.43,5.46,0.98,,31.92,13.46,37.05,35.94,
2021-06-19,14.618749999999999,12.030000000000001,16.373749999999998,6.75875,,6.0,11.55,2.66,0.98,,26.35,12.51,36.31,21.03,
2021-06-20,12.166666666666666,11.78375,7.680833333333332,6.900000000000001,,6.0,11.21,2.6,0.98,,30.52,12.53,18.22,20.34,
2021-06-21,7.198333333333333,11.5025,8.208333333333334,14.500416666666666,,6.0,10.97,2.69,0.98,,19.89,12.45,14.49,30.26,
2021-06-22,7.517500000000001,11.202083333333334,8.012083333333335,20.631249999999998,,6.0,10.8,1.7,7.07,,17.22,12.73,24.64,38.53,
2021-06-23,7.394583333333333,11.783750000000003,9.759583333333333,16.113333333333333,,6.0,10.83,1.14,0.98,,26.33,12.65,21.68,32.94,
2021-06-24,9.405833333333334,15.072916666666666,13.4525,9.572083333333333,,6.0,11.36,4.09,0.98,,21.66,44.3,25.28,23.75,
2021-06-25,10.53625,14.518749999999999,13.289166666666667,18.50875,,6.0,12.58,0.47,0.98,,33.42,26.54,40.45,46.48,
2021-06-26,7.405833333333334,12.009166666666665,9.784166666666666,13.907083333333333,,6.0,11.4,4.3,4.72,,16.12,12.55,16.66,24.07,
2021-06-27,33.806,12.005,4.209166666666667,21.3,,6.0,11.27,0.47,14.72,,100.0,13.1,10.09,28.57,
2021-06-28,6.0,59.59666666666667,10.419166666666667,23.359583333333333,,6.0,11.33,0.47,3.08,,6.0,287.6,27.78,39.97,
2021-06-29,9.142105263157896,111.08541666666667,12.281666666666666,20.709999999999997,,6.0,13.85,4.0,12.39,,22.59,668.5,21.6,28.1,
2021-06-30,9.666818181818183,35.109166666666674,12.93125,16.172916666666666,,6.0,12.82,0.47,0.98,,35.92,164.6,25.71,31.03,
2021-07-01,9.234210526315788,14.074583333333331,19.665416666666665,8.167083333333332,,6.0,12.54,3.79,0.98,,28.81,17.33,50.09,36.2,
2021-07-02,16.705,19.632916666666663,19.79217391304348,10.990416666666667,,6.0,11.65,4.12,0.98,,59.36,103.0,45.12,45.81,
2021-07-03,28.346315789473685,14.58875,22.830833333333334,15.822083333333332,,6.0,12.58,9.12,0.98,,56.18,35.24,51.04,57.54,
2021-07-04,27.382083333333338,12.598333333333334,16.593333333333334,12.043333333333335,,6.0,11.56,6.33,0.98,,44.97,13.16,36.76,44.21,
2021-07-05,34.60823529411764,14.893333333333333,30.969166666666666,12.386249999999999,,6.0,11.42,10.18,0.98,,66.78,29.26,90.46,42.33,
2021-07-06,31.408749999999998,15.397499999999999,24.66625,13.366249999999999,,6.0,12.17,9.24,0.98,,48.99,25.29,44.82,43.96,
2021-07-07,37.15375,37.98583333333333,23.52565217391304,8.542857142857141,,6.0,12.24,7.64,0.98,,70.39,299.2,45.6,34.47,
2021-07-08,46.956250000000004,18.043333333333333,30.942916666666665,14.873333333333333,,16.58,13.17,10.4,0.98,,87.94,54.61,69.12,56.41,
2021-07-09,32.23625,37.23625,28.790000000000003,18.243750000000002,,6.0,12.75,7.57,0.98,,75.07,176.8,87.63,89.77,
2021-07-10,36.22625,40.63333333333333,22.715833333333336,17.52541666666667,,6.0,13.31,7.03,0.98,,87.5,192.1,50.58,59.69,
2021-07-11,39.967083333333335,13.4325,12.11875,25.87708333333333,,13.6,12.97,4.68,0.98,,72.0,15.6,35.55,54.28,
2021-07-12,31.9475,14.340833333333334,20.375,15.257916666666667,,6.0,12.6,4.02,0.98,,81.51,17.52,37.54,49.24,
2021-07-13,49.057,14.765,31.68541666666667,9.92,,22.01,13.22,7.19,0.98,,86.09,26.15,68.48,40.74,
2021-07-14,45.208181818181814,13.420416666666668,21.764166666666668,21.081666666666667,,6.0,13.04,6.08,0.98,,91.72,13.92,33.89,57.15,
2021-07-15,24.897916666666664,13.27125,20.038750000000004,18.551666666666666,,6.0,12.38,6.2,2.6,,61.09,14.12,35.49,40.73,
2021-07-16,12.293333333333335,12.702916666666667,12.403333333333334,28.869583333333335,,6.0,12.17,1.72,0.98,,33.81,13.9,24.3,50.16,
2021-07-17,15.804583333333332,17.955833333333334,13.875,18.743333333333336,,6.0,12.13,6.33,0.98,,35.59,61.73,26.33,44.35,
2021-07-18,15.345416666666667,14.84125,5.477499999999999,37.137499999999996,,6.0,12.03,1.29,16.88,,28.79,29.71,21.07,48.71,
2021-07-19,14.24875,15.8075,12.075000000000001,31.375416666666666,,6.0,12.22,0.47,7.79,,37.03,47.1,33.92,44.38,
2021-07-20,28.980416666666667,19.633750000000003,21.803913043478257,12.922173913043478,,6.0,13.56,10.67,0.98,,73.22,79.22,39.76,47.17,
2021-07-21,48.209583333333335,16.894166666666667,23.398260869565217,19.998181818181816,,6.0,12.81,11.96,0.98,,78.12,45.6,45.82,87.71,
2021-07-22,50.75666666666666,16.427083333333332,31.986250000000002,29.145416666666666,,25.57,12.4,11.3,7.67,,100.0,52.96,67.2,89.35,
2021-07-23,65.21900000000001,30.036666666666665,48.39958333333333,51.12625,,42.85,12.57,8.56,7.45,,97.69,106.5,104.7,200.7,
2021-07-24,63.2495,15.107500000000002,37.807500000000005,46.49375,,37.65,12.74,12.8,7.57,,92.81,29.5,100.5,164.5,
2021-07-25,54.56421052631579,13.491666666666667,24.41,34.79208333333333,,6.0,12.73,11.16,7.8,,97.72,18.58,59.47,92.56,
2021-07-26,46.90958333333333,13.338333333333333,31.40625,14.639166666666666,,15.67,12.56,14.79,7.55,,89.78,14.27,49.59,33.44,
2021-07-27,8.957916666666666,12.887083333333335,9.509583333333333,45.3975,,6.0,11.96,1.2,18.03,,24.49,20.33,23.35,56.9,
2021-07-28,13.512500000000001,29.691249999999997,14.38,42.5625,,6.0,12.51,5.73,16.17,,27.05,168.8,34.8,61.86,
2021-07-29,9.745,18.912916666666668,15.36,43.76416666666666,,6.0,12.98,3.18,15.27,,27.31,46.52,36.06,67.14,
2021-07-30,25.799166666666668,20.315833333333334,26.924999999999997,33.71875,,6.0,12.6,14.67,6.89,,53.84,80.52,66.75,74.1,
2021-07-31,28.942083333333333,13.532916666666665,20.385,30.077916666666663,,6.0,12.15,6.8,6.88,,69.2,19.19,46.71,76.77,
2021-08-01,38.999583333333334,15.250416666666666,17.307083333333335,35.502916666666664,,21.15,12.07,8.38,6.96,,67.44,28.98,36.21,101.7,
2021-08-02,24.044583333333332,13.808333333333332,15.344999999999999,35.22208333333333,,6.0,12.26,3.58,15.25,,62.65,27.33,27.97,60.52,
2021-08-03,26.47791666666667,13.202083333333333,16.633333333333333,38.63791666666667,,6.0,12.06,4.89,7.31,,42.46,17.89,38.28,77.44,
2021-08-04,6.74625,12.331250000000002,8.964583333333334,41.94375,,6.0,11.84,1.28,30.65,,16.91,12.99,22.12,50.7,
2021-08-05,9.93625,12.647916666666665,9.217916666666667,41.520833333333336,,6.0,12.04,2.47,16.83,,32.21,13.21,20.16,64.79,
2021-08-06,27.86041666666667,13.251666666666667,21.840416666666666,22.630416666666665,,6.0,12.5,10.19,7.33,,88.26,14.14,45.81,69.39,
2021-08-07,38.275416666666665,13.759166666666667,22.032083333333333,30.35875,,6.0,12.97,8.97,7.17,,88.13,17.76,48.2,86.18,
2021-08-08,51.081250000000004,16.375416666666666,17.014166666666664,34.19583333333333,,16.67,12.85,7.74,7.17,,96.26,46.25,34.73,100.8,
2021-08-09,45.781666666666666,15.674166666666665,23.081304347826087,22.02208333333333,,21.83,13.1,12.71,7.12,,76.9,42.22,41.34,73.4,
2021-08-10,12.66125,12.580833333333336,17.28125,26.713333333333335,,6.0,12.08,3.2,7.19,,37.38,13.28,29.57,40.2,
2021-08-11,9.46375,12.499166666666667,10.581666666666665,43.963750000000005,,6.0,11.93,1.02,11.27,,30.87,13.67,30.12,61.94,
2021-08-12,18.243750000000002,13.28625,12.997916666666669,33.44,,6.0,12.02,3.95,7.42,,35.15,19.85,27.99,65.18,
2021-08-13,11.152916666666668,12.709166666666667,8.799583333333333,44.73041666666666,,6.0,12.45,3.17,10.96,,26.7,13.23,21.76,68.46,
2021-08-14,12.369166666666667,14.264583333333334,10.3475,44.45083333333333,,6.0,12.42,2.36,12.73,,42.17,22.13,24.99,71.89,
2021-08-15,17.034166666666668,14.09375,10.280416666666666,33.612500000000004,,6.0,12.58,4.59,7.62,,27.13,22.02,21.82,72.03,
2021-08-16,16.529583333333335,14.860833333333332,13.38,37.82208333333333,,6.0,12.49,1.41,23.58,,42.92,27.52,27.2,55.3,
2021-08-17,42.237500000000004,25.68875,27.78458333333333,34.33208333333334,,18.0,13.43,5.61,7.37,,95.73,101.2,59.77,83.9,
2021-08-18,26.189999999999998,13.290833333333333,15.905833333333334,37.30875,,6.0,12.67,7.41,6.97,,71.11,14.65,36.0,81.65,
2021-08-19,33.47217391304348,14.322083333333333,28.28,46.61625,,15.32,13.0,8.21,7.04,,100.0,18.46,75.22,116.2,
2021-08-20,39.17208333333334,13.7325,15.54125,60.60583333333333,,6.0,13.23,5.19,9.94,,79.89,14.85,50.18,100.9,
2021-08-21,12.654583333333335,13.262916666666667,9.293333333333333,40.4425,,6.0,12.75,1.76,8.26,,30.31,13.79,19.79,56.49,
2021-08-22,32.22875,40.365,21.415833333333335,39.94541666666667,,6.0,12.67,7.12,7.0,,82.61,276.7,57.9,101.0,
2021-08-23,30.09125,13.10375,6.5058333333333325,55.9975,,6.0,12.61,2.25,23.44,,80.03,13.56,24.9,71.87,
2021-08-24,17.771666666666665,13.539583333333333,14.11125,39.38375,,6.0,12.56,0.47,7.52,,33.7,18.44,35.49,63.28,
2021-08-25,15.770000000000001,13.835416666666667,20.596666666666668,37.67208333333333,,6.0,12.91,7.66,8.54,,34.94,17.74,34.47,65.18,
2021-08-26,8.46125,12.96583333333333,12.11,50.61833333333334,,6.0,12.68,2.84,21.23,,24.84,13.37,23.58,70.0,
2021-08-27,12.140833333333333,18.368333333333336,14.86125,39.127916666666664,,6.0,12.68,7.3,8.77,,28.07,66.73,28.4,90.49,
2021-08-28,16.127916666666668,15.137916666666664,9.39,47.13333333333333,,6.0,12.76,4.03,17.45,,35.83,26.91,14.3,79.54,
2021-08-29,20.50208333333333,13.980416666666665,9.648333333333333,51.47208333333333,,6.0,13.43,3.69,19.35,,43.88,14.81,19.68,78.62,
2021-08-30,22.44333333333333,13.629166666666668,13.755416666666667,38.95875,,6.0,12.74,7.34,10.99,,43.27,14.87,27.58,77.89,
2021-08-31,24.664285714285715,17.968333333333334,17.44875,51.10958333333334,,6.0,13.69,1.41,12.8,,65.63,49.28,28.16,83.68,
2021-09-01,30.63083333333333,19.120416666666667,22.160416666666663,43.7925,,6.0,12.94,10.56,13.25,,99.99,62.07,44.46,95.16,
2021-09-02,52.50333333333333,24.03,23.851666666666663,44.70416666666667,,6.0,13.77,12.78,17.17,,99.63,124.6,47.41,97.75,
2021-09-03,25.46625,14.893333333333333,14.399166666666668,51.99416666666667,,6.0,13.67,5.47,25.09,,56.68,18.98,29.59,77.81,
2021-09-04,10.536666666666667,13.765,5.53125,63.68416666666667,,6.0,13.66,2.73,50.21,,33.0,13.93,10.64,78.32,
2021-09-05,7.199583333333333,17.292083333333334,8.924583333333333,49.384166666666665,,6.0,13.72,4.07,35.88,,19.2,44.51,19.62,74.02,
2021-09-06,9.757083333333332,13.877083333333333,7.601666666666667,56.052083333333336,,6.0,13.68,3.32,18.22,,22.1,14.19,19.49,85.26,
2021-09-07,8.708333333333334,13.802083333333334,5.670416666666668,55.07750000000001,,6.0,13.69,1.33,47.34,,24.45,13.98,10.41,62.36,
2021-09-08,11.959166666666667,14.070833333333335,16.473333333333333,36.38,,6.0,13.7,0.47,15.32,,35.78,14.81,32.7,62.71,
2021-09-09,10.044583333333334,57.480833333333344,12.02125,46.86916666666667,,6.0,14.01,0.47,25.99,,25.47,188.1,28.4,64.8,
2021-09-10,12.185416666666667,54.675000000000004,15.302916666666667,44.27791666666667,,6.0,14.62,3.55,25.87,,33.18,284.1,32.18,58.16,
2021-09-11,9.394583333333333,16.491249999999997,9.510833333333332,56.09083333333333,,6.0,13.39,5.56,34.51,,33.01,40.68,19.9,101.6,
2021-09-12,9.372307692307693,13.768333333333336,8.4025,48.020833333333336,,6.0,13.05,4.48,10.57,,21.7,14.68,19.3,95.14,
2021-09-13,,14.145833333333334,13.235416666666666,39.017916666666665,,,13.48,8.14,12.76,,,14.79,22.45,64.5,
2021-09-14,,25.78916666666667,15.932916666666666,47.77666666666667,,,14.22,2.76,27.37,,,151.1,32.94,73.88,
2021-09-15,,18.848333333333333,9.17,60.872083333333336,,,13.75,0.47,22.4,,,85.16,23.62,109.2,
2021-09-16,,14.262500000000001,10.430416666666666,46.576666666666675,,,13.46,2.94,9.85,,,14.92,24.4,77.81,
2021-09-17,,15.973333333333334,18.645416666666666,26.472916666666666,,,13.45,5.05,13.93,,,21.86,33.41,43.32,
2021-09-18,,14.811666666666667,11.262499999999998,44.4775,,,14.29,4.41,9.94,,,16.96,17.79,106.8,
2021-09-19,,14.668333333333331,4.744166666666667,62.85125,,,14.4,0.47,46.07,,,14.94,10.66,80.64,
2021-09-20,,14.445,7.849999999999999,47.73583333333334,,,14.1,2.0,12.32,,,14.84,16.28,80.33,
2021-09-21,,14.370416666666666,4.039583333333334,63.84041666666667,,,13.71,0.47,40.66,,,14.85,10.3,82.97,
2021-09-22,,14.284999999999998,6.515000000000001,51.85375,,,13.65,2.66,14.97,,,15.22,17.25,76.75,
2021-09-23,,14.664583333333333,14.579999999999998,41.47333333333333,,,13.6,1.94,12.85,,,16.4,39.41,68.2,
2021-09-24,,14.7125,13.883750000000001,41.2125,,,14.09,4.89,16.41,,,15.63,21.19,74.66,
2021-09-25,,18.701666666666668,10.059999999999999,50.71291666666667,,,13.65,5.24,8.01,,,64.91,24.7,129.2,
2021-09-26,,17.565416666666668,8.547500000000001,53.83166666666667,,,14.1,3.15,14.55,,,28.05,21.26,113.0,
2021-09-27,,22.358333333333334,11.534166666666666,65.59166666666667,,,14.89,1.51,24.76,,,74.08,26.07,119.8,
2021-09-28,,15.142499999999998,13.224166666666667,49.971666666666664,,,14.44,1.34,23.82,,,15.71,30.77,71.14,
2021-09-29,,14.887499999999998,8.35375,49.695833333333326,,,14.4,2.46,17.77,,,15.28,20.96,68.93,
2021-09-30,,14.735833333333332,6.412916666666668,58.589999999999996,,,14.11,0.47,33.46,,,15.3,17.24,74.22,
2021-10-01,,16.66125,12.175416666666665,41.01458333333333,,,14.5,2.52,12.42,,,28.07,23.69,68.11,
2021-10-02,,15.227083333333335,5.339166666666666,72.48208333333334,,,14.4,1.38,51.08,,,16.67,8.48,109.6,
2021-10-03,,15.594583333333333,5.310416666666666,55.42958333333333,,,15.06,2.8,30.16,,,18.18,16.08,77.03,
2021-10-04,,14.894166666666665,6.536666666666666,57.267083333333325,,,14.37,0.47,46.26,,,15.41,15.27,75.72,
2021-10-05,,14.854999999999999,7.705000000000001,55.36875,,,14.24,4.0,12.35,,,15.63,18.85,107.3,
2021-10-06,,25.241666666666664,13.563333333333333,48.03208333333333,,,14.28,3.75,13.39,,,138.6,30.58,73.55,
2021-10-07,,14.886249999999999,5.272083333333334,60.094166666666666,,,14.29,0.47,36.71,,,15.43,13.52,78.68,
2021-10-08,,15.3025,7.67125,47.07,,,14.49,3.56,10.37,,,16.49,14.79,75.36,
2021-10-09,,15.666666666666666,4.239166666666667,51.69916666666666,,,15.22,1.92,33.3,,,17.12,6.54,70.31,
2021-10-10,,15.760833333333332,3.12875,57.23041666666666,,,15.17,1.42,45.44,,,16.88,5.42,71.04,
2021-10-11,,15.560833333333333,8.682083333333333,41.29291666666666,,,15.22,3.5,22.04,,,15.93,15.21,61.18,
2021-10-12,,16.355,9.893749999999999,50.47416666666666,,,15.09,2.52,11.02,,,20.23,27.97,110.4,
2021-10-13,,15.808750000000002,11.4225,40.83708333333333,,,15.22,4.53,7.96,,,17.73,20.45,89.72,
2021-10-14,,18.99291666666667,11.183913043478261,56.964166666666664,,,15.21,2.81,10.62,,,37.2,24.93,110.5,
2021-10-15,,15.677916666666667,9.321666666666667,43.44333333333333,,,15.36,3.17,17.25,,,16.29,22.07,64.53,
2021-10-16,,15.367916666666666,4.42875,49.11375,,,15.04,1.47,34.4,,,15.55,9.16,66.4,
2021-10-17,,15.900416666666667,3.570833333333333,52.002916666666664,,,15.26,1.2,33.38,,,16.57,9.33,66.27,
2021-10-18,,16.026666666666667,7.10875,39.6725,,,15.18,2.61,8.45,,,16.44,13.58,71.58,
2021-10-19,,15.680416666666666,8.024166666666668,43.162083333333335,,,14.9,2.8,4.43,,,16.88,22.01,73.55,
2021-10-20,,15.895416666666668,7.054583333333333,42.88782608695652,,,14.73,2.57,5.94,,,16.5,14.86,81.44,
2021-10-21,,19.8075,9.306666666666667,51.84833333333333,,,16.25,4.83,6.54,,,72.94,17.41,123.4,
2021-10-22,,18.11791666666667,11.277500000000002,48.18416666666667,,,16.1,5.27,3.88,,,34.36,21.74,140.9,
2021-10-23,,21.52541666666667,15.697083333333333,39.85916666666667,,,16.45,5.9,13.61,,,42.97,32.36,90.79,
2021-10-24,,17.327916666666667,6.285416666666667,44.98541666666667,,,16.38,1.38,13.9,,,24.26,19.46,68.46,
2021-10-25,,29.441666666666666,16.232083333333335,34.76,,,15.86,6.92,4.63,,,126.2,45.02,82.99,
2021-10-26,,26.08791666666666,19.689583333333335,55.61958333333333,,,16.38,9.02,5.03,,,71.14,40.92,155.1,
2021-10-27,,29.419166666666666,20.124166666666664,62.001250000000006,,,16.13,4.17,5.98,,,154.1,49.44,146.4,
2021-10-28,,16.678333333333335,10.908333333333333,42.062916666666666,,,15.17,3.63,3.76,,,18.55,27.44,88.32,
2021-10-29,,15.948333333333332,4.968333333333334,47.37625,,,15.0,2.44,27.05,,,18.38,7.52,82.4,
2021-10-30,,15.265416666666667,4.961666666666667,44.61083333333334,,,15.02,2.0,25.53,,,16.04,10.5,68.31,
2021-10-31,,15.38,5.184166666666667,38.428333333333335,,,15.11,1.68,21.31,,,16.32,13.64,63.03,
2021-11-01,,15.879166666666668,7.334583333333334,32.29625,,,15.15,3.19,3.93,,,17.57,11.76,74.8,
2021-11-02,,19.003333333333334,6.2025,43.35041666666666,,,15.13,2.95,2.61,,,34.73,10.33,123.2,
2021-11-03,,15.638750000000002,11.560500000000001,16.480416666666667,,,15.48,3.92,4.18,,,16.44,19.93,36.82,
2021-11-04,,15.944583333333334,,49.00083333333333,,,15.37,,4.91,,,17.08,,97.65,
2021-11-05,,16.37333333333333,,46.42166666666666,,,15.48,,7.94,,,18.58,,121.9,
2021-11-06,,15.773750000000001,2.364090909090909,33.15708333333334,,,15.47,1.1,18.71,,,16.01,3.49,45.34,
2021-11-07,,15.604166666666666,2.3433333333333333,53.374583333333334,,,15.43,0.47,34.81,,,15.85,5.4,73.74,
2021-11-08,,17.505000000000003,6.0129166666666665,36.538695652173914,,,11.39,2.22,8.6,,,110.2,10.58,67.75,
2021-11-09,,12.391666666666666,7.50875,35.89541666666667,,,11.35,2.26,3.5,,,18.92,22.78,70.86,
2021-11-10,,11.625833333333333,4.968333333333334,36.79333333333333,,,11.25,1.14,7.93,,,12.29,13.43,59.41,
2021-11-11,,11.472916666666668,3.0187499999999994,46.04208333333333,,,10.79,1.05,33.09,,,11.81,7.02,59.56,
2021-11-12,,11.764166666666668,4.3125,41.967083333333335,,,11.11,1.63,19.88,,,12.58,9.02,58.49,
2021-11-13,,11.662083333333333,4.997916666666667,41.017083333333325,,,11.4,1.89,15.06,,,11.99,9.46,66.09,
2021-11-14,,20.389166666666664,7.246956521739131,53.732499999999995,,,11.65,2.04,11.89,,,62.42,15.9,128.2,
2021-11-15,,13.827083333333334,10.99,51.28375,,,12.1,10.99,13.12,,,25.14,10.99,111.1,
2021-11-16,,13.816956521739131,,40.82652173913044,,,12.07,,3.45,,,24.21,,92.31,
2021-11-17,,12.1625,,29.838750000000005,,,11.78,,15.03,,,12.69,,42.08,
2021-11-18,,11.988333333333335,5.047272727272727,27.30916666666667,,,11.81,1.34,17.36,,,12.23,9.0,37.19,
2021-11-19,,12.174999999999999,6.681304347826088,31.972499999999997,,,12.05,1.49,11.33,,,12.36,13.59,52.97,
2021-11-20,,15.770000000000001,10.950000000000003,36.03208333333333,,,11.96,3.44,0.98,,,46.12,25.05,104.6,
2021-11-21,,32.01125,13.604583333333332,46.90416666666666,,,12.07,4.54,0.98,,,133.5,30.69,115.6,
2021-11-22,,16.459999999999997,16.19875,53.99375,,,12.64,5.63,2.11,,,45.82,30.66,116.9,
2021-11-23,,14.7725,8.993478260869566,43.33958333333334,,,12.28,1.52,9.29,,,29.32,36.82,76.01,
2021-11-24,,12.393749999999999,6.457272727272727,36.48833333333334,,,12.17,2.94,7.97,,,12.85,14.86,65.31,
2021-11-25,,12.747083333333334,11.6405,44.03874999999999,,,12.21,6.48,2.54,,,13.95,23.24,115.0,
2021-11-26,,13.075833333333335,,37.751250000000006,,,12.39,,17.98,,,15.18,,57.07,
2021-11-27,,12.54125,,33.04333333333333,,,12.45,,17.84,,,12.63,,41.53,
2021-11-28,,13.172083333333333,4.453076923076923,34.89458333333334,,,12.39,1.92,5.05,,,14.37,15.38,72.4,
2021-11-29,,24.908749999999998,13.692105263157893,37.5275,,,12.61,5.62,6.41,,,94.17,23.73,67.79,
2021-11-30,,28.287500000000005,12.052105263157895,31.894166666666667,,,12.58,3.56,5.99,,,164.6,34.04,51.58,
2021-12-01,,13.227083333333331,4.988181818181818,21.99875,,,12.62,1.82,12.11,,,14.33,10.37,33.01,
2021-12-02,,12.655833333333334,,28.682083333333335,,,12.27,,3.83,,,13.62,,46.38,
2021-12-03,,12.715000000000002,3.671764705882353,33.38958333333333,,,12.37,1.92,11.76,,,13.39,9.08,52.83,
2021-12-04,,13.1,,30.988333333333333,,,12.64,,7.16,,,14.27,,61.73,
2021-12-05,,12.933333333333335,1.8123809523809524,31.03291666666667,,,12.6,0.47,17.7,,,13.55,2.89,50.97,
2021-12-06,,12.795416666666668,2.5077272727272724,25.98541666666667,,,12.4,0.47,15.3,,,13.23,9.36,45.8,
2021-12-07,,13.09625,3.1808333333333336,31.01125,,,12.7,0.47,12.7,,,14.19,8.36,44.4,
2021-12-08,,13.063749999999999,4.638333333333334,30.034166666666668,,,12.65,1.9,6.22,,,14.31,10.96,47.33,
2021-12-09,,20.12708333333333,5.256666666666667,25.09695652173913,,,12.62,2.04,5.22,,,172.5,8.9,42.94,
2021-12-10,,14.0775,6.10125,29.752499999999998,,,13.61,1.98,2.19,,,15.34,12.01,54.19,
2021-12-11,,14.110833333333332,5.391666666666667,35.14541666666667,,,13.65,2.5,7.74,,,15.66,8.78,63.04,
2021-12-12,,14.042499999999999,5.355,36.8275,,,13.7,2.42,5.77,,,14.95,10.14,70.45,
2021-12-13,,14.195833333333335,8.093684210526316,46.0275,,,13.37,3.54,6.08,,,16.19,13.33,88.7,
2021-12-14,,13.765,4.573181818181818,29.395,,,13.47,1.87,16.09,,,14.01,10.85,38.95,
2021-12-15,,13.823750000000002,3.989130434782609,34.80875,,,13.3,1.08,20.38,,,14.38,7.98,57.23,
2021-12-16,8.814545454545454,14.125217391304348,7.819411764705883,22.186086956521738,,6.0,13.03,3.12,4.66,,18.63,14.79,12.2,40.11,
2021-12-17,10.079565217391306,15.644782608695651,8.6345,32.48608695652174,,6.0,13.96,2.33,2.27,,21.2,24.02,27.92,55.84,
2021-12-18,11.103333333333332,14.227083333333335,3.0650000000000004,29.700416666666666,,6.0,13.07,1.65,18.35,,21.06,15.07,4.73,38.6,
2021-12-19,15.013750000000002,15.324583333333331,4.903333333333333,36.38708333333334,,6.0,13.93,2.06,9.41,,38.07,16.59,15.36,69.42,
2021-12-20,20.558333333333334,19.00375,10.919545454545455,47.43083333333334,,6.0,14.25,4.04,2.08,,48.61,52.84,18.39,132.4,
2021-12-21,33.63291666666667,14.482083333333334,10.059047619047618,53.705000000000005,,13.82,13.31,3.73,23.02,,50.0,16.55,19.9,144.6,
2021-12-22,17.672916666666666,14.070833333333333,5.766666666666666,30.663750000000004,,6.0,13.15,1.56,15.08,,37.76,14.96,10.46,48.82,
2021-12-23,17.125416666666666,14.502083333333333,9.281249999999998,26.38416666666667,,6.0,13.78,2.43,2.69,,28.22,15.09,47.4,42.85,
2021-12-24,18.6975,14.114583333333334,5.49625,28.820416666666663,,6.0,13.32,2.26,3.43,,42.48,15.03,9.35,52.53,
2021-12-25,23.144583333333333,15.287916666666668,6.029166666666666,37.15375,,6.0,13.7,1.42,2.39,,51.2,24.58,11.78,91.68,
2021-12-26,23.59,15.686666666666667,6.995,34.8775,,6.0,13.56,1.51,5.39,,42.46,21.64,14.99,94.71,
2021-12-27,18.572083333333335,34.41416666666667,8.408095238095237,40.32375,,6.0,14.17,2.35,2.89,,46.83,149.3,18.72,75.7,
2021-12-28,17.277083333333334,14.537916666666668,4.542083333333333,35.62166666666666,,6.0,13.5,1.55,7.35,,36.29,15.71,10.52,63.51,
2021-12-29,19.772499999999997,14.147916666666665,3.809166666666666,32.65875,,6.0,13.44,1.75,9.73,,39.08,15.12,6.76,55.64,
2021-12-30,19.945416666666667,14.375416666666666,5.514166666666667,36.18083333333333,,6.0,13.54,2.43,14.29,,33.84,15.64,11.29,64.55,
2021-12-31,24.784166666666664,19.998333333333335,9.370833333333334,45.12916666666666,,6.0,14.14,3.72,4.48,,83.03,59.7,23.15,113.9,
2022-01-01,35.970416666666665,24.808333333333334,6.347083333333334,51.25666666666667,,18.96,14.38,1.72,4.52,,96.15,88.21,15.92,135.2,
2022-01-02,17.489166666666666,16.167083333333334,5.253333333333333,49.529583333333335,,6.0,13.75,2.77,7.13,,46.73,26.56,12.28,133.9,
2022-01-03,13.463333333333333,13.939999999999998,9.167916666666667,56.888749999999995,,6.0,13.78,5.68,7.0,,31.27,14.47,14.24,130.1,
2022-01-04,20.456666666666667,14.087499999999999,12.570416666666667,41.01291666666666,,6.0,13.71,5.91,4.75,,36.97,15.34,20.87,90.95,
2022-01-05,15.570833333333333,15.722083333333332,9.421666666666667,20.49291666666667,,6.0,13.84,3.11,7.51,,40.0,18.35,19.83,43.62,
2022-01-06,16.170416666666668,15.103333333333333,4.4816666666666665,20.984583333333333,,6.0,14.05,1.37,6.14,,32.49,16.53,14.53,32.09,
2022-01-07,15.617083333333332,15.314583333333331,4.412916666666667,23.449583333333333,,6.0,14.43,2.19,5.68,,29.63,16.33,8.35,38.61,
2022-01-08,14.289583333333335,14.780416666666667,3.4595833333333332,27.245833333333337,,6.0,13.55,1.51,6.02,,23.85,16.29,6.57,41.81,
2022-01-09,13.993333333333334,14.85875,2.9,26.269583333333333,,6.0,14.13,1.24,13.44,,29.79,16.42,5.12,35.7,
2022-01-10,14.457916666666668,14.863333333333335,4.827083333333333,27.64166666666667,,6.0,14.23,2.94,6.45,,28.72,16.51,6.53,65.4,
2022-01-11,16.65625,16.887083333333333,7.204166666666667,19.967222222222222,,6.0,0.65,0.47,4.11,,40.74,208.0,18.24,62.33,
2022-01-12,23.033529411764704,25.363333333333333,8.008260869565218,46.39739130434782,,6.0,0.65,3.67,3.76,,48.17,325.5,18.34,141.6,
2022-01-13,25.572916666666668,5.9975,11.31875,45.65041666666667,,6.0,0.65,3.45,0.98,,44.72,55.26,41.02,157.5,
2022-01-14,25.289583333333336,6.047083333333333,10.174166666666666,50.745000000000005,,6.0,0.65,4.69,4.16,,55.68,38.51,18.94,146.6,
2022-01-15,15.973333333333334,2.652083333333333,10.1775,36.6725,,6.0,0.65,4.98,5.51,,31.63,14.29,16.95,96.64,
2022-01-16,17.948333333333334,8.665833333333333,7.77375,44.09666666666667,,6.0,0.65,2.36,13.93,,44.15,43.73,16.82,84.07,
2022-01-17,13.540833333333333,0.65,9.459166666666667,45.02041666666667,,6.0,0.65,0.47,3.77,,24.79,0.65,28.98,109.7,
2022-01-18,16.62125,0.65,9.763333333333334,31.283749999999998,,6.0,0.65,1.74,7.59,,41.6,0.65,20.97,70.63,
2022-01-19,24.640416666666667,,12.982916666666668,45.90958333333333,,6.0,,4.55,4.11,,47.99,,40.58,135.9,
2022-01-20,31.099166666666665,,9.336666666666666,44.24416666666667,,6.0,,2.39,2.45,,48.59,,24.94,146.6,
2022-01-21,27.228333333333335,1.9649999999999999,5.364583333333333,39.81583333333333,,6.0,1.63,1.38,3.24,,44.66,2.46,12.67,83.66,
2022-01-22,26.172083333333337,2.0316666666666667,5.584583333333334,52.249583333333334,,6.0,1.81,1.31,3.36,,58.24,2.24,10.93,131.6,
2022-01-23,35.9225,1.9458333333333335,8.800833333333332,46.90208333333334,,16.16,1.74,0.47,3.94,,53.62,2.25,14.81,109.8,
2022-01-24,25.54583333333333,1.9208333333333334,9.223333333333333,56.17416666666666,,6.0,1.61,1.99,3.03,,94.44,2.2,22.02,182.1,
2022-01-25,23.951666666666668,1.9283333333333335,6.73125,59.80291666666667,,14.14,1.65,0.47,19.29,,34.59,2.29,20.74,149.9,
2022-01-26,19.970000000000002,2.095,7.5575,51.458333333333336,,13.23,1.84,2.14,3.2,,32.89,2.58,18.32,133.2,
2022-01-27,10.197916666666666,2.125,3.7529166666666662,33.32625,,6.0,2.04,0.47,3.78,,25.22,2.46,11.47,56.63,
2022-01-28,16.74791666666667,2.1170833333333334,4.892083333333333,16.588333333333335,,6.0,1.91,1.02,0.98,,35.96,2.4,11.52,31.03,
2022-01-29,14.053333333333333,1.9595833333333335,4.038749999999999,20.256666666666664,,6.0,1.8,0.47,1.99,,29.57,2.26,10.84,36.34,
2022-01-30,12.331249999999999,1.9416666666666664,2.5129166666666665,25.135833333333334,,6.0,1.82,0.47,8.85,,33.18,2.12,6.6,43.98,
2022-01-31,19.325,2.874166666666666,5.566666666666666,37.77625,,6.0,1.91,1.65,3.48,,36.83,8.06,11.02,85.27,
2022-02-01,23.188333333333333,1.8904166666666666,3.2516666666666665,34.73,,6.0,1.73,1.08,6.46,,42.03,2.1,8.4,65.0,
2022-02-02,22.53708333333334,2.234583333333333,3.9887499999999996,36.711666666666666,,6.0,1.66,1.33,2.7,,42.12,4.0,8.54,94.37,
2022-02-03,26.584166666666665,4.18375,7.510000000000001,43.10208333333333,,6.0,1.59,2.3,3.52,,60.41,19.64,16.1,113.0,
2022-02-04,21.331666666666667,4.163333333333333,7.006666666666667,31.32041666666667,,6.0,1.62,1.85,8.77,,46.72,15.2,17.6,51.16,
2022-02-05,22.458333333333332,1.92125,7.347499999999999,30.887916666666666,,6.0,1.55,1.5,6.21,,45.46,2.41,12.89,65.32,
2022-02-06,14.225833333333332,3.1595833333333334,6.102499999999999,32.900416666666665,,6.0,1.62,1.28,10.36,,39.49,26.49,22.98,54.45,
2022-02-07,9.284583333333334,3.359166666666667,9.792083333333334,28.107083333333332,,6.0,2.01,2.63,5.32,,35.39,10.74,23.07,54.94,
2022-02-08,16.949583333333333,1.8945833333333333,4.036666666666666,26.507916666666663,,6.0,1.6,0.47,4.36,,31.31,2.2,15.29,49.41,
2022-02-09,17.864166666666666,1.8595833333333331,4.154166666666666,24.357083333333332,,6.0,1.58,1.49,3.13,,40.99,2.28,9.92,54.07,
2022-02-10,15.369047619047619,9.97625,4.401666666666666,30.226521739130437,,6.0,1.73,0.94,5.34,,36.17,185.2,8.31,69.44,
2022-02-11,18.995714285714286,2.225714285714286,5.062857142857142,7.574285714285715,,6.0,2.1,3.89,0.98,,37.88,2.35,6.29,13.82,
2022-02-12,,,,,,,,,,,,,,,
2022-05-21,,,,,,,,,,,,,,,
2022-05-22,,,,,,,,,,,,,,,
2022-05-23,,,,,2.725,,,,,2.725,,,,,2.725
2022-05-24,,9.487499999999999,42.791666666666664,27.10636363636364,2.4724621212272724,,3.3,17.5,0.98,1.35,,80.3,102.1,98.8,4.6
2022-05-25,,4.478260869565218,38.79583333333334,28.735833333333336,2.4788541666666664,,3.3,13.1,0.98,1.4575,,9.0,97.8,78.6,5.77
2022-05-26,,4.641666666666667,26.47083333333333,16.508333333333333,1.8060416666666665,,3.3,9.5,3.1,1.27,,12.0,45.1,41.8,2.81
2022-05-27,,3.782608695652174,34.229166666666664,8.345833333333333,2.487083333333333,,2.8,7.3,2.8,1.315,,5.1,67.8,21.9,6.1175
2022-05-28,,3.295652173913044,24.47083333333333,10.361739130434783,2.0140625,,2.5,8.4,0.98,0.9025,,4.9,60.6,36.8,5.9775
2022-05-29,,3.0833333333333335,11.370833333333332,17.2675,1.5695833333333333,,2.7,6.4,0.98,1.19,,3.5,20.9,34.5,2.8575
2022-05-30,,3.4956521739130437,14.304166666666665,18.735833333333336,1.375,,2.9,4.8,0.98,1.11,,4.7,23.7,43.1,2.03
2022-05-31,,11.954166666666666,22.266666666666666,13.286666666666667,1.8536458333333334,,2.5,6.5,0.98,1.2225,,76.7,53.5,53.7,3.69
2022-06-15,,,28.565217391304348,7.981999999999997,1.8543478260869568,,,8.3,0.98,1.1,,,98.4,45.8,2.8
2022-06-16,,,27.524999999999995,15.411666666666667,2.0691666666666664,,,10.2,0.98,1.54,,,79.0,86.8,3.03
2022-06-17,,,15.158333333333333,8.2225,1.3862499999999998,,,5.2,0.98,0.97,,,27.6,33.0,2.43
2022-06-18,,,11.116666666666667,21.264166666666664,1.4629166666666666,,,2.2,0.98,0.9,,,28.1,47.3,3.02
2022-06-19,,,15.820833333333333,17.013333333333335,1.9741666666666664,,,6.4,0.98,1.36,,,29.9,65.4,3.97
2022-06-20,,,17.166666666666668,10.44222222222222,1.7916666666666667,,,5.2,0.98,1.31,,,38.1,33.3,3.77
2022-06-21,,,18.56583333333333,3.166315789473684,1.6450000000000002,,,6.9,0.98,1.21,,,28.77,15.6,2.09
2022-06-22,,3.779130434782608,15.014347826086958,2.1700000000000004,,,3.14,9.69,0.98,,,4.54,25.52,7.65,
2022-06-23,8.938333333333333,3.4116666666666666,14.830416666666666,2.0520833333333335,,6.0,2.72,5.96,0.98,,23.63,4.36,28.99,6.91,
2022-06-24,15.69,3.4104166666666664,13.551666666666668,2.9095833333333334,,15.69,2.54,2.35,0.98,,15.69,5.66,28.07,9.1,
2022-06-25,,3.06625,4.748333333333334,17.136666666666667,,,2.74,0.47,0.98,,,3.51,13.16,23.43,
2022-06-26,,3.3312499999999994,7.1125,12.115833333333333,,,2.8,1.67,0.98,,,3.85,19.76,26.28,
2022-06-27,41.650000000000006,3.8345833333333332,16.375833333333333,0.98,,32.34,3.27,6.23,0.98,,47.3,4.67,42.58,0.98,
2022-06-28,37.84260869565218,6.053750000000001,19.26875,5.701818181818182,,6.0,3.14,6.35,0.98,,72.45,27.9,42.22,18.26,
2022-06-29,10.827916666666667,3.6820833333333334,11.2025,16.016666666666666,,6.0,3.07,2.73,0.98,,39.38,4.99,29.72,29.86,
2022-06-30,30.409166666666664,6.36,18.228333333333335,6.77375,,6.0,3.33,5.17,0.98,,90.7,33.31,33.77,32.11,
2022-07-01,29.419583333333335,3.8804166666666666,17.79375,7.595833333333334,,6.0,3.23,5.94,0.98,,80.64,5.88,42.99,33.13,
2022-07-02,30.768333333333334,8.9925,9.451666666666666,24.78125,,6.0,3.29,3.77,0.98,,53.87,94.1,18.33,56.86,
2022-07-03,16.595416666666665,3.7283333333333335,4.16375,22.294583333333332,,6.0,3.46,1.25,6.36,,34.75,4.0,9.76,30.6,
2022-07-04,25.671666666666667,3.7825,14.58375,4.226666666666667,,6.0,3.57,5.16,0.98,,50.11,4.65,32.49,16.39,
2022-07-05,24.229166666666668,3.84125,11.28608695652174,7.573333333333333,,12.27,2.95,3.93,0.98,,53.62,6.1,31.23,21.07,
2022-07-06,21.338333333333335,3.9370833333333337,11.801666666666668,6.843333333333334,,6.0,3.27,1.51,0.98,,78.88,5.46,26.83,22.65,
2022-07-07,36.56173913043478,4.295416666666667,19.028750000000002,7.12,,12.34,3.42,7.57,0.98,,60.24,5.9,39.07,21.76,
2022-07-08,17.430909090909093,16.280833333333334,9.962083333333332,13.26,,6.0,6.3,1.32,0.98,,30.21,28.15,23.94,26.7,
2022-07-09,28.03125,42.46208333333333,12.5525,11.872083333333334,,6.0,29.16,5.55,0.98,,69.5,50.86,22.96,45.42,
2022-07-10,42.35857142857143,59.937083333333334,15.123333333333335,11.902916666666664,,20.65,51.35,4.62,0.98,,70.89,66.36,24.09,47.93,
2022-07-11,31.596666666666664,74.10125000000001,14.775833333333333,17.000833333333333,,6.0,65.78,2.71,0.98,,49.62,85.45,32.15,41.53,
2022-07-12,12.446315789473685,88.78470588235295,7.703181818181817,22.484583333333333,,6.0,83.59,1.49,0.98,,36.06,98.04,28.48,36.61,
2022-07-13,19.757083333333334,,13.033125,4.7871428571428565,,6.0,,4.59,0.98,,38.9,,24.94,20.34,
2022-07-14,21.996666666666666,,10.632857142857143,4.199166666666667,,13.83,,1.14,0.98,,33.98,,21.24,10.25,
2022-07-15,11.757826086956522,,7.406521739130436,1.9154166666666665,,6.0,,3.02,0.98,,40.33,,11.69,5.99,
2022-07-16,28.075652173913046,3.951428571428572,5.307272727272728,3.8891666666666667,,6.0,0.65,0.47,0.98,,68.25,5.59,10.09,14.43,
2022-07-17,6.0,28.414583333333336,2.6983333333333337,21.050416666666667,,6.0,6.38,0.47,0.98,,6.0,43.5,9.59,31.94,
2022-07-18,31.69769230769231,25.483333333333334,9.633478260869564,5.382083333333334,,16.17,0.65,0.47,0.98,,62.6,65.39,29.64,26.86,
2022-07-19,28.971666666666664,4.930833333333333,7.364166666666667,6.2058333333333335,,13.5,0.65,2.72,0.98,,60.13,9.63,13.42,22.54,
2022-07-20,27.398749999999996,7.060416666666666,9.39625,5.363333333333333,,6.0,0.65,0.47,0.98,,51.21,13.38,17.57,28.4,
2022-07-21,31.850833333333338,7.293333333333333,8.942727272727272,6.2512500000000015,,15.45,0.65,0.47,0.98,,49.9,19.67,15.06,20.87,
2022-07-22,38.42583333333334,1.5929166666666668,13.530416666666667,4.052916666666667,,23.98,0.65,4.21,0.98,,67.56,4.15,26.08,16.6,
2022-07-23,,0.6887500000000001,7.776666666666666,7.5625,,,0.65,1.68,0.98,,,1.58,15.62,26.92,
2022-07-24,,1.8691666666666669,7.3933333333333335,11.722500000000002,,,0.65,0.47,0.98,,,5.27,21.55,55.27,
2022-07-25,,1.51625,6.946818181818181,15.634583333333333,,,0.65,1.47,0.98,,,2.87,23.18,49.6,
2022-07-26,29.192307692307693,6.443181818181818,6.268750000000001,18.998749999999998,,6.0,0.65,0.47,0.98,,62.65,14.82,18.44,39.44,
2022-07-27,38.411500000000004,5.688333333333333,12.795416666666668,10.389583333333333,,6.0,0.65,4.22,0.98,,75.31,12.63,31.38,49.19,
2022-07-28,41.35333333333333,2.296666666666667,12.366666666666667,8.5175,,6.0,0.65,1.19,0.98,,72.04,4.67,31.76,27.1,
2022-07-29,7.691666666666666,20.593333333333337,6.365833333333334,16.116249999999997,,6.0,3.67,0.47,0.98,,18.77,32.56,18.08,28.52,
2022-07-30,19.305,31.618333333333336,8.139583333333333,13.232916666666668,,6.0,27.86,2.7,0.98,,64.82,33.71,20.4,50.93,
2022-07-31,30.899583333333336,36.885,8.855833333333331,9.710833333333333,,6.0,26.65,2.07,0.98,,75.01,50.7,22.24,56.78,
2022-08-01,32.15958333333334,40.22208333333333,8.97375,10.010416666666666,,19.33,27.55,2.82,0.98,,46.68,52.33,19.64,46.33,
2022-08-02,23.839583333333337,36.52166666666667,5.142916666666667,21.949166666666667,2.2800000000000002,6.0,30.32,0.47,5.78,2.04,44.41,44.36,13.82,31.15,2.57
2022-08-03,34.095,27.457083333333333,5.90125,18.3225,2.0675000000000003,17.54,13.26,0.94,0.98,1.85,54.13,35.85,13.8,48.01,2.56
2022-08-04,21.97458333333333,22.15291666666667,7.83625,18.009166666666665,2.02,6.0,10.58,0.47,0.98,1.68,46.85,33.91,16.39,34.23,2.37
2022-08-05,8.163529411764706,31.203333333333333,4.9725,23.324166666666667,1.9608333333333332,6.0,3.03,0.47,0.98,1.55,15.24,58.96,16.47,47.64,2.84
2022-08-06,,80.55208333333333,3.5187499999999994,21.357083333333335,1.9891666666666665,,65.77,1.0,0.98,1.79,,88.84,7.32,40.89,2.38
2022-08-07,,65.96583333333334,1.7474999999999998,26.89625,1.9841666666666669,,40.69,0.47,9.24,1.8,,90.2,3.57,41.36,2.72
2022-08-08,6.0,81.51173913043479,2.3356521739130436,31.078181818181818,1.9086363636363635,6.0,42.1,0.47,20.43,1.67,6.0,341.3,6.63,41.1,2.5
2022-08-09,6.584583333333334,72.74,3.409583333333334,28.081249999999997,1.87875,6.0,72.74,0.47,12.1,1.7,20.03,72.74,11.81,35.59,2.38
2022-08-10,9.38625,,6.929583333333333,23.258750000000003,2.0933333333333333,6.0,,0.47,0.98,1.64,23.25,,22.44,36.83,4.32
2022-08-11,18.625,,8.822083333333333,12.652499999999998,2.1779166666666665,6.0,,2.88,0.98,1.72,36.05,,17.02,34.88,3.0
2022-08-12,14.674166666666666,,9.073333333333332,12.51625,2.2979166666666666,6.0,,2.85,0.98,1.86,46.26,,19.71,38.09,3.5
2022-08-13,27.02333333333333,,10.832916666666668,11.530833333333334,2.6125,6.0,,3.89,0.98,1.75,97.62,,23.58,26.47,5.69
2022-08-14,41.33625,0.65,8.880833333333333,14.835416666666665,3.1770833333333335,18.9,0.65,2.56,0.98,2.41,94.29,0.65,21.48,47.9,4.05
2022-08-15,26.899565217391306,0.65,7.708260869565218,14.71782608695652,2.252173913043478,6.0,0.65,0.47,5.72,1.88,96.68,0.65,14.98,26.11,3.85
2022-08-16,11.323749999999999,,7.891249999999999,19.38695652173913,2.36,6.0,,0.47,8.51,1.47,28.45,,14.7,31.29,3.4
2022-08-17,13.119583333333333,7.407826086956521,7.777083333333333,15.387083333333331,2.4570833333333333,6.0,6.94,0.47,3.74,1.77,40.47,8.08,19.08,35.79,3.06
2022-08-18,15.914583333333333,7.313333333333333,6.461666666666666,17.40875,1.7874999999999999,6.0,6.8,0.47,0.98,1.43,43.73,7.99,19.25,29.82,2.76
2022-08-19,11.254583333333334,10.439583333333333,8.530833333333334,16.55875,1.9991666666666668,6.0,6.92,0.47,0.98,1.54,47.95,29.11,23.07,32.84,3.11
2022-08-20,21.35833333333333,7.789166666666667,7.457083333333333,17.745416666666667,2.3154166666666667,6.0,7.19,0.96,0.98,1.8,56.35,8.86,24.45,38.57,3.66
2022-08-21,29.79375,10.832916666666668,5.891249999999999,18.46291666666667,2.3316666666666666,6.0,7.08,1.22,0.98,1.87,67.97,28.46,16.11,59.4,3.5
2022-08-22,30.821250000000003,8.204166666666666,6.758333333333333,17.337083333333332,2.0654166666666667,14.85,7.03,2.7,0.98,1.67,55.86,13.13,14.44,45.32,3.13
2022-08-23,24.375,7.773333333333333,7.677500000000001,20.423333333333332,2.0275,6.0,7.09,0.47,0.98,1.68,56.35,8.38,24.61,42.02,2.95
2022-08-24,42.17458333333334,13.363750000000001,13.950416666666667,17.700416666666666,2.6045833333333337,15.15,7.89,2.99,0.98,1.97,99.04,32.66,42.35,67.03,3.75
2022-08-25,34.06875,7.970416666666666,10.83875,20.642083333333332,2.3708333333333336,6.0,7.35,4.32,0.98,1.72,78.75,9.05,25.89,54.46,3.47
2022-08-26,38.050000000000004,14.643749999999999,13.125833333333333,23.18541666666667,2.4316666666666666,14.55,7.26,6.2,0.98,1.84,55.53,78.9,29.17,68.1,3.68
2022-08-27,28.517916666666668,29.316249999999997,10.54875,25.062083333333334,2.442083333333333,6.0,7.68,1.13,0.98,1.92,69.2,241.4,28.31,53.83,4.34
2022-08-28,14.109583333333333,7.320833333333333,0.9412499999999998,32.229166666666664,1.8241666666666667,6.0,7.04,0.47,25.44,1.71,50.11,8.43,3.87,48.05,2.04
2022-08-29,17.475416666666664,7.641666666666666,8.48375,19.364166666666666,2.0433333333333334,6.0,7.11,1.01,0.98,1.68,53.43,14.34,23.37,32.2,3.41
2022-08-30,14.950000000000001,7.764583333333333,4.450833333333333,17.936666666666667,1.9570833333333333,6.0,7.23,0.47,0.98,1.68,45.79,8.58,11.64,35.99,2.76
2022-08-31,22.09166666666667,17.528333333333332,11.196666666666665,14.207083333333332,2.7417391304347825,6.0,7.16,2.58,0.98,2.02,68.74,85.93,25.15,43.28,4.17
2022-09-01,24.101250000000004,8.097916666666668,9.071666666666667,12.676250000000001,2.28625,6.0,7.5,3.56,0.98,1.85,59.47,8.86,19.74,41.85,3.14
2022-09-02,17.77625,8.049583333333333,9.809583333333334,13.248333333333335,2.01375,6.0,7.59,0.47,0.98,1.6,57.14,8.84,24.07,28.51,3.18
2022-09-03,12.666666666666666,7.621666666666666,3.6791666666666667,24.031666666666666,1.9829166666666669,6.0,7.12,0.47,0.98,1.49,59.49,8.02,18.54,36.96,3.59
2022-09-04,21.656666666666666,19.0675,5.687916666666666,17.666666666666668,2.1149999999999998,6.0,7.18,0.47,0.98,1.74,49.69,203.0,19.97,42.33,2.81
2022-09-05,13.612916666666665,8.045,5.037916666666667,19.420833333333334,2.064166666666667,6.0,6.9,0.47,0.98,1.8,36.31,10.26,12.8,41.26,3.1
2022-09-06,14.781666666666666,8.08125,9.180833333333334,12.512083333333331,2.2691666666666666,6.0,7.9,0.47,0.98,1.76,58.65,8.52,20.64,25.36,3.33
2022-09-07,10.545,10.882916666666667,7.489999999999999,17.385833333333334,2.2729166666666667,6.0,7.88,2.93,0.98,1.89,30.22,31.89,17.08,46.4,3.2
2022-09-08,22.310555555555553,8.102916666666667,9.314583333333333,20.640416666666663,2.3016666666666663,6.0,7.42,1.69,0.98,1.92,88.92,9.08,25.93,51.34,3.67
2022-09-09,,7.797916666666667,9.177083333333334,23.803749999999997,2.2154166666666666,,6.95,1.04,0.98,1.53,,8.37,23.69,49.14,2.92
2022-09-10,9.086521739130434,8.2325,3.9154166666666668,24.295833333333334,1.8095833333333333,6.0,7.47,0.47,0.98,1.49,36.97,9.45,15.06,32.96,3.21
2022-09-11,13.386666666666665,9.235416666666667,2.7950000000000004,20.205,1.98625,6.0,6.81,0.47,0.98,1.65,30.98,35.34,8.67,40.65,2.68
2022-09-12,21.724166666666665,8.68875,11.565,11.49875,2.3058333333333336,6.0,7.27,0.47,0.98,1.66,88.96,10.88,27.9,31.65,3.34
2022-09-13,12.514583333333333,11.564583333333333,6.903333333333333,16.592916666666664,1.96,6.0,8.08,0.47,0.98,1.7,40.68,51.82,13.38,38.21,2.53
2022-09-14,10.28125,7.253333333333334,3.1350000000000002,24.695416666666663,1.8741666666666665,6.0,6.79,0.47,7.22,1.68,26.22,8.25,10.02,36.55,2.42
2022-09-15,7.308695652173912,7.144166666666668,3.38875,22.39625,1.8822727272727275,6.0,6.74,0.47,11.18,1.71,28.05,7.73,9.19,33.91,2.19
2022-09-16,10.25,7.451249999999999,3.065,23.55791666666667,2.027142857142857,6.0,6.9,0.47,7.72,1.7,23.43,8.57,7.84,36.99,2.49
2022-09-17,14.997916666666667,7.388333333333333,2.2312499999999997,24.202916666666667,1.8195833333333333,6.0,7.16,0.47,0.98,1.7,31.88,7.62,7.51,38.74,2.26
2022-09-18,18.48333333333333,7.6674999999999995,3.3691666666666666,22.69083333333333,1.9704166666666667,6.0,6.92,0.47,2.81,1.78,41.51,12.28,9.78,41.85,2.32
2022-09-19,13.367916666666668,12.492083333333333,8.685,10.052916666666667,2.0683333333333334,6.0,7.26,0.98,0.98,1.76,35.08,79.33,20.29,18.58,2.65
2022-09-20,10.779166666666669,8.232916666666666,2.6004166666666664,25.078333333333333,1.9404166666666667,6.0,7.55,0.47,8.86,1.74,28.43,8.92,7.43,39.83,2.34
2022-09-21,7.867916666666666,7.664166666666667,2.65625,26.95,1.9963636363636363,6.0,7.32,0.47,12.31,1.71,19.99,8.06,10.05,35.84,2.36
2022-09-22,7.7437499999999995,8.014999999999999,3.3387499999999997,20.75166666666667,1.8920833333333336,6.0,7.59,0.47,2.88,1.65,20.72,8.58,13.81,33.08,2.9
2022-09-23,8.666666666666666,8.980416666666667,5.286666666666667,25.02,1.9600000000000002,6.0,7.93,0.47,0.98,1.69,28.91,11.89,18.34,37.05,3.61
2022-09-24,17.941666666666666,10.512916666666666,6.26125,23.029583333333335,2.0295833333333335,6.0,7.67,1.0,0.98,1.59,33.23,46.39,20.69,58.26,2.9
2022-09-25,17.79375,8.275,3.420833333333333,19.08875,1.9745833333333334,6.0,7.89,0.47,2.2,1.77,35.12,10.22,11.62,37.78,2.4
2022-09-26,22.02227272727273,22.20125,11.003478260869565,15.242272727272729,2.3185714285714285,6.0,7.82,3.28,0.98,1.87,37.67,164.8,32.26,46.91,3.13
2022-09-27,31.444999999999997,8.003333333333332,11.962083333333334,23.685833333333335,2.014583333333333,6.0,7.49,4.56,0.98,1.58,70.49,8.58,27.98,52.51,3.05
2022-09-28,16.125416666666666,7.698333333333333,4.9991666666666665,30.294166666666666,1.6883333333333332,6.0,7.42,1.93,14.36,1.59,34.31,8.16,15.91,38.33,2.14
2022-09-29,19.27875,7.579583333333333,7.287916666666667,23.327916666666663,1.9033333333333335,6.0,7.37,2.67,0.98,1.71,33.64,7.83,21.49,37.33,2.58
2022-09-30,16.04625,7.735833333333333,9.6925,20.357916666666668,1.9645833333333333,6.0,7.5,2.52,0.98,1.71,29.15,8.09,23.03,30.91,2.78
2022-10-01,13.895833333333334,8.022083333333333,9.799583333333333,18.342083333333335,1.9779166666666665,6.0,7.72,4.31,0.98,1.75,27.97,8.86,20.68,38.45,2.57
2022-10-02,9.049583333333333,8.122916666666667,6.354583333333333,24.54041666666667,2.005833333333333,6.0,7.76,3.41,8.56,1.8,28.1,11.72,13.67,38.6,2.36
2022-10-03,14.241249999999999,12.329583333333332,9.8825,18.473333333333333,1.8966666666666667,6.0,7.84,4.49,0.98,1.66,43.35,97.07,18.02,40.24,2.17
2022-10-04,18.099999999999998,8.420416666666666,8.777083333333334,20.958750000000002,1.88875,6.0,7.78,3.28,0.98,1.7,32.44,10.99,20.42,37.04,2.46
2022-10-05,20.155416666666664,8.2425,8.192916666666667,22.402083333333334,1.8479166666666664,6.0,7.83,3.73,0.98,1.69,35.55,9.61,18.29,43.05,2.49
2022-10-06,19.156666666666666,8.252916666666666,12.285416666666668,10.874166666666667,2.1670833333333337,6.0,7.93,4.98,0.98,1.71,45.7,8.8,22.26,24.31,3.07
2022-10-07,14.758333333333335,10.979583333333332,12.240833333333333,20.518333333333334,1.79625,6.0,7.85,3.51,0.98,1.31,42.77,32.17,31.59,35.55,3.23
2022-10-08,23.405,13.570833333333333,15.209999999999999,19.029999999999998,2.3754166666666667,6.0,8.13,6.66,0.98,1.74,81.06,38.0,34.49,42.57,4.34
2022-10-09,17.22083333333333,8.456249999999999,4.894583333333333,26.05458333333333,1.555,6.0,7.98,1.67,5.43,1.33,79.42,9.84,23.43,31.54,3.28
2022-10-10,10.996363636363638,8.102916666666667,5.74625,26.293333333333333,1.871904761904762,6.0,7.91,1.96,17.36,1.43,25.88,8.6,12.68,33.03,2.77
2022-10-11,16.71875,9.040416666666667,15.36875,10.327083333333334,2.275,6.0,7.97,2.07,0.98,1.75,37.16,13.1,31.28,25.05,2.99
2022-10-12,10.466666666666667,9.83,9.109583333333333,13.304166666666665,2.1212500000000003,6.0,8.31,4.2,0.98,1.8,35.81,17.7,23.24,28.06,3.14
2022-10-13,12.341363636363637,15.135416666666666,9.322083333333332,23.186666666666667,2.1377272727272727,6.0,8.46,2.7,0.98,1.71,36.24,94.55,33.15,66.36,2.48
2022-10-14,27.876666666666665,8.408333333333333,3.964166666666667,29.812083333333334,1.7029166666666669,6.0,8.32,1.41,25.92,1.63,46.34,8.84,6.73,34.59,2.07
2022-10-15,19.697916666666668,8.420416666666666,3.5383333333333327,28.87166666666667,1.8516666666666666,6.0,8.31,1.62,21.25,1.66,33.63,8.66,6.55,34.84,2.87
2022-10-16,8.929583333333333,9.223333333333334,4.419583333333333,22.05333333333333,1.9233333333333331,6.0,8.36,2.46,12.39,1.73,22.6,14.37,10.32,36.71,2.49
2022-10-17,12.208333333333334,9.069166666666668,6.289583333333333,25.909166666666664,1.87375,6.0,8.18,2.08,3.07,1.72,31.66,12.33,12.39,52.9,2.1
2022-10-18,9.52375,8.558749999999998,4.577916666666667,27.157083333333333,1.79875,6.0,8.35,1.21,18.59,1.67,22.45,9.0,7.93,33.6,1.93
2022-10-19,7.053333333333332,8.640416666666667,4.617083333333333,23.0325,1.8187499999999999,6.0,8.37,1.56,15.43,1.64,17.52,9.0,8.27,31.83,1.93
2022-10-20,13.038333333333334,8.6925,6.045416666666667,18.754583333333333,1.887083333333333,6.0,8.46,1.74,6.3,1.69,37.61,8.95,14.08,31.23,2.29
2022-10-21,13.180000000000001,10.957500000000001,8.187916666666666,22.235833333333336,1.9275000000000002,6.0,8.53,4.87,0.98,1.71,33.93,27.79,17.32,49.48,2.56
2022-10-22,8.560833333333333,8.782499999999999,4.899583333333333,22.60375,1.7566666666666666,6.0,8.47,2.09,11.59,1.64,26.65,9.02,11.16,38.4,2.06
2022-10-23,16.74833333333333,9.575000000000001,6.509166666666666,17.270416666666666,1.845,6.0,8.72,2.1,0.98,1.6,36.17,17.25,11.88,40.62,2.18
2022-10-24,14.952916666666667,15.137916666666667,8.45875,17.46125,1.9120833333333334,6.0,8.68,3.04,0.98,1.69,29.47,73.02,17.57,41.11,2.46
2022-10-25,12.217916666666666,8.638333333333334,6.445416666666667,19.59958333333333,1.8433333333333335,6.0,8.31,3.74,0.98,1.73,26.32,8.84,12.94,42.31,2.15
2022-10-26,22.435833333333335,11.977916666666665,9.669166666666667,27.32041666666667,1.8670833333333334,6.0,8.55,4.71,0.98,1.7,82.21,46.04,16.66,70.13,2.32
2022-10-27,13.1825,17.84125,13.827083333333334,27.93541666666667,1.8158333333333332,6.0,9.0,3.97,10.08,1.61,27.65,79.1,30.54,47.5,2.09
2022-10-28,27.213750000000005,16.107083333333332,12.258750000000001,28.689166666666665,1.9437499999999999,6.0,8.81,5.95,0.98,1.66,49.96,88.94,20.79,67.19,2.52
2022-10-29,33.64416666666667,17.907083333333336,13.251666666666665,26.15041666666666,2.2554166666666666,15.98,8.77,7.74,0.98,1.88,88.87,58.74,22.16,52.61,2.9
2022-10-30,17.8775,29.040416666666662,10.14,34.33291666666667,2.1808333333333336,6.0,8.91,4.8,19.4,1.84,36.78,133.6,20.39,46.59,2.62
2022-10-31,8.41,8.992083333333333,6.276666666666666,20.645833333333332,1.865833333333333,6.0,8.28,1.01,4.96,1.73,19.22,9.99,16.16,31.36,2.17
2022-11-01,11.136666666666665,10.49875,7.323333333333333,17.510416666666668,1.8533333333333335,6.0,8.19,1.92,3.75,1.61,31.46,50.81,20.02,32.0,2.6
2022-11-02,14.878749999999998,9.317916666666667,7.039166666666667,18.82875,1.8904166666666666,6.0,8.32,2.55,0.98,1.61,38.19,17.93,15.43,45.99,2.48
2022-11-03,16.70625,15.079166666666666,9.290833333333333,19.975416666666668,1.9004166666666666,6.0,8.34,3.4,0.98,1.57,33.9,87.92,20.28,47.03,2.59
2022-11-04,17.76,9.285416666666665,7.520833333333333,17.141666666666666,1.7958333333333336,6.0,8.47,2.56,0.98,1.59,33.84,11.6,14.82,30.6,2.19
2022-11-05,18.94625,9.253749999999998,6.604583333333333,17.36375,2.0029166666666667,6.0,8.51,2.02,0.98,1.67,37.63,9.47,16.41,33.08,2.32
2022-11-06,12.584166666666667,9.13875,3.8524999999999996,18.184583333333332,1.8062499999999997,6.0,8.43,1.69,2.18,1.67,28.15,9.42,6.25,28.77,2.31
2022-11-07,11.544166666666667,9.301250000000001,7.19,11.894166666666669,1.85,6.0,8.93,3.58,0.98,1.71,27.44,9.42,13.64,23.29,2.12
2022-11-08,10.811250000000001,10.41,9.042916666666668,10.586250000000001,1.9920000000000002,6.0,9.21,3.11,0.98,1.69,26.58,23.26,21.12,25.16,2.88
2022-11-09,12.129583333333334,9.587083333333334,10.795416666666668,9.8125,2.316666666666667,6.0,9.16,4.43,0.98,1.73,45.6,10.26,20.35,24.18,2.91
2022-11-10,15.040416666666667,10.23375,7.397083333333332,16.069166666666668,1.8575,6.0,9.07,3.07,0.98,1.58,27.73,20.27,21.03,30.72,2.55
2022-11-11,16.190416666666668,14.148333333333333,10.06,22.33875,1.8966666666666665,6.0,9.5,2.75,4.29,1.65,37.38,47.36,16.54,59.97,2.61
2022-11-12,19.402083333333334,9.556666666666667,7.233333333333333,25.83583333333333,1.9470833333333333,6.0,8.82,4.77,2.76,1.79,40.9,14.13,10.97,56.37,2.23
2022-11-13,22.74,9.104583333333332,6.354583333333333,17.756666666666664,2.015,6.0,8.81,4.57,8.85,1.87,39.0,10.8,8.42,34.91,2.31
2022-11-14,9.988750000000001,23.9825,12.382499999999999,24.851666666666663,1.9895833333333333,6.0,8.82,4.37,0.98,1.67,36.78,112.6,32.12,47.18,2.52
2022-11-15,18.106666666666666,102.65208333333334,12.107500000000002,25.881666666666664,1.845,6.0,9.02,3.11,7.95,1.58,41.25,448.3,31.54,42.21,2.64
2022-11-16,22.896666666666665,14.007916666666667,14.222916666666668,19.278333333333332,1.9608333333333334,6.0,8.98,2.66,0.98,1.61,50.92,57.71,28.34,42.1,2.99
2022-11-17,31.247083333333332,10.229166666666666,12.8025,21.800416666666667,1.9016666666666666,6.0,9.11,3.07,0.98,1.56,60.35,14.26,26.47,56.78,2.86
2022-11-18,24.36666666666667,13.0875,9.057500000000001,18.96625,1.875416666666667,6.0,9.23,3.96,0.98,1.68,43.72,61.02,30.46,42.18,2.42
2022-11-19,26.1075,9.974583333333333,6.029583333333334,24.872083333333332,1.8650000000000002,6.0,9.41,3.38,3.97,1.65,55.96,11.14,9.55,48.14,2.48
2022-11-20,30.547083333333333,9.76,5.565,24.254583333333333,1.8012499999999998,14.6,9.07,3.32,5.5,1.58,51.15,11.28,8.23,47.32,2.14
2022-11-21,31.474166666666672,12.117916666666668,12.633750000000001,20.15291666666667,1.8862499999999998,20.68,9.06,5.5,0.98,1.63,45.58,20.64,22.53,51.92,2.44
2022-11-22,23.259999999999998,14.45375,10.1225,16.144782608695653,2.189375,6.0,9.43,3.72,3.72,1.67,53.87,108.4,20.96,35.12,3.03
2022-11-23,20.268124999999998,10.073749999999999,2.8625000000000003,25.7625,1.7820833333333332,6.0,9.38,0.47,0.98,1.58,96.46,10.68,9.13,49.04,2.43
2022-11-24,20.192777777777778,9.72875,2.4600000000000004,28.574583333333333,1.750416666666667,6.0,9.14,0.47,0.98,1.54,96.92,11.02,9.31,53.83,2.16
2022-11-25,27.21,9.713333333333333,2.3575,26.239583333333332,1.8746153846153844,6.0,9.21,0.47,3.83,1.72,96.52,10.3,7.55,47.71,2.2
2022-11-26,11.985416666666666,9.6075,1.039583333333333,20.732499999999998,1.7083333333333333,6.0,9.28,0.47,8.76,1.49,25.41,10.29,2.78,34.3,2.06
2022-11-27,22.250833333333333,9.58875,0.47,21.461250000000003,1.6454166666666665,13.07,9.31,0.47,14.21,1.53,27.92,10.03,0.47,27.52,1.77
2022-11-28,16.04625,9.6975,0.854090909090909,19.769583333333333,1.6379166666666667,6.0,9.31,0.47,13.25,1.52,26.51,10.37,2.32,31.73,1.86
2022-11-29,17.2625,9.614583333333334,0.9879166666666667,20.670833333333334,1.6229166666666668,6.0,9.33,0.47,13.42,1.52,26.03,10.11,2.26,29.2,1.7
2022-11-30,12.20875,9.890416666666667,1.6575,22.25,1.7325,6.0,9.4,0.47,5.56,1.54,25.24,10.44,5.82,34.94,1.93
2022-12-01,13.31,10.758333333333333,3.66,27.645833333333332,2.0570833333333334,6.0,9.52,0.47,6.58,1.59,40.22,19.11,8.41,58.97,2.59
2022-12-02,28.504166666666666,13.248750000000001,4.4558333333333335,35.4775,2.08625,6.0,10.27,1.18,0.98,1.74,40.63,27.65,11.85,77.44,2.63
2022-12-03,23.114583333333332,10.274166666666666,2.299166666666667,27.31833333333333,1.9279166666666665,6.0,9.96,0.47,10.82,1.77,43.07,10.55,4.55,50.61,2.68
2022-12-04,21.994583333333335,10.336666666666666,2.2137499999999997,23.212083333333336,2.03375,6.0,10.17,0.47,10.11,1.84,39.08,10.68,6.92,40.59,2.47
2022-12-05,9.85875,10.2175,1.6191666666666666,17.265,1.7220833333333332,6.0,9.93,0.47,5.9,1.51,19.35,10.65,6.44,29.08,2.4
2022-12-06,6.87375,10.15625,1.5633333333333332,22.52791666666667,1.7720833333333335,6.0,10.03,0.47,6.51,1.53,16.53,10.52,3.88,39.85,1.93
2022-12-07,8.58375,10.277083333333334,2.8191666666666673,25.064583333333335,1.7904166666666665,6.0,10.02,1.06,9.4,1.68,18.98,10.85,5.83,45.71,2.17
2022-12-08,22.685,15.622083333333334,6.042916666666668,41.44500000000001,1.82875,6.0,10.24,1.83,2.21,1.64,46.22,51.43,16.27,131.9,2.1
2022-12-09,25.069583333333338,10.305,4.836666666666667,33.40416666666666,1.8958333333333333,6.0,10.05,1.81,5.59,1.63,41.66,11.22,8.38,87.38,2.18
2022-12-10,33.33409090909091,11.081250000000002,3.7262500000000003,36.319583333333334,2.037272727272727,14.61,10.23,0.47,2.27,1.79,64.51,14.95,12.46,97.0,2.44
2022-12-11,19.536666666666665,10.391666666666667,1.51625,35.282916666666665,2.0037499999999997,6.0,10.09,0.47,14.08,1.78,32.17,11.18,6.53,64.93,2.3
2022-12-12,31.60090909090909,30.065,6.4504166666666665,24.364782608695652,2.0204761904761903,6.0,10.37,1.55,2.72,1.65,51.77,170.5,25.77,73.04,2.43
2022-12-13,16.079166666666666,10.706250000000002,3.322083333333333,17.30375,1.7108333333333334,6.0,9.79,0.47,2.22,1.5,34.48,13.16,8.25,35.79,2.17
2022-12-14,17.62,10.18125,3.109583333333333,17.084166666666665,1.9422727272727272,6.0,9.8,0.97,0.98,1.66,45.93,10.66,5.91,32.7,2.19
2022-12-15,26.032083333333333,14.839166666666669,3.6945833333333336,32.2025,1.7845833333333332,16.8,9.87,1.25,2.74,1.64,43.16,50.32,11.18,71.17,2.33
2022-12-16,22.377499999999998,10.16125,1.6320833333333333,27.05583333333333,1.6282608695652172,6.0,9.75,0.47,14.4,1.48,49.54,10.57,4.25,37.58,1.74
2022-12-17,22.334166666666665,10.084999999999999,2.15875,18.852083333333333,1.8833333333333335,6.0,9.82,0.47,0.98,1.71,46.89,10.87,5.94,33.43,2.12
2022-12-18,18.901666666666667,10.1075,0.7120833333333332,20.163749999999997,1.9058333333333335,6.0,9.87,0.47,15.46,1.64,32.48,10.41,2.06,26.11,2.35
2022-12-19,9.039166666666665,10.056666666666667,0.9008333333333334,18.920416666666668,1.7008333333333334,6.0,9.8,0.47,12.38,1.58,26.07,10.59,3.11,26.13,1.78
2022-12-20,10.1575,10.176666666666668,1.3829166666666666,22.88625,1.7787499999999998,6.0,9.9,0.47,10.36,1.61,23.65,10.62,3.66,37.93,1.92
2022-12-21,11.107083333333334,10.1325,0.9666666666666667,18.339583333333334,1.6529166666666668,6.0,9.95,0.47,7.06,1.53,21.5,10.46,2.9,27.75,1.81
2022-12-22,16.76833333333333,10.235833333333334,1.6330434782608696,14.719583333333333,1.664583333333333,6.0,9.93,0.47,4.94,1.5,38.38,10.51,5.38,24.07,1.87
2022-12-23,22.209999999999997,12.135,2.6575,18.235416666666666,1.95375,6.0,10.24,0.47,2.33,1.67,44.21,31.89,7.14,38.46,2.33
2022-12-24,24.285416666666663,12.435416666666669,2.8229166666666665,22.409166666666664,1.8708333333333336,6.0,10.2,1.18,0.98,1.59,65.91,21.58,5.53,53.05,2.69
2022-12-25,30.92958333333333,14.303333333333333,2.5443478260869563,20.2675,1.9291666666666665,6.0,10.24,0.47,0.98,1.62,65.29,78.59,6.51,46.49,2.47
2022-12-26,16.667916666666667,10.274583333333334,1.0599999999999998,19.708333333333332,1.615,6.0,10.16,0.47,14.62,1.53,44.65,10.7,3.63,24.86,1.7
2022-12-27,19.075833333333332,10.466666666666667,1.6908333333333332,18.449583333333333,1.6833333333333336,6.0,10.11,0.47,3.5,1.57,30.41,11.41,6.14,31.08,1.83
2022-12-28,7.566666666666666,10.818333333333333,2.2983333333333333,15.754166666666668,1.7079166666666665,6.0,10.22,0.47,3.82,1.45,30.58,16.48,9.96,28.31,2.3
2022-12-29,14.925416666666669,10.847916666666668,2.15375,27.03,1.6704166666666669,6.0,10.25,0.47,6.38,1.56,33.3,15.66,6.64,51.18,1.87
2022-12-30,20.190416666666668,17.703333333333333,4.075,29.617499999999996,1.7704166666666667,6.0,10.27,1.15,0.98,1.61,39.18,80.52,10.19,63.12,2.06
2022-12-31,25.686666666666667,11.787916666666666,2.6237500000000002,33.27333333333333,1.9304166666666667,6.0,10.42,0.47,0.98,1.57,61.21,22.03,5.66,70.98,3.18
2023-01-01,26.760416666666668,10.782499999999999,1.12875,29.018333333333334,1.8641666666666665,3.94,10.4,0.47,8.72,1.66,84.98,12.36,3.0,53.35,2.76
2023-01-02,23.057916666666667,16.170416666666668,3.5666666666666664,21.315833333333334,1.87375,9.52,10.38,0.47,9.46,1.69,47.11,41.14,6.32,38.03,2.15
2023-01-03,10.617916666666668,10.660833333333333,0.8379166666666666,25.979166666666668,1.6141666666666665,2.75,10.5,0.47,9.48,1.46,23.14,11.12,3.47,46.0,1.92
2023-01-04,15.739583333333334,14.711666666666666,2.895,24.171666666666667,1.7575000000000003,6.24,10.51,0.47,3.37,1.52,41.72,57.41,8.81,59.09,2.02
2023-01-05,16.85375,10.78125,2.9683333333333333,25.242083333333337,1.72,4.99,10.56,0.47,0.98,1.6,43.53,11.49,7.42,56.13,1.94
2023-01-06,23.517083333333336,10.658333333333333,2.9200000000000004,20.956249999999997,1.7220833333333332,8.79,10.42,0.47,3.9,1.59,44.43,10.77,11.14,36.32,2.03
2023-01-07,25.639583333333334,10.744583333333333,1.99875,14.521666666666667,1.8116666666666668,10.4,10.52,0.47,0.98,1.7,41.78,11.0,6.53,24.33,1.95
2023-01-08,18.087500000000002,10.784583333333336,1.966521739130435,13.832916666666668,2.0370833333333334,4.83,10.53,0.47,3.6,1.74,30.97,11.6,8.57,23.99,2.21
2023-01-09,16.951666666666668,11.465416666666664,3.686666666666666,18.304166666666664,1.71125,5.12,10.55,1.06,4.87,1.61,37.43,13.8,7.87,37.92,2.15
2023-01-10,21.40125,11.873750000000001,12.46,20.427083333333332,1.8358333333333334,10.61,11.13,4.58,0.98,1.65,41.45,13.87,25.8,61.48,2.16
2023-01-11,23.91208333333333,15.089583333333335,14.422083333333333,27.85291666666667,1.8975000000000002,3.21,11.01,2.25,0.98,1.52,48.64,44.6,26.9,65.81,2.46
2023-01-12,36.994166666666665,20.75166666666667,18.594583333333333,37.25,1.950833333333333,14.82,11.32,0.47,1.97,1.48,69.61,95.36,56.89,68.79,2.43
2023-01-13,29.00833333333333,20.02208333333333,19.744583333333335,31.921666666666667,2.035833333333333,20.3,11.31,3.91,4.23,1.77,39.79,80.36,40.97,76.46,2.6
2023-01-14,14.335416666666667,25.850416666666664,10.387083333333335,22.83708333333333,1.7195833333333332,3.3,11.18,1.72,3.74,1.53,28.43,141.1,26.55,43.39,2.78
2023-01-15,12.897499999999999,10.799166666666666,4.53875,21.37875,1.8416666666666668,6.46,10.57,1.42,10.59,1.64,28.52,11.3,7.26,35.13,2.33
2023-01-16,11.212222222222222,10.953333333333333,6.202500000000001,26.464583333333334,1.9022222222222223,4.43,10.5,2.37,3.38,1.7,20.92,11.79,16.24,46.43,2.04
2023-01-17,12.54125,14.144583333333335,5.4075000000000015,29.073478260869567,1.7312500000000002,3.14,10.5,2.12,12.13,1.57,31.82,63.12,15.06,41.09,2.02
2023-01-18,10.687083333333334,12.571250000000001,4.581666666666666,25.970833333333335,1.6624999999999999,5.09,12.21,1.0,20.8,1.57,19.82,13.17,9.6,31.34,1.75
2023-01-19,7.7058333333333335,13.072916666666666,3.3991666666666664,23.04791666666667,1.6941666666666666,3.57,12.64,1.11,16.2,1.62,15.16,13.33,6.51,30.32,1.79
2023-01-20,10.152916666666666,13.15,5.1241666666666665,22.320833333333336,1.7837500000000002,2.9,12.44,2.28,6.29,1.68,26.86,13.66,11.73,46.61,2.01
2023-01-21,22.282916666666665,14.796666666666667,10.080416666666666,33.39,1.9416666666666667,8.66,12.44,2.36,5.06,1.71,95.77,27.84,17.26,81.61,2.46
2023-01-22,14.985833333333332,17.752499999999998,9.49375,45.38041666666666,1.7774999999999999,5.28,13.35,1.46,6.06,1.62,26.66,78.57,21.97,82.74,2.41
2023-01-23,23.151250000000005,17.30916666666667,22.462500000000002,54.725833333333334,1.92375,10.36,12.82,10.0,9.02,1.74,55.8,55.88,38.56,149.4,2.26
2023-01-24,21.975833333333338,23.4075,16.32375,51.915,1.7758333333333336,6.91,12.7,5.14,6.76,1.55,47.81,104.6,40.19,123.0,2.29
2023-01-25,27.38416666666667,18.317916666666665,15.589166666666666,56.467499999999994,1.7804166666666668,8.72,13.08,4.77,10.43,1.63,46.97,60.69,68.52,133.3,2.26
2023-01-26,22.302916666666665,13.474166666666667,12.071666666666667,51.76666666666667,1.8320833333333333,11.76,12.65,3.39,9.87,1.68,52.02,14.48,29.78,99.79,2.15
2023-01-27,20.235454545454548,15.612083333333333,15.60375,60.15833333333334,1.8825,7.78,12.93,5.79,7.83,1.67,49.53,39.5,27.53,135.5,2.09
2023-01-28,31.129166666666663,19.230416666666667,16.545833333333334,52.26416666666666,1.992916666666667,13.69,13.42,6.55,4.86,1.73,61.59,53.44,22.6,130.4,2.42
2023-01-29,17.45,13.613750000000001,10.53625,34.89416666666666,1.8795833333333334,2.93,12.94,1.11,6.65,1.64,35.89,14.05,26.05,63.37,2.3
2023-01-30,18.17791666666667,13.666666666666666,11.493749999999999,39.79875,1.905,4.32,12.93,4.46,3.93,1.78,31.04,14.53,22.31,113.1,2.14
2023-01-31,20.4575,17.39125,17.62666666666667,51.221250000000005,1.8954166666666665,5.55,13.05,9.92,3.92,1.7,38.78,30.94,45.9,124.9,2.34
2023-02-01,24.665000000000003,13.6825,12.518333333333336,45.29958333333334,1.9225,11.36,12.9,3.94,4.63,1.67,48.06,14.35,23.45,98.95,2.49
2023-02-02,16.40791666666667,13.507916666666667,6.948333333333333,34.46583333333333,1.8454166666666667,7.87,13.02,1.79,6.07,1.71,31.61,14.12,18.61,64.64,2.17
2023-02-03,12.1325,14.35875,12.092500000000001,26.401666666666667,1.9887500000000002,2.89,13.15,3.9,9.01,1.76,27.96,22.63,22.82,51.55,2.38
2023-02-04,8.7925,14.851666666666665,10.737500000000002,27.843333333333334,1.8786956521739129,1.35,13.47,2.09,9.33,1.62,26.05,20.47,28.99,45.73,2.99
2023-02-05,14.83041666666667,18.40875,10.678749999999999,31.588333333333335,1.7433333333333332,7.74,13.49,3.1,4.35,1.55,29.53,48.51,28.23,54.12,2.59
2023-02-06,16.991666666666667,21.77208333333333,16.268333333333334,46.02,1.7720833333333335,6.32,13.49,3.8,5.34,1.56,32.44,98.21,39.01,108.2,2.12
2023-02-07,20.482083333333335,13.815833333333336,11.115,43.46291666666667,1.7850000000000001,6.65,13.46,1.67,7.25,1.55,32.27,14.91,22.42,96.8,2.13
2023-02-08,19.397368421052633,17.69458333333333,5.90625,34.880714285714284,1.8594736842105262,6.69,10.47,2.93,4.08,1.66,42.27,108.3,10.77,111.2,2.16
2023-02-09,23.21875,12.605833333333331,6.497916666666666,,1.7916666666666667,9.06,10.44,1.48,,1.67,44.41,19.56,15.51,,2.13
2023-02-10,26.36916666666667,11.462916666666667,7.142500000000001,91.75083333333333,2.0083333333333333,8.49,10.46,1.43,43.11,1.75,48.32,18.97,21.27,157.4,2.39
2023-02-11,23.12833333333333,11.462083333333334,6.4875,60.6025,1.9179166666666667,5.93,10.49,1.38,6.1,1.58,42.14,15.73,20.8,157.8,2.27
2023-02-12,20.855,10.837083333333334,3.12875,63.66583333333333,1.8004166666666668,6.68,10.52,1.07,7.06,1.62,48.63,12.55,5.79,155.5,1.94
2023-02-13,29.152083333333337,11.310833333333333,7.057083333333334,70.7925,1.8658333333333335,12.19,10.61,1.6,6.25,1.59,81.85,13.09,16.85,146.8,2.57
2023-02-14,29.953333333333337,10.985833333333332,7.292916666666667,63.00208333333333,1.8149999999999997,11.9,10.71,2.73,18.84,1.63,71.7,12.26,18.02,96.17,2.19
2023-02-15,14.026666666666666,10.910833333333334,8.405416666666666,47.65291666666667,1.8916666666666666,4.45,10.63,0.47,7.21,1.63,30.94,11.67,20.06,88.14,2.44
2023-02-16,15.467083333333335,11.003749999999998,6.2941666666666665,48.22874999999999,2.0025,4.17,10.82,2.4,7.53,1.73,28.67,12.35,15.14,96.88,2.32
2023-02-17,10.9275,10.97875,5.822499999999999,42.3025,1.6508333333333336,3.77,10.55,0.99,20.27,1.42,28.92,11.72,13.46,69.9,2.27
2023-02-18,16.33791666666667,11.825000000000001,4.509583333333333,37.61333333333334,1.6970833333333335,3.62,10.51,0.47,12.22,1.49,27.95,17.4,12.11,67.85,2.38
2023-02-19,16.878333333333334,10.862083333333333,2.8829166666666666,34.75541666666667,1.8429166666666668,6.76,10.36,0.47,4.56,1.65,26.78,11.48,6.1,57.01,2.57
2023-02-20,15.810416666666669,10.85666666666667,5.290416666666666,22.715,1.7854166666666667,3.27,10.55,1.28,6.36,1.6,35.0,11.35,10.99,37.91,2.14
2023-02-21,8.7675,12.225833333333334,3.515416666666667,35.36208333333334,1.79875,3.15,10.71,0.47,4.65,1.61,20.34,25.65,18.46,73.49,2.17
2023-02-22,14.682916666666666,10.889583333333334,3.37875,31.222916666666666,1.8625,3.03,10.76,0.47,3.96,1.7,27.92,11.17,10.05,57.31,2.45
2023-02-23,14.139166666666668,12.742083333333333,6.279583333333334,29.4275,1.9320833333333332,5.58,10.76,1.33,5.05,1.72,32.16,34.1,14.05,63.25,2.17
2023-02-24,21.154583333333335,14.52833333333333,9.580833333333333,25.154583333333335,2.0429166666666667,4.76,10.9,2.93,4.36,1.67,36.27,25.16,16.52,86.06,2.58
2023-02-25,17.492083333333333,13.102916666666667,7.709583333333334,31.347916666666666,2.06875,4.73,10.99,4.09,3.87,1.88,37.34,24.37,11.07,67.91,2.4
2023-02-26,29.231176470588235,22.0264705882353,9.542352941176473,18.680588235294117,2.1,14.98,10.99,3.77,4.37,1.77,48.02,95.7,14.51,66.44,2.51
2023-02-27,,,,,,,,,,,,,,,
2023-03-01,,13.55,14.31,13.54,3.72,,13.55,14.31,13.54,3.72,,13.55,14.31,13.54,3.72
2023-03-02,,26.48304347826087,11.427391304347825,43.705652173913045,2.030869565217391,,11.29,2.71,4.53,1.4,,155.7,32.69,122.3,4.41
2023-03-03,,13.013750000000002,12.412916666666666,35.459583333333335,2.1670833333333333,,11.93,4.41,4.33,1.8,,15.64,25.03,110.1,2.77
2023-03-04,,13.168333333333331,6.785416666666666,23.85291666666667,2.047083333333333,,11.82,2.34,4.88,1.8,,15.94,16.8,59.3,2.5
2023-03-05,,12.1825,2.4579166666666667,43.23499999999999,1.7912499999999998,,11.52,0.47,16.13,1.69,,12.78,9.22,61.96,1.95
2023-03-06,,12.412916666666666,4.43125,37.60458333333333,1.8820833333333333,,11.71,0.47,21.53,1.67,,13.1,13.39,48.36,2.38
2023-03-07,,13.683750000000002,7.865833333333334,30.282916666666665,2.17125,,11.72,1.08,4.93,1.75,,23.4,21.48,54.26,2.87
2023-03-08,,15.794583333333334,9.72,36.42541666666666,2.2929166666666663,,11.62,1.59,3.44,1.77,,47.0,23.48,86.19,3.2
2023-03-09,,16.184166666666666,9.722916666666666,42.94,1.9829166666666664,,11.41,3.8,3.08,1.73,,70.54,20.23,127.0,2.64
2023-03-10,,12.0525,4.589166666666666,38.70041666666666,2.1333333333333333,,11.67,1.34,13.67,1.7,,12.69,12.49,85.91,2.41
2023-03-11,,24.771666666666665,6.03375,52.43541666666667,1.8800000000000001,,11.82,1.62,11.06,1.71,,164.1,25.23,114.1,2.41
2023-03-12,,12.020000000000001,2.2770833333333336,34.03041666666667,1.8058333333333332,,11.66,0.47,12.01,1.7,,12.48,5.78,56.81,2.03
2023-03-13,,12.082916666666668,3.605833333333333,28.1875,1.8566666666666667,,11.34,1.31,2.8,1.65,,12.65,10.04,56.06,2.15
2023-03-14,,18.627916666666668,4.5225,29.655833333333334,1.7412499999999997,,10.23,1.81,4.21,1.59,,139.8,13.06,63.84,1.98
2023-03-15,,10.14,4.642916666666667,33.30458333333333,1.7924999999999998,,9.51,1.83,4.16,1.57,,10.86,14.02,74.36,2.57
2023-03-16,,14.371666666666664,5.9375,37.668749999999996,1.8570833333333334,,9.61,1.02,3.74,1.63,,51.42,13.79,135.3,2.38
2023-03-17,,11.118333333333334,7.791250000000001,26.832916666666666,2.0708333333333333,,9.65,4.79,6.26,1.72,,16.06,19.23,85.64,2.62
2023-03-18,,16.84541666666667,6.435416666666666,27.027083333333337,2.1199999999999997,,9.76,2.63,6.05,1.85,,127.1,13.1,79.37,2.56
2023-03-19,,15.795416666666668,5.596666666666667,26.9225,1.8579166666666669,,9.59,1.31,6.0,1.5,,110.8,10.99,67.43,2.43
2023-03-20,,17.722083333333334,12.48375,21.77458333333333,1.9683333333333335,,10.64,2.73,6.01,1.41,,108.5,26.0,77.22,2.79
2023-03-21,,9.990833333333333,5.246666666666667,28.08375,1.7154166666666668,,9.57,1.61,6.36,1.53,,10.62,13.17,53.1,2.12
2023-03-22,,9.836666666666668,3.0625,27.989583333333332,1.8679166666666667,,9.41,1.03,10.43,1.65,,10.84,11.3,55.84,2.04
2023-03-23,,11.795,3.9925,37.865833333333335,1.8212499999999998,,9.28,0.47,8.63,1.5,,31.95,10.55,95.53,2.02
2023-03-24,,11.073333333333332,5.27625,24.205416666666665,1.8537499999999998,,10.49,1.08,6.9,1.59,,12.89,12.09,44.93,2.23
2023-03-25,,10.94041666666667,4.8133333333333335,18.470833333333335,1.9595833333333335,,10.28,2.34,6.43,1.68,,11.39,9.78,40.95,2.37
2023-03-26,,15.402916666666668,4.308333333333334,28.805416666666662,1.7550000000000001,,11.04,0.47,6.42,1.5,,41.29,11.61,47.6,2.6
2023-03-27,,10.712916666666667,5.807916666666666,21.490416666666665,1.7470833333333333,,9.54,0.47,5.85,1.52,,11.84,17.99,41.36,2.21
2023-03-28,,10.811250000000001,7.064166666666668,25.748333333333335,1.8699999999999999,,9.48,2.17,5.81,1.61,,13.76,16.19,63.64,2.61
2023-03-29,,14.472608695652173,8.900434782608695,27.860434782608696,1.9017391304347826,,10.55,3.28,5.86,1.56,,37.89,27.55,73.14,2.95
2023-03-30,,21.568750000000005,7.677083333333333,52.211666666666666,1.9270833333333333,,10.19,2.59,16.41,1.63,,117.1,15.72,101.4,2.3
2023-03-31,,19.972083333333334,6.9025,35.86708333333333,1.9225,,9.89,1.63,12.7,1.58,,99.37,17.88,66.21,3.03
2023-04-01,,10.945416666666668,3.5391666666666666,27.33375,1.7970833333333331,,10.24,0.47,13.21,1.58,,12.23,10.58,37.3,2.55
2023-04-02,,14.012500000000001,5.397083333333335,24.312083333333334,1.795,,10.87,0.47,7.34,1.53,,35.33,10.58,56.45,2.98
2023-04-03,,11.750833333333333,7.0491666666666655,30.362083333333334,1.8683333333333334,,10.76,2.2,5.87,1.6,,15.78,19.59,85.54,2.91
2023-04-04,,12.464999999999998,7.99625,24.510416666666668,1.8354166666666665,,11.28,0.47,6.94,1.55,,23.34,22.23,55.21,2.72
2023-04-05,,11.450833333333334,4.93375,22.2075,1.8454166666666667,,10.75,0.47,5.78,1.65,,13.17,13.74,37.2,2.81
2023-04-06,,10.723333333333334,3.844583333333333,27.431249999999995,1.7262500000000003,,10.6,0.47,21.17,1.63,,11.04,6.92,34.08,1.85
2023-04-07,,10.835416666666667,1.2070833333333333,27.02458333333333,1.6483333333333334,,10.76,0.47,18.82,1.58,,11.36,3.92,37.48,1.81
2023-04-08,,10.89,2.1754166666666666,24.844166666666666,1.6616666666666664,,10.75,0.47,18.09,1.54,,11.08,5.14,32.17,1.95
2023-04-09,,15.35708333333333,3.7312500000000006,24.489583333333332,1.8062500000000001,,10.79,0.47,5.48,1.61,,53.34,10.27,59.81,2.09
2023-04-10,,15.465416666666664,6.420833333333333,28.238333333333333,1.855833333333333,,11.05,1.94,5.11,1.67,,44.31,13.25,79.12,2.66
2023-04-11,,23.175,11.8925,22.019166666666667,2.1391666666666667,,11.07,4.53,5.79,1.74,,98.54,36.33,53.64,3.81
2023-04-12,,21.211249999999996,10.14625,29.06833333333334,1.93875,,11.13,3.5,7.77,1.48,,122.6,21.45,55.98,2.89
2023-04-13,,11.5025,4.575833333333333,23.84708333333333,1.7270833333333335,,11.33,0.47,11.12,1.57,,11.99,13.28,33.43,2.14
2023-04-14,,11.24125,2.8216666666666668,23.4525,1.5820833333333333,,10.34,0.47,16.97,1.51,,12.58,9.35,30.37,1.7
2023-04-15,,10.823333333333332,3.2533333333333334,20.959166666666665,1.7429166666666667,,10.41,1.52,4.37,1.58,,11.33,6.73,32.37,2.0
2023-04-16,,12.13125,4.045,17.423750000000002,2.2720833333333332,,10.3,0.47,3.14,1.71,,17.08,8.75,37.72,2.82
2023-04-17,,10.992500000000001,5.831666666666667,13.454999999999998,1.79625,,10.37,0.47,4.26,1.59,,11.62,15.05,19.56,2.33
2023-04-18,,20.52208333333333,10.694583333333334,19.606666666666666,1.8870833333333337,,10.73,4.26,2.45,1.55,,50.54,25.17,48.38,2.44
2023-04-19,,24.10565217391304,9.503913043478262,20.483478260869564,1.8830434782608696,,10.95,0.47,7.11,1.46,,75.69,20.42,32.96,2.47
2023-04-20,,19.49913043478261,10.839130434782607,16.672173913043476,1.7830434782608695,,11.37,2.19,2.02,1.37,,39.72,22.87,39.33,3.0
2023-04-21,,16.73,7.829583333333335,24.951249999999998,1.8329166666666665,,11.54,1.07,0.98,1.36,,65.22,28.54,66.37,2.36
2023-04-22,,13.915416666666667,5.692083333333334,25.02541666666667,1.8445833333333332,,10.62,1.59,3.57,1.57,,47.04,10.53,67.66,2.24
2023-04-23,,11.822083333333333,4.1875,23.413333333333338,1.9933333333333332,,10.62,0.47,3.86,1.71,,13.03,11.12,56.08,2.46
2023-04-24,,12.538333333333332,6.854583333333333,22.103333333333335,2.0820833333333333,,11.5,2.75,4.27,1.77,,14.25,16.63,50.97,3.06
2023-04-25,,13.292499999999999,9.915416666666667,18.270833333333332,2.027083333333333,,12.06,2.98,3.69,1.69,,14.96,23.1,47.17,2.93
2023-04-26,,14.161666666666667,9.2575,24.272916666666664,1.8920833333333336,,12.05,3.3,10.68,1.62,,23.19,16.88,41.61,2.2
2023-04-27,,10.696250000000001,10.180416666666666,21.961666666666662,1.4504166666666667,,4.65,2.87,5.1,0.32,,17.1,22.42,46.11,2.35
2023-04-28,,5.650833333333334,12.500416666666666,24.618333333333336,0.7554166666666667,,4.3,3.93,4.81,0.32,,18.26,28.21,63.27,2.02
2023-04-29,,4.391249999999999,7.605833333333334,25.31458333333333,0.67625,,4.25,2.84,4.77,0.37,,4.76,17.96,52.72,1.6
2023-04-30,,4.360833333333333,7.03,18.184166666666666,0.8112499999999999,,4.24,1.89,4.48,0.3,,4.68,20.91,46.06,1.79
2023-05-01,,4.2924999999999995,4.324583333333333,25.959166666666665,0.44416666666666665,,4.16,0.47,4.85,0.17,,4.45,13.14,40.36,1.2
2023-05-02,,4.217083333333334,2.800416666666667,26.383333333333336,0.38458333333333333,,4.12,0.47,20.02,0.16,,4.29,6.94,36.03,0.49
2023-05-03,,4.223333333333333,3.209166666666667,28.771666666666665,0.3670833333333334,,4.14,0.47,16.0,0.2,,4.29,10.59,38.23,0.54
2023-05-04,,4.80125,7.730416666666666,13.495416666666666,0.735,,4.15,0.47,4.96,0.33,,6.87,18.18,24.52,1.54
2023-05-05,,5.352499999999999,9.339166666666667,7.958333333333333,0.7570833333333334,,4.73,1.86,4.9,0.33,,6.93,15.76,12.86,1.56
2023-05-06,,5.040416666666666,4.331666666666667,12.482916666666666,0.6995833333333333,,4.72,0.47,5.15,0.41,,6.18,9.81,21.01,1.35
2023-05-07,,5.359583333333333,4.1275,15.725416666666666,0.7150000000000002,,4.62,0.47,4.63,0.31,,6.45,7.91,37.79,1.16
2023-05-08,,5.633749999999999,6.513749999999999,20.892916666666668,0.41916666666666663,,4.7,0.47,8.09,0.17,,8.24,21.25,36.94,0.95
2023-05-09,,10.936666666666667,11.112916666666665,18.921666666666667,0.8291666666666666,,4.92,1.67,4.57,0.34,,57.56,24.57,45.56,2.02
2023-05-10,,6.929166666666667,12.779166666666667,20.923333333333332,0.7637499999999999,,5.31,4.87,8.5,0.11,,10.4,28.13,42.05,1.81
2023-05-11,,5.291666666666667,9.932500000000001,16.39,0.7050000000000001,,4.61,1.71,3.24,0.05,,6.23,22.68,35.02,1.62
2023-05-12,,6.47625,14.308333333333335,12.147499999999999,0.8783333333333333,,4.87,6.84,0.98,0.25,,11.22,28.24,33.63,2.58
2023-05-13,,7.892916666666667,12.474583333333333,12.282083333333333,1.3004166666666666,,5.1,4.94,0.98,0.52,,20.93,26.21,45.27,2.74
2023-05-14,,7.719166666666666,11.069583333333334,13.410416666666665,0.9516666666666667,,5.14,4.76,0.98,0.44,,24.57,23.43,42.58,1.93
2023-05-15,,7.279583333333332,14.455833333333336,15.236666666666666,1.3058333333333334,,5.38,1.93,0.98,0.57,,12.46,33.11,42.44,3.69
2023-05-16,,7.280416666666667,12.378333333333332,20.88375,0.9162499999999999,,5.02,2.31,0.98,0.22,,10.31,56.23,122.2,2.26
2023-05-17,,6.522500000000001,12.24375,16.49875,0.7570833333333334,,5.17,2.35,0.98,0.33,,8.74,33.94,56.17,1.68
2023-05-18,,9.867083333333333,15.356250000000003,12.239166666666668,1.1679166666666667,,5.23,0.47,0.98,0.37,,21.89,42.54,52.81,3.79
2023-05-19,,15.186250000000001,18.22791666666667,28.88625,1.4154166666666665,,6.56,2.18,0.98,0.68,,45.74,47.08,126.8,2.47
2023-05-20,,8.987083333333333,12.090833333333334,15.320416666666665,1.3983333333333332,,5.77,1.88,0.98,0.44,,12.58,31.47,48.87,2.61
2023-05-21,,6.195833333333333,4.229166666666667,18.124583333333334,0.8145833333333333,,5.18,0.47,2.58,0.38,,7.87,15.08,32.46,1.94
2023-05-22,,7.442083333333334,10.128333333333334,4.84875,1.0770833333333334,,5.94,1.29,0.98,0.47,,10.95,18.0,14.03,1.95
2023-05-23,,7.931666666666666,11.879583333333334,21.407916666666665,1.15125,,6.23,1.92,0.98,0.57,,12.44,31.79,64.4,2.91
2023-05-24,,7.5254166666666675,13.627916666666666,17.738333333333333,1.1316666666666666,,5.67,3.59,0.98,0.49,,11.26,28.91,63.19,2.97
2023-05-25,,7.520833333333333,13.352916666666667,20.375416666666666,0.9116666666666667,,5.96,5.38,2.03,0.39,,9.65,24.13,68.5,1.84
2023-05-26,,7.6554166666666665,14.417499999999999,14.586250000000001,1.20375,,5.26,0.47,2.28,0.24,,10.9,37.04,37.76,2.57
2023-05-27,,5.614166666666667,4.16375,17.86583333333333,0.5879166666666666,,5.03,0.47,2.85,0.33,,7.15,20.27,28.15,1.16
2023-05-28,,5.3950000000000005,2.0829166666666667,25.167916666666667,0.4404166666666667,,4.86,0.47,4.88,0.19,,7.82,11.37,32.7,1.0
2023-05-29,,5.571666666666668,5.152083333333333,14.879166666666665,0.5254166666666666,,4.71,0.47,2.59,0.24,,7.68,13.43,33.1,1.38
2023-05-30,,6.867916666666667,7.234166666666667,10.9075,0.8466666666666667,,5.12,1.04,2.7,0.27,,11.79,20.01,25.56,2.27
2023-05-31,,7.419583333333333,10.85125,10.021666666666667,1.0933333333333333,,5.31,1.21,2.7,0.26,,12.47,30.04,36.73,2.95
2023-06-01,,8.331666666666667,12.079166666666666,14.51625,1.0954166666666667,,5.18,5.1,2.99,0.36,,48.95,31.2,64.13,2.86
2023-06-02,,5.701249999999999,12.928749999999999,17.953333333333333,1.1937499999999999,,5.27,2.48,3.18,0.31,,8.09,28.35,90.25,2.67
2023-06-03,,11.264166666666666,9.409166666666666,13.652916666666664,1.14875,,5.21,1.67,3.29,0.42,,53.23,26.89,42.04,2.8
2023-06-04,,6.833749999999999,7.553333333333334,14.356666666666667,1.2104166666666665,,5.23,2.42,3.21,0.63,,19.57,20.1,42.84,2.33
2023-06-05,,5.073333333333333,6.327916666666667,17.06375,0.49208333333333326,,4.82,0.47,3.29,0.05,,5.35,17.56,32.66,2.03
2023-06-06,,5.1258333333333335,7.31,12.902083333333332,0.8866666666666667,,4.6,2.34,2.92,0.26,,5.74,20.03,37.78,2.55
2023-06-07,,10.589583333333334,9.709583333333333,13.305416666666666,1.2720833333333335,,5.24,1.48,2.71,0.28,,44.36,28.39,49.35,2.46
2023-06-08,,5.57375,10.16625,15.40125,1.2054166666666666,,5.25,1.65,2.47,0.38,,6.82,25.82,61.01,2.03
2023-06-09,,10.093333333333334,15.901666666666666,15.371666666666664,1.2991666666666666,,5.22,2.89,2.2,0.25,,37.48,36.29,49.73,3.04
2023-06-10,,5.985416666666667,8.30125,20.9225,0.7775,,5.09,0.47,2.82,0.35,,12.31,17.29,59.86,1.26
2023-06-11,,5.1475,1.2983333333333331,28.20375,0.425,,4.79,0.47,13.34,0.14,,5.4,3.89,43.54,0.76
2023-06-12,,4.99875,6.945833333333333,15.359166666666667,0.6616666666666666,,4.51,0.47,2.23,0.24,,5.43,19.91,30.18,1.95
2023-06-13,,5.501666666666668,8.539166666666667,12.65,0.9029166666666667,,4.59,0.47,0.98,0.29,,9.32,14.49,35.57,1.72
2023-06-14,,4.807083333333334,5.157083333333333,15.757083333333332,0.6345833333333334,,4.64,0.47,2.34,0.37,,5.19,13.54,34.73,1.18
2023-06-15,,4.765416666666667,2.611666666666667,32.02291666666667,0.32875,,4.59,0.47,21.97,0.24,,5.43,5.52,41.51,0.47
2023-06-16,,5.026999999999999,6.981,28.466999999999995,0.2995,,4.74,0.47,8.23,0.05,,5.43,17.22,44.84,0.85
2023-06-17,,5.482916666666667,7.014583333333334,19.271666666666665,0.6295833333333333,,5.01,2.3,7.72,0.28,,6.89,15.29,34.62,1.43
2023-06-18,,5.577083333333333,7.29,15.504583333333334,1.03,,5.03,3.17,0.98,0.52,,8.86,16.87,48.56,2.44
2023-06-19,,5.352499999999999,13.899166666666668,10.777916666666664,1.3383333333333336,,4.95,3.94,0.98,0.5,,6.57,33.33,34.49,3.0
2023-06-20,,6.587083333333333,19.06125,7.215,1.5062500000000003,,5.16,7.37,0.98,0.64,,19.42,38.01,29.69,2.83
2023-06-21,,31.04375,19.313333333333333,5.054166666666666,1.675,,2.86,9.54,0.98,0.71,,354.8,40.89,31.03,2.39
2023-06-22,,3.4320833333333334,6.9799999999999995,12.746666666666668,0.385,,2.69,0.47,4.51,0.14,,5.74,18.79,24.22,1.02
2023-06-23,,3.4837500000000006,13.454166666666666,9.650416666666667,1.2608333333333335,,2.73,0.47,4.61,0.18,,4.31,24.16,17.75,4.65
2023-06-24,,4.7,12.519166666666669,13.46125,1.6345833333333335,,2.88,3.99,4.55,0.7,,18.47,27.3,42.77,5.54
2023-06-25,,3.8358333333333334,10.783750000000003,15.15375,1.2125000000000001,,3.14,2.57,4.57,0.35,,6.33,18.24,33.19,2.75
2023-06-26,,3.6804166666666664,13.787916666666666,21.08875,0.8329166666666667,,2.76,0.47,4.52,0.14,,7.14,41.82,53.39,2.2
2023-06-27,,5.301666666666667,18.919999999999998,33.638749999999995,0.8724999999999999,,3.5,3.69,5.5,0.21,,19.71,46.61,71.66,2.29
2023-06-28,,3.8233333333333337,10.854166666666666,24.327083333333334,0.49625,,3.04,3.51,5.86,0.1,,6.36,36.72,44.4,1.18
2023-06-29,,3.6787500000000004,9.832500000000001,16.67958333333333,0.7254166666666665,,3.27,1.29,3.61,0.16,,4.07,33.57,45.36,2.24
2023-06-30,,5.38625,11.750833333333333,15.104166666666666,0.6845833333333333,,3.36,0.47,4.47,0.15,,32.96,21.08,27.81,1.61
2023-07-01,,3.6187500000000004,8.399583333333332,10.034583333333334,1.1858333333333333,,3.13,3.28,3.77,0.45,,4.24,14.93,28.16,4.61
2023-07-02,,3.7429166666666664,4.505,15.39,1.0454166666666664,,3.17,1.63,3.7,0.05,,4.36,8.04,33.63,2.94
2023-07-03,,3.669583333333333,10.635416666666666,12.829166666666666,0.7800000000000001,,3.23,2.54,3.34,0.22,,4.15,22.85,42.44,2.49
2023-07-04,,3.8979166666666667,15.530416666666667,16.14916666666667,1.3324999999999998,,3.27,3.35,4.16,0.29,,5.26,41.22,51.36,4.86
2023-07-05,,5.431666666666666,17.265416666666667,14.4525,1.0920833333333333,,2.94,3.07,6.61,0.33,,15.31,31.44,26.78,2.88
2023-07-06,,4.989166666666667,15.435000000000002,29.3025,1.12375,,3.43,6.21,6.46,0.24,,19.36,45.56,65.1,3.85
2023-07-07,,3.1279166666666662,8.034166666666666,32.16458333333333,0.42208333333333337,,3.01,0.47,8.62,0.17,,3.59,22.52,49.36,0.96
2023-07-08,,3.049583333333333,2.2258333333333336,48.145,0.3595833333333333,,3.02,0.47,24.34,0.11,,3.09,7.04,59.61,0.93
2023-07-09,,3.1879166666666663,5.985833333333333,24.72416666666666,0.66,,2.98,1.23,8.09,0.25,,4.12,16.61,51.96,1.46
2023-07-10,,3.434166666666666,9.277083333333334,18.883750000000003,0.6545833333333334,,3.01,1.85,7.21,0.14,,5.51,19.73,39.06,1.73
2023-07-11,,3.0958333333333337,2.830416666666667,36.67666666666667,0.26791666666666664,,3.02,0.47,23.82,0.11,,3.34,10.49,45.09,0.53
2023-07-12,,3.2441666666666666,4.324583333333333,36.92291666666667,0.38375000000000004,,3.01,0.47,23.47,0.12,,4.61,11.68,48.45,0.8
2023-07-13,,6.717916666666667,5.4325,34.96875,0.14583333333333334,,3.01,0.47,13.93,0.05,,21.31,14.36,50.21,0.53
2023-07-14,,3.4949999999999997,7.158333333333334,32.222500000000004,0.4345833333333333,,2.92,0.47,8.21,0.05,,4.97,21.75,47.14,2.03
2023-07-15,,3.61875,9.861666666666666,19.51875,0.99375,,3.07,1.95,7.22,0.05,,4.55,24.23,46.27,2.45
2023-07-16,,4.214166666666666,5.745833333333334,20.681666666666665,0.7625000000000001,,2.54,1.02,8.56,0.1,,15.57,16.41,39.87,2.17
2023-07-17,,3.547083333333333,6.5575,20.33875,0.6904166666666667,,3.01,0.47,8.34,0.1,,4.71,17.38,44.69,2.42
2023-07-18,,3.6804166666666664,9.53375,19.306250000000002,0.8979166666666667,,3.15,2.08,8.25,0.12,,4.86,24.95,41.17,2.71
2023-07-19,,3.5362500000000003,6.625833333333333,23.982083333333335,0.6595833333333334,,3.17,1.42,8.74,0.1,,4.38,15.61,45.38,2.24
2023-07-20,,3.5066666666666664,9.714583333333334,20.94708333333333,0.6587500000000001,,3.3,2.2,9.74,0.27,,4.03,22.84,40.93,2.35
2023-07-21,,3.6625,11.889166666666668,21.92625,1.0,,3.34,0.47,9.46,0.26,,4.25,27.59,50.13,2.37
2023-07-22,,3.6629166666666664,12.114583333333334,20.637916666666666,1.1270833333333334,,3.35,3.96,9.9,0.18,,4.28,28.49,45.29,2.59
2023-07-23,,13.435416666666667,4.416250000000001,32.15416666666667,0.37625000000000003,,3.33,0.47,21.47,0.13,,63.01,9.43,39.1,0.76
2023-07-24,,3.455,2.910416666666667,30.70375,0.30291666666666667,,3.33,0.47,24.87,0.05,,3.6,8.59,38.66,0.43
2023-07-25,,3.822083333333333,12.795416666666668,16.759166666666665,0.6720833333333333,,3.32,0.47,8.86,0.13,,4.28,25.83,27.17,1.71
2023-07-26,,4.0575,7.315416666666667,18.95125,0.4879166666666667,,3.43,1.92,8.85,0.05,,4.82,19.22,38.23,1.18
2023-07-27,,3.8983333333333334,6.1812499999999995,28.292083333333334,0.43124999999999997,,3.28,0.47,8.67,0.05,,5.9,16.9,51.84,1.36
2023-07-28,,3.6300000000000003,5.182916666666666,31.092083333333335,0.33791666666666664,,3.23,0.47,16.65,0.05,,3.98,17.21,42.09,0.8
2023-07-29,,3.545833333333333,6.385416666666667,24.833333333333332,0.5825,,3.2,1.55,7.66,0.16,,3.85,14.59,46.7,1.63
2023-07-30,,4.6154166666666665,10.571666666666665,20.677916666666665,1.1879166666666667,,3.43,2.76,8.21,0.63,,11.85,29.05,51.84,2.97
2023-07-31,,4.0975,10.869166666666667,19.995416666666667,0.8450000000000001,,3.67,3.45,8.48,0.16,,6.92,30.79,44.57,2.98
2023-08-01,,4.374583333333334,14.885416666666666,20.169583333333332,1.05375,,3.67,2.74,8.06,0.33,,7.96,43.82,51.02,3.06
2023-08-02,,6.695,16.139583333333334,20.245,1.498333333333333,,3.68,2.98,8.37,0.34,,30.91,39.71,54.98,4.57
2023-08-03,,3.8387500000000006,6.494583333333334,26.50583333333333,0.33291666666666664,,3.61,1.48,8.87,0.05,,4.53,28.44,36.38,1.49
2023-08-04,,4.439166666666666,12.030000000000001,22.3625,0.7354166666666666,,3.63,0.47,9.25,0.05,,8.94,23.78,35.13,2.34
2023-08-05,,3.6895833333333337,2.9220833333333336,26.455416666666668,0.34,,3.66,0.47,13.53,0.14,,3.75,12.37,30.33,1.15
2023-08-06,,4.198333333333333,8.210833333333333,25.447083333333335,0.9445833333333332,,3.67,0.47,10.24,0.32,,5.77,31.17,53.03,3.64
2023-08-07,,4.008333333333334,8.187916666666666,25.359166666666663,0.40041666666666664,,3.62,1.13,9.69,0.05,,5.9,19.44,43.93,1.23
2023-08-08,,3.7945833333333336,4.012083333333333,32.54291666666666,0.34375,,3.46,0.47,10.32,0.11,,4.23,23.9,43.0,2.06
2023-08-09,,3.8629166666666666,8.261666666666665,22.765416666666667,0.4970833333333333,,3.5,0.47,10.58,0.16,,4.15,24.66,32.66,1.75
2023-08-10,,3.7600000000000002,8.26125,23.466250000000002,0.5291666666666667,,3.41,0.47,11.01,0.22,,4.08,26.02,41.76,1.84
2023-08-11,,5.239166666666667,8.084583333333335,26.465000000000003,0.42791666666666667,,3.65,1.02,11.78,0.1,,20.78,23.46,43.32,1.14
2023-08-12,,3.8516666666666666,3.4599999999999995,30.164583333333336,0.31416666666666665,,3.49,0.47,21.34,0.05,,4.26,19.74,51.5,1.36
2023-08-13,,4.2725,5.760416666666667,22.236666666666668,0.4091666666666667,,3.69,1.55,10.41,0.11,,7.04,16.09,40.95,0.95
2023-08-14,,5.624583333333334,15.253333333333332,17.609166666666667,0.7595833333333334,,3.7,4.77,8.18,0.13,,17.62,39.81,45.78,1.6
2023-08-15,,4.216086956521739,12.348695652173912,17.668260869565216,0.6308695652173912,,3.75,3.43,8.37,0.05,,5.05,30.12,39.38,1.67
2023-08-16,,5.025833333333334,18.355416666666667,18.38416666666667,1.09375,,4.0,2.99,7.9,0.37,,11.01,50.27,52.64,2.5
2023-08-17,,9.6075,15.808749999999998,17.777083333333334,0.8620833333333332,,4.0,6.97,8.7,0.39,,87.06,33.14,31.39,2.01
2023-08-18,,4.745,7.471666666666667,19.93,0.5091666666666667,,3.92,0.47,9.95,0.21,,9.46,21.81,29.45,1.35
2023-08-19,,6.69,6.243333333333333,18.20583333333333,0.45375000000000004,,4.03,0.47,9.59,0.1,,27.84,23.76,23.66,1.98
2023-08-20,,5.447083333333334,8.175416666666667,14.097916666666668,0.7912499999999999,,3.94,0.47,9.32,0.05,,22.26,18.55,23.2,2.08
2023-08-21,,4.849166666666667,8.750833333333334,15.269166666666669,0.5233333333333334,,3.89,2.89,9.53,0.05,,8.64,15.61,24.93,1.33
2023-08-22,,7.87625,9.601666666666668,31.242500000000003,0.62875,,3.7,2.45,10.47,0.26,,32.06,39.0,62.83,1.94
2023-08-23,,4.327826086956521,4.538695652173913,33.47391304347826,0.3573913043478261,,4.0,0.47,18.83,0.19,,5.37,13.86,45.47,0.7
2023-08-24,,3.9545833333333333,3.9495833333333334,38.48791666666667,0.29416666666666663,,3.62,0.47,11.51,0.05,,4.32,16.36,55.62,1.35
2023-08-25,,4.306666666666667,10.1075,28.419999999999998,0.71,,3.75,0.47,6.81,0.05,,6.67,35.42,62.51,1.95
2023-08-26,,4.980833333333333,7.570416666666667,30.87125,0.5220833333333333,,3.66,0.47,9.25,0.05,,20.81,17.19,59.75,1.39
2023-08-27,,4.569166666666667,4.89625,31.506249999999998,0.54125,,3.6,0.47,11.47,0.05,,12.28,16.6,59.7,1.3
2023-08-28,,4.0375000000000005,5.732083333333333,23.405416666666667,0.5083333333333333,,3.61,0.47,8.43,0.05,,5.13,18.99,41.17,2.32
2023-08-29,,4.173333333333333,7.80875,20.791666666666668,0.4945833333333333,,3.78,1.5,0.98,0.1,,4.88,19.54,50.32,1.65
2023-08-30,,5.0062500000000005,11.134166666666667,22.927916666666665,0.8316666666666667,,4.02,2.16,0.98,0.38,,15.0,18.34,69.34,2.32
2023-08-31,,5.174347826086956,8.73913043478261,27.696521739130436,0.6978260869565218,,4.11,0.47,0.98,0.23,,14.85,30.17,69.05,2.06
2023-09-01,,4.773333333333333,8.995416666666666,31.825833333333332,0.62125,,4.05,0.47,8.83,0.17,,8.08,22.03,61.77,1.37
2023-09-02,,5.777916666666667,9.64125,23.687916666666666,0.9008333333333333,,4.04,1.48,3.09,0.4,,17.06,23.34,49.46,2.1
2023-09-03,,4.145833333333333,7.083333333333333,8.724583333333333,0.8929166666666667,,4.03,3.15,0.98,0.41,,4.9,13.08,23.38,1.97
2023-09-04,,4.079583333333334,7.352083333333333,21.355,0.5466666666666667,,4.04,0.47,7.22,0.18,,4.15,20.02,44.04,1.13
2023-09-05,,4.1135294117647065,1.3158823529411763,36.75941176470589,0.12941176470588237,,4.03,0.47,21.65,0.05,,4.41,4.43,42.86,0.23
2023-09-06,,4.086923076923076,2.4130769230769227,38.75076923076923,0.3946153846153847,,4.02,0.47,26.07,0.28,,4.24,5.45,46.7,0.56
2023-09-07,,4.0825,4.056666666666667,21.394583333333333,0.4770833333333333,,4.02,1.13,5.15,0.23,,4.29,9.73,30.17,1.03
2023-09-08,,4.215,5.674166666666667,23.886666666666667,0.44875000000000004,,4.03,0.47,6.06,0.05,,5.0,12.03,46.05,0.88
2023-09-09,,4.082916666666667,1.8270833333333334,27.486666666666668,0.22583333333333333,,4.04,0.47,19.77,0.05,,4.23,5.54,36.02,0.66
2023-09-10,,4.194583333333333,2.45375,24.538750000000004,0.37875,,4.05,0.47,5.54,0.05,,4.43,11.34,40.93,0.89
2023-09-11,,4.297916666666667,12.128333333333336,24.112916666666667,0.9099999999999998,,4.07,1.8,0.98,0.43,,4.77,39.81,72.07,2.11
2023-09-12,,4.2941666666666665,4.829999999999999,30.615,0.48583333333333334,,4.07,0.47,9.2,0.05,,4.47,16.89,52.05,0.93
2023-09-13,,4.327916666666667,3.0533333333333332,38.66041666666666,0.3045833333333334,,4.05,0.47,27.53,0.11,,4.88,9.46,43.58,0.72
2023-09-14,,4.340416666666667,5.979583333333333,31.367499999999996,0.3687500000000001,,4.05,0.47,2.44,0.05,,4.76,19.82,50.12,1.59
2023-09-15,,5.355,8.880416666666667,19.9525,0.7445833333333334,,4.07,2.11,0.98,0.22,,16.59,26.73,57.75,2.01
2023-09-16,,11.385,10.9125,19.767083333333332,0.9508333333333333,,4.05,2.18,0.98,0.05,,43.83,30.64,60.91,2.58
2023-09-17,,6.601666666666667,7.989166666666666,27.183333333333334,0.9237500000000001,,4.24,3.33,2.05,0.18,,24.36,22.8,73.76,2.42
2023-09-18,,4.5975,7.271249999999999,35.45125,0.45416666666666666,,4.28,0.47,2.83,0.05,,5.44,22.82,67.08,1.7
2023-09-19,,6.084166666666667,5.355416666666668,31.895416666666666,0.5966666666666666,,3.38,0.47,5.29,0.18,,54.42,16.23,72.65,1.59
2023-09-20,,3.990416666666667,1.4179166666666667,30.859166666666667,0.59375,,3.32,0.47,6.77,0.47,,8.86,2.68,58.31,0.84
2023-09-21,,4.133333333333333,6.925,29.26833333333333,0.7304166666666667,,3.47,0.47,6.7,0.37,,7.11,26.47,54.54,1.23
2023-09-22,,4.27625,6.5025,30.80125,0.56,,3.45,0.47,16.91,0.21,,7.3,16.0,46.61,0.88
2023-09-23,,3.6008333333333327,3.5729166666666665,30.96166666666667,0.6845833333333333,,3.39,0.47,4.22,0.31,,3.77,11.3,54.56,1.86
2023-09-24,,3.6108333333333333,2.5608333333333335,19.697916666666668,0.6416666666666667,,3.41,0.47,0.98,0.05,,3.76,7.28,39.11,1.73
2023-09-25,,3.517916666666667,1.9045833333333333,31.614166666666666,0.3466666666666667,,3.28,0.47,24.78,0.05,,4.19,5.75,38.3,0.51
2023-09-26,,3.673333333333334,1.4920833333333334,39.65625,0.47833333333333333,,3.19,0.47,30.83,0.24,,4.31,3.82,43.8,0.88
2023-09-27,,3.672916666666667,1.9349999999999998,38.44541666666667,0.30291666666666667,,3.4,0.47,20.17,0.17,,4.37,7.48,47.54,0.62
2023-09-28,,3.692083333333333,5.208333333333333,26.407083333333333,0.5545833333333333,,3.33,0.47,0.98,0.21,,5.79,14.43,54.24,1.35
2023-09-29,,3.7525,5.6875,26.597916666666666,0.5395833333333334,,3.39,1.47,2.64,0.27,,4.23,16.39,54.93,1.47
2023-09-30,,3.71875,3.9479166666666665,23.450416666666666,0.5508333333333333,,3.6,0.47,0.98,0.19,,3.9,11.7,41.42,1.19
2023-10-01,,3.9883333333333333,1.3058333333333334,39.62375,0.4091666666666667,,3.28,0.47,28.65,0.19,,4.61,4.59,52.37,1.55
2023-10-02,,3.7120833333333336,3.750833333333334,29.513749999999998,0.47208333333333335,,3.29,0.47,2.14,0.27,,4.37,13.63,48.98,1.37
2023-10-03,,3.8608333333333333,5.335833333333333,26.602083333333336,0.5604166666666667,,3.54,1.33,3.22,0.31,,4.56,12.91,56.28,1.37
2023-10-04,,4.0175,6.527083333333334,24.687916666666666,0.5675,,3.45,0.47,8.15,0.3,,6.14,16.71,41.66,0.85
2023-10-05,,3.9341666666666666,2.907083333333333,35.43333333333333,0.45083333333333336,,3.36,0.47,14.19,0.32,,5.3,7.32,58.93,0.76
2023-10-06,,3.481666666666667,3.985,24.274166666666662,0.6466666666666666,,3.05,0.47,7.62,0.28,,4.05,10.62,43.51,1.31
2023-10-07,,3.272916666666667,1.3708333333333333,28.31041666666667,0.39333333333333337,,3.16,0.47,17.34,0.3,,3.47,3.03,37.67,0.64
2023-10-08,,3.3474999999999997,0.8545833333333333,27.363333333333333,0.3754166666666667,,3.23,0.47,12.68,0.21,,3.51,3.74,34.35,0.72
2023-10-09,,3.3550000000000004,2.7770833333333336,36.00833333333333,0.38208333333333333,,3.19,0.47,23.09,0.2,,3.56,6.8,44.6,0.68
2023-10-10,,3.6162499999999995,4.915416666666666,23.00333333333333,0.5166666666666666,,3.3,1.19,5.48,0.31,,4.05,11.44,46.05,1.2
2023-10-11,,3.96875,8.1475,13.972083333333336,0.60375,,3.22,1.39,5.54,0.33,,5.94,22.09,31.52,1.01
2023-10-12,,3.521666666666667,2.7866666666666666,22.846249999999998,0.37916666666666665,,3.34,0.47,16.5,0.25,,3.9,8.5,26.53,0.68
2023-10-13,,3.8020833333333335,4.822916666666667,20.14625,0.4041666666666666,,3.41,1.43,2.81,0.22,,4.33,16.14,27.49,1.23
2023-10-14,,3.7191666666666663,5.167083333333333,14.735000000000001,0.50875,,3.01,1.96,0.98,0.3,,4.37,12.13,29.0,1.04
2023-10-15,,3.455833333333333,3.3558333333333334,18.534166666666668,0.4216666666666667,,3.13,1.98,7.34,0.33,,4.25,6.01,29.08,0.55
2023-10-16,,3.4583333333333335,8.896666666666667,12.377083333333333,0.7458333333333332,,3.13,2.91,2.58,0.37,,4.5,17.07,28.62,1.28
2023-10-17,,3.758333333333333,11.270000000000001,9.391666666666667,0.6725,,3.12,3.73,0.98,0.18,,4.45,27.71,20.2,1.76
2023-10-18,,5.108333333333333,4.72,22.06041666666667,0.40124999999999994,,3.14,0.47,9.38,0.1,,29.6,10.28,44.01,0.75
2023-10-19,,4.409583333333334,3.7175,32.31166666666667,0.19666666666666668,,3.66,1.22,15.43,0.05,,5.05,6.63,43.99,0.46
2023-10-20,,4.550416666666667,5.892916666666667,33.6475,0.4458333333333333,,3.83,2.58,12.27,0.16,,5.62,10.19,54.76,0.64
2023-10-21,,4.701249999999999,5.408333333333334,34.44083333333333,0.5183333333333334,,4.06,3.38,6.89,0.31,,5.56,8.1,66.66,0.84
2023-10-22,,5.072916666666667,4.877083333333334,33.845416666666665,0.6933333333333334,,4.26,3.16,7.52,0.45,,8.79,7.44,70.87,1.15
2023-10-23,,5.25375,9.924999999999999,21.013333333333335,0.8345833333333333,,4.19,2.41,7.26,0.37,,6.4,19.46,41.42,1.47
2023-10-24,,4.875416666666667,7.140833333333333,37.586666666666666,0.5949999999999999,,4.16,2.35,12.67,0.33,,6.42,14.67,71.85,1.35
2023-10-25,,4.60875,5.966666666666666,42.282500000000006,0.39916666666666667,,3.98,1.39,25.91,0.16,,5.24,11.12,81.25,0.75
2023-10-26,,4.441666666666666,5.105416666666667,43.93083333333333,0.3104166666666667,,4.06,1.65,22.81,0.16,,5.09,8.01,79.6,0.6
2023-10-27,,4.9575,7.700833333333333,41.07333333333333,0.5187499999999999,,4.1,3.42,6.32,0.25,,6.29,14.25,76.13,1.01
2023-10-28,,8.97625,10.409583333333334,35.501666666666665,0.8404166666666667,,4.71,4.83,8.55,0.46,,22.26,20.43,88.73,1.47
2023-10-29,,6.442916666666666,6.1275,55.82125,0.7054166666666667,,5.21,2.04,20.5,0.48,,8.7,11.85,99.51,1.5
2023-10-30,,5.598333333333334,8.883333333333333,40.165416666666665,0.7358333333333333,,4.51,1.97,19.19,0.36,,7.27,15.69,65.53,1.09
2023-10-31,,4.644166666666666,3.4008333333333334,42.50541666666667,0.36083333333333334,,4.26,1.34,27.79,0.29,,5.71,7.31,65.56,0.52
2023-11-01,,4.335416666666667,2.7412500000000004,44.53666666666667,0.30333333333333334,,4.11,0.47,35.95,0.24,,5.28,4.86,53.0,0.45
2023-11-02,,4.446666666666666,2.205416666666667,43.51583333333334,0.44416666666666665,,4.23,0.47,34.18,0.23,,5.55,3.91,50.55,0.56
2023-11-03,,5.072916666666667,6.914166666666667,22.276666666666667,0.5095833333333333,,4.41,1.76,6.97,0.13,,7.23,19.35,38.8,1.42
2023-11-04,,5.159166666666667,4.288333333333333,38.8425,0.3358333333333334,,4.58,1.51,26.36,0.13,,6.96,11.36,48.2,0.72
2023-11-05,,4.986666666666667,4.718750000000001,38.24916666666667,0.545,,4.37,1.89,6.94,0.25,,5.62,10.15,73.67,1.28
2023-11-06,,4.752916666666667,4.6925,45.28083333333333,0.4291666666666667,,4.15,1.23,21.24,0.25,,5.52,10.62,66.54,0.8
2023-11-07,,5.672083333333333,8.412916666666666,44.777499999999996,0.6083333333333333,,4.48,4.3,8.72,0.28,,7.08,14.89,96.73,1.23
2023-11-08,,10.64086956521739,11.856956521739132,44.090434782608696,0.9465217391304348,,5.28,4.49,10.75,0.46,,78.25,26.41,91.72,2.2
2023-11-09,,5.095,5.89,46.62291666666667,0.5025000000000001,,4.5,2.9,30.81,0.27,,6.08,15.97,59.23,1.16
2023-11-10,,4.585416666666667,3.9487500000000004,46.69541666666667,0.4775,,4.32,1.48,27.32,0.23,,4.99,6.54,72.08,0.68
2023-11-11,,5.103750000000001,4.82125,48.17791666666667,0.6924999999999999,,4.41,2.0,22.64,0.33,,6.0,8.41,77.36,1.43
2023-11-12,,5.109583333333333,4.317916666666666,56.73791666666667,0.6616666666666666,,4.58,1.6,37.44,0.39,,5.81,8.44,77.94,1.25
2023-11-13,,5.326666666666667,8.6475,50.73416666666666,0.81625,,4.52,1.1,17.16,0.5,,6.02,15.07,75.28,1.14
2023-11-14,,6.001666666666668,9.657499999999999,35.254583333333336,0.8224999999999999,,5.21,4.36,16.2,0.62,,7.86,14.81,63.71,1.12
2023-11-15,,5.409166666666667,6.101666666666667,41.612500000000004,0.8395833333333332,,4.59,1.02,30.6,0.27,,6.35,16.38,52.73,1.6
2023-11-16,,4.529583333333332,8.796666666666665,33.19958333333334,0.9020833333333335,,3.51,3.57,20.14,0.51,,6.17,13.23,61.93,1.28
2023-11-17,,3.8691666666666666,6.926666666666667,51.71458333333334,0.50375,,3.47,0.47,21.21,0.25,,5.11,19.34,81.16,0.99
2023-11-18,,7.155833333333334,7.552916666666667,68.74416666666667,0.47874999999999995,,3.82,1.56,38.31,0.19,,18.66,13.61,95.5,0.73
2023-11-19,,4.410833333333334,4.468333333333333,52.13958333333333,0.21750000000000003,,3.55,0.47,33.45,0.1,,9.08,15.97,71.16,0.47
2023-11-20,,3.8699999999999997,9.05,38.47375,0.3175,,3.45,3.77,10.55,0.11,,4.67,22.77,75.56,0.81
2023-11-21,,5.642083333333333,10.855833333333335,55.88499999999999,0.4745833333333333,,3.58,3.64,10.06,0.3,,15.58,22.75,113.2,0.96
2023-11-22,,4.0808333333333335,6.400000000000001,47.87625,0.2866666666666666,,3.77,1.84,18.09,0.16,,5.32,13.42,64.46,0.52
2023-11-23,,4.6379166666666665,4.463333333333334,44.87166666666667,0.26666666666666666,,3.79,1.11,19.22,0.13,,6.86,15.32,61.3,0.63
2023-11-24,,7.87375,7.798750000000001,38.946666666666665,0.2654166666666667,,4.81,2.16,10.62,0.05,,23.07,19.84,87.06,0.81
2023-11-25,,5.552916666666667,4.080416666666666,37.916666666666664,0.30083333333333334,,4.88,1.9,12.58,0.14,,7.11,7.69,54.26,0.49
2023-11-26,,5.649583333333332,3.99375,39.23041666666666,0.3,,4.88,1.98,13.0,0.21,,7.43,7.96,69.3,0.46
2023-11-27,,5.6066666666666665,6.397083333333334,38.08708333333333,0.3179166666666667,,4.96,3.04,12.09,0.24,,6.79,13.19,78.64,0.65
2023-11-28,,5.399583333333333,4.0925,33.19833333333333,0.31666666666666665,,4.92,2.11,16.55,0.24,,7.29,7.34,50.99,0.48
2023-11-29,,5.19,3.789583333333333,46.69125,0.2966666666666667,,4.84,0.47,23.98,0.2,,5.86,7.6,67.47,0.4
2023-11-30,,5.639166666666668,5.440416666666667,41.88291666666667,0.3475,,5.09,2.11,10.11,0.26,,6.64,10.91,100.1,0.55
2023-12-01,,5.489583333333333,4.69,43.88291666666667,0.3025,,5.04,1.05,19.09,0.19,,6.4,8.06,89.1,0.52
2023-12-02,,5.7075,5.594166666666666,40.91916666666666,0.4041666666666666,,5.08,0.99,10.44,0.2,,7.15,8.78,116.4,0.78
2023-12-03,,5.7124999999999995,2.4433333333333334,51.805416666666666,0.35041666666666665,,5.04,1.09,17.05,0.18,,10.73,4.32,83.52,1.06
2023-12-04,,5.12125,2.2908333333333335,43.3375,0.21708333333333332,,5.04,0.47,32.47,0.14,,5.26,5.49,55.75,0.29
2023-12-05,,5.23625,2.7758333333333334,35.531666666666666,0.275,,5.03,0.47,24.31,0.16,,6.06,6.67,43.23,0.42
2023-12-06,,6.264583333333333,9.895833333333334,27.357083333333332,0.51125,,5.23,1.89,14.13,0.14,,8.23,18.89,57.11,1.15
2023-12-07,,5.872916666666666,6.307083333333334,29.882500000000004,0.32458333333333333,,5.05,1.8,12.5,0.18,,7.44,13.79,48.06,0.58
2023-12-08,,5.327916666666668,3.0737500000000004,37.04958333333334,0.17916666666666667,,5.03,0.96,21.12,0.05,,6.08,6.5,45.8,0.35
2023-12-09,,5.614583333333333,4.21375,26.797916666666666,0.23166666666666666,,5.14,1.32,7.86,0.11,,6.32,10.01,43.81,0.44
2023-12-10,,5.72125,3.6,28.772916666666664,0.2675,,5.06,1.42,14.69,0.16,,8.8,7.52,51.09,0.51
2023-12-11,,5.4745833333333325,3.0825,36.553333333333335,0.24458333333333335,,5.29,0.99,19.25,0.12,,6.65,5.59,54.96,0.35
2023-12-12,,5.743750000000001,5.965833333333333,36.8125,0.27166666666666667,,5.3,2.36,10.91,0.17,,7.18,13.71,69.19,0.56
2023-12-13,,11.972083333333332,9.924583333333333,38.87833333333334,0.3766666666666667,,5.57,4.36,7.83,0.1,,27.18,22.16,80.31,0.85
2023-12-14,,8.264166666666666,8.901666666666666,49.47541666666667,0.3735416666666667,,5.75,3.32,11.22,0.05,,18.01,18.44,89.65,0.68
2023-12-15,,7.359166666666667,7.882083333333334,66.60583333333334,0.39916666666666667,,5.6,3.23,16.08,0.16,,12.21,20.38,157.9,0.63
2023-12-16,,8.224583333333333,8.742083333333333,65.84875,0.46291666666666664,,5.45,1.92,18.59,0.26,,15.52,17.29,165.3,0.9
2023-12-17,,7.488333333333333,5.767500000000001,44.07749999999999,0.30916666666666665,,5.44,1.46,8.41,0.02,,13.83,11.09,94.89,0.94
2023-12-18,,6.09625,4.90125,52.94958333333333,0.216875,,5.48,1.91,10.17,0.02,,8.35,8.71,135.9,0.38
2023-12-19,,5.564583333333334,3.2112499999999997,28.463333333333335,0.25458333333333333,,5.15,1.27,10.38,0.17,,7.17,9.7,41.87,0.54
2023-12-20,,6.4245833333333335,2.6083333333333334,20.331249999999997,0.3179166666666667,,5.32,1.2,10.32,0.18,,23.23,7.36,31.43,0.52
2023-12-21,,5.161666666666666,5.159583333333334,35.183749999999996,0.3329166666666667,,4.11,1.85,5.55,0.19,,6.91,10.66,93.83,0.63
2023-12-22,,4.8012500000000005,4.603333333333333,33.525,0.3033333333333333,,4.03,1.15,9.51,0.02,,7.19,9.83,83.95,0.54
2023-12-23,,4.528333333333333,4.63375,41.33208333333334,0.305,,3.97,1.85,15.13,0.18,,5.62,8.63,83.21,0.49
2023-12-24,,4.3116666666666665,4.275833333333334,30.538333333333338,0.3358333333333334,,3.77,2.54,12.78,0.16,,7.83,9.53,42.18,0.82
2023-12-25,,4.2179166666666665,7.046666666666667,32.58916666666667,0.31958333333333333,,3.68,3.06,12.86,0.2,,5.79,13.21,53.9,0.6
2023-12-26,,4.0008333333333335,2.9150000000000005,37.61833333333333,0.185625,,3.77,0.47,22.64,0.04,,5.24,7.82,50.37,0.38
2023-12-27,,4.368333333333333,1.63875,28.3075,0.2691666666666667,,3.85,0.47,5.91,0.2,,5.49,2.78,49.52,0.37
2023-12-28,,10.282499999999999,2.516666666666666,41.52333333333333,0.3520833333333333,,4.15,2.31,8.62,0.05,,35.84,2.87,75.73,0.75
2023-12-29,,5.766666666666666,2.5720833333333335,42.24666666666667,0.375,,4.17,2.29,24.29,0.22,,10.92,2.88,58.28,0.7
2023-12-30,,4.46,2.5529166666666665,35.65833333333333,0.3204166666666667,,4.1,2.07,24.02,0.17,,5.83,2.87,73.6,0.61
2023-12-31,,4.685416666666666,2.5829166666666663,33.51,0.37166666666666676,,4.08,2.31,16.1,0.26,,9.93,2.78,48.24,1.11
2024-01-01,,4.7404166666666665,2.5170833333333333,33.42291666666667,0.3675,,4.2,2.28,11.93,0.25,,8.12,2.72,54.7,0.99
2024-01-02,,3.848333333333334,1.5954166666666667,30.432083333333335,0.395,,0.655,0.47,15.52,0.24,,12.06,2.8,58.87,0.59
2024-01-03,,2.9177083333333336,1.6769565217391302,27.707083333333333,0.2995833333333333,,0.655,0.47,16.31,0.16,,5.0,2.76,44.13,0.48
2024-01-04,,4.5529166666666665,2.5845833333333332,27.728333333333335,0.29750000000000004,,3.81,2.49,16.36,0.25,,7.34,2.7,42.42,0.41
2024-01-05,,4.725833333333333,2.5749999999999997,30.434583333333336,0.34958333333333336,,3.88,2.48,20.24,0.26,,6.89,2.68,43.07,0.52
2024-01-06,,4.7508333333333335,2.5695833333333336,31.251666666666665,0.28208333333333335,,4.11,2.47,12.6,0.15,,7.79,2.7,57.78,0.47
2024-01-07,,6.185416666666668,2.555,39.07458333333333,0.3333333333333333,,4.12,2.46,12.72,0.06,,12.42,2.68,71.73,0.68
2024-01-08,,5.002916666666667,2.5524999999999998,46.17291666666667,0.37666666666666665,,4.22,2.45,14.09,0.1,,5.83,2.63,79.38,0.68
2024-01-09,,4.454999999999999,1.9624999999999997,43.23875,0.35874999999999996,,4.14,1.43,24.27,0.23,,5.19,2.55,72.05,0.56
2024-01-10,,5.612916666666666,1.5504166666666668,47.604583333333345,0.3895833333333334,,4.21,1.44,11.33,0.16,,10.39,1.67,89.14,0.63
2024-01-11,,4.68625,1.532916666666667,38.442083333333336,0.35125000000000006,,4.11,1.44,23.49,0.23,,5.65,1.64,54.48,0.58
2024-01-12,,4.527916666666666,1.5191666666666668,30.834999999999997,0.3529166666666667,,4.14,1.41,11.61,0.23,,5.42,1.71,45.05,0.5
2024-01-13,,4.419583333333333,1.4854166666666668,31.18375,0.32625,,4.09,1.36,15.34,0.26,,6.16,1.6,48.7,0.52
2024-01-14,,7.3525,1.485,35.18625,0.3720833333333333,,4.15,1.35,8.7,0.05,,19.95,1.64,61.09,0.5
2024-01-15,,4.449583333333333,1.4954166666666666,41.284166666666664,0.3566666666666667,,3.91,1.39,12.53,0.21,,5.61,1.56,79.43,0.57
2024-01-16,,5.008260869565217,1.5508695652173914,42.20913043478261,0.45652173913043476,,4.27,1.39,9.38,0.22,,6.7,1.7,106.6,0.72
2024-01-17,,4.88,1.7700000000000002,35.485,0.4466666666666667,,3.99,1.67,30.57,0.17,,5.56,1.84,40.42,0.61
2024-01-18,,4.62875,2.970833333333333,43.535833333333336,0.27125,,3.83,1.5,32.78,0.13,,5.6,3.61,55.64,0.42
2024-01-19,,4.764583333333333,3.3983333333333334,37.15416666666667,0.43583333333333335,,4.28,3.3,12.56,0.17,,6.21,3.47,60.82,0.66
2024-01-20,,4.37375,3.3941666666666666,35.63375,0.2966666666666667,,4.2,3.29,23.62,0.19,,4.86,3.53,47.6,0.76
2024-01-21,,4.362916666666667,3.3295833333333333,32.09625,0.23333333333333336,,4.22,3.23,20.06,0.15,,4.87,3.42,41.35,0.39
2024-01-22,,4.431666666666667,3.253333333333334,27.173750000000002,0.34,,4.25,3.16,9.41,0.23,,5.21,3.4,40.24,0.46
2024-01-23,,4.519583333333333,3.19875,27.33583333333333,0.26,,4.2,3.05,7.46,0.14,,5.69,3.29,38.65,0.5
2024-01-24,,4.725833333333333,4.264583333333333,23.76125,0.3458333333333334,,4.16,3.09,12.67,0.15,,10.77,7.44,36.91,0.49
2024-01-25,,4.426666666666667,6.000416666666666,26.742083333333337,0.41041666666666665,,4.18,4.95,14.25,0.34,,5.56,9.38,40.18,0.61
2024-01-26,,4.560416666666666,5.972916666666666,18.217916666666667,0.3825,,4.21,4.79,6.81,0.25,,6.01,9.22,27.27,0.89
2024-01-27,,4.679583333333333,5.870833333333333,21.186666666666667,0.36833333333333335,,4.3,4.92,8.5,0.26,,5.44,7.17,32.06,0.53
2024-01-28,,4.605416666666667,5.725833333333334,23.665000000000003,0.39791666666666664,,4.33,4.77,10.83,0.3,,5.28,8.39,44.33,0.6
2024-01-29,,9.785,7.523333333333333,26.07041666666667,0.41375,,4.57,5.59,7.85,0.22,,37.96,10.41,75.79,0.75
2024-01-30,,5.626666666666666,7.39875,24.95958333333333,0.40125000000000005,,4.53,4.71,5.92,0.17,,6.98,11.46,52.72,0.82
2024-01-31,,6.690416666666667,7.526666666666666,38.60041666666667,0.3958333333333333,,4.56,5.19,5.37,0.24,,18.83,12.08,106.9,0.65
2024-02-01,,5.301666666666667,6.865416666666666,27.98,0.4708333333333334,,4.56,5.17,6.61,0.29,,8.73,14.44,54.77,0.65
2024-02-02,,4.694166666666667,6.06,28.57375,0.4029166666666666,,4.52,5.22,6.54,0.32,,5.23,7.53,53.0,0.5
2024-02-03,,6.272916666666667,6.847083333333333,41.27583333333334,0.42625,,4.52,5.82,6.7,0.3,,12.29,8.77,98.16,0.8
2024-02-04,,6.434583333333333,7.468333333333334,37.823750000000004,0.5170833333333333,,5.39,5.1,13.21,0.15,,9.15,9.74,75.3,0.8
2024-02-05,,5.498333333333335,6.813749999999999,32.39416666666667,0.39625,,4.94,5.19,12.85,0.16,,7.24,11.38,67.01,0.8
2024-02-06,,5.1154166666666665,6.03875,26.774583333333336,0.4004166666666667,,4.79,5.46,10.92,0.3,,5.96,7.56,46.44,0.46
2024-02-07,,5.1775,6.298750000000001,30.894166666666667,0.32125,,4.82,5.24,12.15,0.19,,5.86,8.88,82.58,0.49
2024-02-08,,5.368750000000001,6.8691666666666675,37.38708333333333,0.45875000000000005,,5.03,5.59,11.93,0.27,,5.95,9.17,80.67,0.79
2024-02-09,,5.510000000000001,7.178750000000001,37.04208333333333,0.4404166666666667,,5.04,6.04,10.27,0.28,,6.24,9.07,90.2,0.64
2024-02-10,,5.492500000000001,6.837083333333333,34.92916666666667,0.42875,,5.03,5.86,14.45,0.2,,6.54,8.39,62.12,0.72
2024-02-11,,6.207083333333333,7.131666666666667,29.866250000000004,0.48541666666666666,,5.13,5.65,11.71,0.22,,12.58,8.66,51.75,1.17
2024-02-12,,5.940833333333333,7.928750000000001,28.310833333333335,0.5529166666666666,,5.33,5.96,11.93,0.25,,7.4,9.24,51.43,0.85
2024-02-13,,5.217391304347826,5.619565217391305,23.573913043478264,0.4926086956521739,,4.73,3.75,11.64,0.32,,5.63,7.72,36.67,0.7
2024-02-14,,5.12875,4.395416666666667,17.985416666666666,0.40124999999999994,,4.83,3.67,10.22,0.34,,5.76,6.46,26.6,0.56
2024-02-15,,5.261666666666667,5.2941666666666665,17.881249999999998,0.4116666666666667,,4.78,3.72,7.71,0.06,,6.79,7.61,26.04,0.77
2024-02-16,,5.336666666666666,5.415416666666666,14.3825,0.29708333333333337,,5.01,3.66,8.07,0.12,,6.28,8.28,19.21,0.63
2024-02-17,,5.740833333333334,4.027916666666667,14.022499999999999,0.59625,,4.94,3.66,10.22,0.14,,10.46,6.34,20.65,1.41
2024-02-18,,5.579166666666667,3.7591666666666668,13.566250000000002,0.6079166666666667,,4.86,3.61,6.83,0.37,,7.2,4.39,21.62,1.01
2024-02-19,,5.097083333333333,3.7445833333333334,13.373333333333333,0.42291666666666666,,4.83,3.61,8.33,0.35,,5.74,3.85,19.98,0.57
2024-02-20,,5.309166666666666,3.74875,12.85,0.43249999999999994,,4.84,3.66,6.41,0.34,,7.12,3.89,18.4,0.8
2024-02-21,,5.324166666666666,8.24304347826087,14.198749999999999,0.4891666666666667,,4.93,0.47,8.27,0.16,,6.56,17.83,19.92,0.82
2024-02-22,,5.635833333333333,10.230000000000002,16.59625,0.5120833333333333,,4.98,2.94,10.42,0.39,,6.59,18.27,28.9,0.67
2024-02-23,,7.4054166666666665,4.77125,19.712083333333336,0.5612499999999999,,5.53,3.95,10.11,0.31,,28.07,5.43,48.2,0.99
2024-02-24,,5.833333333333333,4.567083333333334,13.932083333333333,0.3895833333333334,,5.22,3.03,10.83,0.16,,6.73,5.37,18.04,0.74
2024-02-25,,5.2875000000000005,4.6691666666666665,11.69375,0.39375,,5.09,3.96,10.45,0.3,,5.69,5.87,12.97,0.5
2024-02-26,,5.329999999999999,4.464583333333334,11.019166666666669,0.4558333333333333,,4.96,3.37,10.45,0.34,,6.56,5.76,11.74,0.77
2024-02-27,,5.607499999999999,4.789583333333334,10.131666666666666,0.5558333333333333,,5.22,3.59,8.01,0.39,,7.1,6.69,11.31,1.01
2024-02-28,,5.491666666666667,4.385000000000001,17.6275,0.47125,,5.27,3.07,4.26,0.34,,6.32,5.91,43.72,0.76
2024-02-29,,5.798125,4.418125,13.483125000000001,0.51125,,5.18,2.95,1.17,0.25,,6.7,6.15,37.66,1.02
2024-03-01,,5.315652173913044,4.570434782608696,19.567826086956522,0.38173913043478264,,5.07,3.56,11.68,0.24,,6.07,5.66,31.63,0.46
2024-03-02,,6.607916666666667,4.46875,26.469166666666666,0.5608333333333333,,5.08,3.46,11.0,0.37,,16.44,5.86,58.78,0.83
2024-03-03,,5.941666666666666,4.404166666666667,23.98,0.5012500000000001,,5.1,3.26,11.43,0.27,,7.99,5.62,38.93,0.79
2024-03-04,,5.542083333333333,4.58875,22.604166666666668,0.45375000000000004,,5.07,3.7,13.65,0.28,,9.13,6.02,26.67,0.61
2024-03-05,,5.685416666666666,4.787916666666667,21.098333333333333,0.7020833333333333,,5.1,3.79,6.77,0.36,,7.5,5.93,41.58,1.6
2024-03-06,,7.00090909090909,4.509090909090909,17.23818181818182,1.0663636363636364,,5.35,3.68,7.27,0.65,,9.13,5.15,74.03,1.65
2024-03-07,,5.676521739130435,4.4799999999999995,29.73086956521739,0.08,,5.27,3.16,10.18,0.02,,7.67,6.19,46.49,0.34
2024-03-08,,6.077916666666667,4.65625,16.259583333333335,0.26666666666666666,,5.31,3.27,9.3,0.02,,8.06,5.69,25.52,0.5
2024-03-09,,6.545833333333334,4.35875,18.035,0.395,,5.36,3.23,7.34,0.12,,11.17,5.04,34.79,1.29
2024-03-10,,5.904166666666666,4.50125,26.99208333333333,0.6616666666666666,,5.16,3.61,9.17,0.25,,7.94,5.55,49.65,1.86
2024-03-11,,5.477916666666668,4.67875,28.86833333333333,0.46875,,5.29,3.84,14.02,0.29,,6.27,6.19,48.78,1.8
2024-03-12,,5.8379166666666675,4.603750000000001,33.58958333333333,0.5191666666666667,,5.34,3.48,7.33,0.33,,7.09,6.12,81.1,0.76
2024-03-13,,7.310416666666666,4.474583333333334,35.80833333333333,0.6329166666666667,,5.35,3.2,8.94,0.45,,10.35,5.54,97.42,1.1
2024-03-14,,7.585833333333333,4.497916666666667,41.21125,0.70125,,5.66,3.8,9.84,0.45,,12.81,5.61,84.07,1.11
2024-03-15,,7.182916666666666,4.545,28.55916666666667,0.6970833333333332,,5.77,2.81,12.81,0.49,,13.74,5.83,65.68,0.91
2024-03-16,,6.41125,4.187916666666666,26.56125,0.62875,,5.31,2.7,12.85,0.45,,9.54,5.44,68.4,0.93
2024-03-17,,6.053333333333334,4.569583333333333,20.421666666666667,0.5795833333333333,,5.37,3.66,10.51,0.43,,7.22,5.51,35.71,0.81
2024-03-18,,6.027083333333334,4.500416666666666,31.236666666666665,0.47833333333333333,,5.36,3.32,9.88,0.39,,7.72,6.29,78.42,0.63
2024-03-19,,6.502916666666667,4.3999999999999995,25.755416666666665,0.6145833333333334,,5.47,3.4,8.86,0.42,,10.52,5.71,55.41,1.19
2024-03-20,,6.9004166666666675,4.264583333333333,28.586249999999996,0.6383333333333333,,5.56,3.39,10.2,0.42,,8.7,4.85,55.43,0.91
2024-03-21,,6.3187500000000005,4.527916666666666,21.71291666666667,0.5216666666666666,,5.42,3.66,12.76,0.02,,8.66,5.49,30.87,0.97
2024-03-22,,5.739583333333333,4.771666666666667,18.3475,0.5775,,5.52,3.69,6.89,0.19,,6.49,5.79,29.57,0.77
2024-03-23,,5.925416666666667,4.451249999999999,17.894583333333333,0.5441666666666666,,5.54,3.43,8.02,0.45,,7.44,5.52,29.32,0.81
2024-03-24,,6.443333333333334,4.578333333333334,19.495416666666667,0.5683333333333334,,5.55,3.31,5.82,0.42,,11.8,5.76,45.43,0.78
2024-03-25,,8.722608695652173,4.590434782608695,21.379565217391303,0.5821739130434783,,5.61,3.05,6.54,0.42,,29.16,5.5,45.01,0.87
2024-03-26,,7.3204166666666675,4.505416666666666,17.62625,0.5495833333333333,,5.57,3.41,6.33,0.3,,13.63,6.04,36.7,1.16
2024-03-27,,6.08125,4.591666666666667,22.682499999999994,0.43291666666666667,,5.59,3.73,6.59,0.3,,7.86,6.02,49.57,0.77
2024-03-28,,7.009583333333334,4.37125,24.67833333333333,0.39666666666666667,,5.82,3.28,6.11,0.29,,9.06,5.47,63.73,0.68
2024-03-29,,6.529583333333332,4.454166666666667,22.8125,0.3745833333333333,,5.74,3.36,7.12,0.29,,9.51,5.48,51.53,0.56
2024-03-30,,7.755,4.474166666666666,21.46625,0.5091666666666667,,5.8,3.08,6.08,0.3,,13.38,5.79,45.04,1.19
2024-03-31,,7.413333333333334,4.38375,19.625833333333333,0.43041666666666667,,5.94,3.39,7.14,0.22,,9.89,5.48,37.07,1.04
2024-04-01,,6.150833333333334,4.372083333333333,25.589583333333334,0.4183333333333333,,5.77,3.37,16.69,0.22,,6.69,5.52,40.37,0.54
2024-04-02,,7.210000000000001,4.319166666666667,16.268333333333334,0.3541666666666667,,5.81,2.76,12.67,0.26,,15.08,5.22,20.09,0.49
2024-04-03,,6.361250000000001,4.68625,20.062083333333334,0.39749999999999996,,5.84,3.61,7.36,0.27,,8.34,6.18,35.0,0.93
2024-04-04,,6.531666666666666,4.54625,13.639166666666668,0.5266666666666667,,5.96,3.38,9.12,0.35,,8.73,5.77,18.78,0.84
2024-04-05,,6.41875,4.777083333333334,13.582500000000001,0.4816666666666667,,5.53,3.77,9.2,0.35,,9.83,6.14,18.5,1.18
2024-04-06,,6.931666666666666,4.595416666666666,13.311666666666667,0.42333333333333334,,5.81,3.67,8.35,0.26,,9.63,5.88,19.58,1.17
2024-04-07,,6.847499999999999,4.448333333333333,11.819583333333334,0.51375,,5.98,3.47,9.99,0.34,,13.83,5.73,14.09,1.08
2024-04-08,,7.19125,4.6745833333333335,23.18625,0.53625,,6.11,3.73,0.39,0.44,,9.3,5.45,81.79,0.67
2024-04-09,,7.0775,4.626666666666666,31.652500000000003,0.57375,,6.07,3.49,0.39,0.4,,10.83,5.5,76.89,1.28
2024-04-10,,6.391666666666666,4.818333333333333,29.13291666666667,0.3741666666666667,,6.1,3.97,19.56,0.28,,7.59,5.7,35.68,0.59
2024-04-11,,6.280833333333334,4.699166666666667,29.216250000000002,0.2816666666666667,,6.17,3.38,21.64,0.24,,6.43,5.62,37.58,0.36
2024-04-12,,6.274583333333332,4.790833333333333,30.455833333333334,0.3179166666666667,,6.03,3.48,26.23,0.23,,6.67,5.88,34.26,0.49
2024-04-13,,6.3862499999999995,4.790833333333333,28.801666666666666,0.3529166666666666,,6.18,3.56,21.75,0.29,,7.36,6.33,34.7,0.41
2024-04-14,,6.477916666666666,4.9075,28.68291666666667,0.3179166666666667,,6.1,3.29,22.0,0.21,,7.54,6.35,39.21,0.48
2024-04-15,,6.634583333333334,4.726666666666667,22.148749999999996,0.4708333333333334,,6.09,3.8,14.31,0.31,,8.76,6.16,35.98,0.77
2024-04-16,,6.990416666666666,5.2316666666666665,14.84666666666667,0.5141666666666667,,6.19,3.92,10.22,0.32,,8.92,6.47,24.22,0.88
2024-04-17,,7.5304166666666665,4.8862499999999995,26.136666666666667,0.41125000000000006,,6.46,4.05,11.2,0.3,,13.64,5.92,41.27,0.73
2024-04-18,,8.657916666666667,4.794583333333333,28.937916666666666,0.5104166666666666,,6.57,3.35,12.0,0.31,,14.92,5.85,51.29,1.03
2024-04-19,,11.048333333333332,4.574583333333334,34.606249999999996,0.5745833333333333,,6.77,3.7,13.14,0.24,,27.35,6.26,80.26,1.05
2024-04-20,,9.474583333333333,4.675833333333333,37.88291666666667,0.6604166666666668,,7.09,3.65,13.46,0.39,,15.22,6.15,83.64,1.36
2024-04-21,,9.687916666666666,4.825833333333334,35.23791666666667,0.5874999999999999,,6.57,3.17,15.99,0.18,,23.99,5.76,76.8,1.25
2024-04-22,,9.759583333333333,4.872916666666668,29.423750000000002,0.7425,,8.21,3.89,14.93,0.45,,12.87,5.99,58.41,1.5
2024-04-23,,15.643333333333333,4.7283333333333335,29.133333333333336,0.6045833333333334,,6.99,3.66,6.26,0.02,,133.6,5.7,51.37,1.09
2024-04-24,,7.46625,4.766666666666667,19.614166666666666,0.4845833333333333,,6.67,3.75,2.08,0.3,,9.93,6.19,49.69,0.89
2024-04-25,,6.9174999999999995,5.048749999999999,27.841250000000002,0.4841666666666667,,6.54,3.94,10.38,0.37,,8.48,6.28,49.86,0.71
2024-04-26,,8.394166666666665,5.155,15.190833333333332,0.7716666666666665,,6.75,3.3,12.27,0.44,,11.06,7.18,19.94,1.42
2024-04-27,,7.819166666666667,4.644583333333333,27.41458333333333,0.6175,,6.61,3.79,15.35,0.25,,10.45,5.5,49.74,1.06
2024-04-28,,6.833333333333333,4.857083333333333,30.614166666666666,0.4633333333333334,,6.67,3.74,15.19,0.19,,7.44,6.91,43.02,0.65
2024-04-29,,7.34125,4.802499999999999,21.539999999999996,0.6325,,6.58,3.7,12.45,0.42,,9.65,6.14,33.27,1.02
2024-04-30,,7.025000000000001,4.960833333333333,32.58375,0.44083333333333335,,6.62,3.95,17.53,0.3,,8.47,6.2,42.62,0.71
2024-05-01,,7.179166666666666,4.911666666666666,31.97666666666667,0.5375,,6.23,3.89,23.24,0.35,,9.11,5.94,42.91,0.83
2024-05-02,,7.277500000000001,5.124583333333333,30.772499999999997,0.5575,,6.27,4.03,13.3,0.33,,9.88,6.46,49.19,1.08
2024-05-03,,6.792941176470587,4.9788235294117635,36.95176470588235,0.46470588235294114,,6.46,3.8,27.55,0.36,,8.42,6.17,42.07,0.54
2024-05-04,,,,,,,,,,,,,,,
2024-06-04,,4.52,9.35,21.29,2.49,,4.52,9.35,21.29,2.49,,4.52,9.35,21.29,2.49
2024-06-05,,4.556666666666667,8.88,19.035,2.6166666666666667,,4.27,7.7,13.36,0.46,,5.85,9.82,36.93,4.82
2024-06-06,,8.896666666666667,8.582500000000001,19.705416666666665,1.8418181818181816,,4.5,7.26,15.64,0.78,,18.54,10.17,28.4,3.6
2024-06-07,,10.206666666666667,8.795416666666666,21.484166666666667,,,7.94,7.55,18.08,,,14.21,10.29,28.19,
2024-06-08,,9.360416666666667,8.75,23.933333333333334,,,8.13,7.44,21.5,,,13.23,9.94,31.86,
2024-06-09,,9.051666666666668,8.964166666666666,23.60916666666667,,,6.55,7.84,20.19,,,16.56,11.18,34.34,
2024-06-10,,7.720416666666668,8.84125,21.452499999999997,,,6.51,7.51,20.03,,,11.58,10.85,23.06,
2024-06-11,,6.574583333333334,8.713333333333333,19.946250000000003,,,6.43,7.55,18.93,,,6.89,9.45,21.47,
2024-06-12,,8.615833333333333,9.022916666666667,23.16541666666667,,,6.44,7.45,20.69,,,17.09,10.54,33.76,
2024-06-13,,7.258333333333333,8.884166666666667,22.115,,,6.29,7.61,20.33,,,8.65,10.17,24.33,
2024-06-14,,8.198333333333332,8.857916666666666,24.3625,,,6.47,7.72,20.47,,,16.29,10.44,43.82,
2024-06-15,,7.407083333333333,9.075416666666667,25.70333333333333,,,6.31,7.64,23.61,,,13.35,10.11,36.47,
2024-06-16,,6.618333333333333,8.748333333333333,24.66541666666667,,,6.05,7.57,23.47,,,9.15,10.42,31.13,
2024-06-17,,6.64875,8.75625,24.24208333333333,,,6.22,7.56,23.76,,,7.0,10.14,25.5,
2024-06-18,,7.1433333333333335,8.67,25.2325,,,6.3,7.49,24.09,,,9.26,9.89,30.09,
2024-06-19,,6.849999999999999,8.852916666666667,24.412499999999998,,,6.03,7.83,23.51,,,8.82,9.82,28.19,
2024-06-20,,6.904166666666666,8.683333333333334,31.4575,,,6.51,7.78,23.88,,,7.67,10.51,47.22,
2024-06-21,,7.0441666666666665,8.914166666666667,33.192083333333336,,,6.17,7.69,25.77,,,8.84,9.9,52.93,
2024-06-22,,10.396666666666667,8.716666666666667,49.635,,,6.71,7.41,29.12,,,26.47,11.11,136.9,
2024-06-23,,7.53625,8.672916666666667,51.656666666666666,,,6.33,7.2,31.32,,,17.0,9.65,92.79,
2024-06-24,,6.609166666666667,8.697083333333333,47.68708333333333,,,6.11,7.59,37.79,,,7.23,11.55,58.3,
2024-06-25,,6.534166666666667,8.750833333333334,52.36750000000001,,,5.9,7.81,26.13,,,7.37,9.74,66.97,
2024-06-26,,6.71,8.746666666666668,36.28333333333334,,,6.11,7.43,19.59,,,8.21,10.78,55.73,
2024-06-27,,8.845,8.543750000000001,18.645416666666666,,,6.48,6.72,5.05,,,12.65,10.31,36.86,
2024-06-28,,8.09375,8.805,16.8525,,,6.97,7.56,6.74,,,10.41,9.99,31.73,
2024-06-29,,6.77,8.632083333333334,32.22416666666667,,,6.24,7.47,16.73,,,7.69,9.77,41.65,
2024-06-30,,7.699999999999999,8.947083333333333,29.973333333333333,,,6.38,7.88,15.81,,,10.15,10.44,43.44,
2024-07-01,,8.511666666666667,8.616249999999999,24.044583333333332,,,6.8,7.34,9.19,,,12.8,10.04,48.69,
2024-07-02,,10.122083333333334,8.863750000000001,33.81791666666667,,,7.13,7.73,17.31,,,17.12,10.31,68.97,
2024-07-03,,6.427499999999999,8.835416666666667,30.994166666666672,,,0.655,7.95,14.24,,,16.59,10.5,80.79,
2024-07-04,,3.946875,9.019166666666667,23.329583333333332,,,0.655,7.58,10.83,,,7.59,10.31,31.55,
2024-07-05,,7.206666666666666,8.582083333333335,16.452083333333334,,,6.55,7.39,7.74,,,8.06,9.52,26.23,
2024-07-06,,7.377916666666667,8.5,20.9375,,,6.26,7.41,4.97,,,9.32,9.53,37.64,
2024-07-07,,7.466666666666666,8.692916666666667,28.266666666666666,,,6.32,7.35,19.75,,,19.2,10.17,41.33,
2024-07-08,,6.575,8.473333333333334,26.002916666666668,,,6.08,7.48,16.3,,,7.75,9.48,33.46,
2024-07-09,,6.68875,8.59875,24.715833333333336,,,6.17,7.57,17.15,,,7.92,9.72,32.74,
2024-07-10,,7.141499999999999,8.7295,18.5645,,,6.2,7.07,11.89,,,8.18,10.79,24.82,
2024-07-11,,7.62125,8.594583333333334,21.63083333333333,,,6.7,7.1,11.88,,,8.06,10.0,38.47,
2024-07-12,,6.891249999999999,8.531666666666666,39.168749999999996,,,6.24,7.56,24.17,,,7.95,9.9,47.35,
2024-07-13,,7.705416666666667,8.751666666666667,39.06333333333333,,,6.4,7.43,28.58,,,16.57,9.61,44.48,
2024-07-14,,7.222083333333334,8.794583333333334,49.7475,,,6.63,7.7,41.42,,,7.9,9.94,58.39,
2024-07-15,,7.3637500000000005,8.676666666666668,41.302083333333336,,,6.73,6.79,22.97,,,9.99,9.85,55.64,
2024-07-16,,7.507916666666667,8.82875,32.390833333333326,,,6.28,7.9,18.34,,,8.34,10.94,49.52,
2024-07-17,,8.02125,8.739166666666668,23.029583333333335,,,7.32,7.38,17.42,,,9.75,9.86,34.0,
2024-07-18,,8.17625,8.542499999999999,20.970833333333335,,,7.56,7.4,10.96,,,9.52,10.22,31.52,
2024-07-19,,9.372083333333334,8.533043478260868,20.270833333333332,,,7.84,7.06,2.93,,,12.82,10.21,45.43,
2024-07-20,,8.209166666666667,8.127083333333333,32.64833333333333,,,7.67,6.45,23.43,,,12.99,9.54,41.28,
2024-07-21,,8.873750000000001,8.287083333333333,27.006249999999998,,,7.94,6.69,16.74,,,10.69,9.38,42.55,
2024-07-22,,9.48125,8.198749999999999,26.266249999999996,,,8.02,6.92,14.83,,,12.56,10.16,56.98,
2024-07-23,,8.60125,8.606666666666667,28.230833333333333,,,8.03,7.52,11.35,,,9.76,9.89,83.06,
2024-07-24,,14.293750000000003,8.397916666666667,22.618750000000002,,,5.47,6.92,15.89,,,90.09,10.07,38.28,
2024-07-25,,5.944583333333334,8.171666666666667,22.895833333333332,,,5.36,6.72,20.63,,,7.16,9.22,28.29,
2024-07-26,,5.667916666666667,7.8675,23.292083333333334,,,5.5,6.33,20.62,,,6.11,9.58,26.25,
2024-07-27,,6.02375,8.18125,22.047500000000003,,,5.33,7.31,19.96,,,7.41,9.42,25.85,
2024-07-28,,5.520833333333333,8.1075,21.53833333333333,,,5.29,6.58,19.63,,,8.53,9.34,23.71,
2024-07-29,,5.7475,8.352083333333333,23.32041666666667,,,5.25,7.39,21.78,,,6.17,9.27,25.01,
2024-07-30,,6.039583333333333,8.08875,22.692916666666665,,,5.98,6.5,19.54,,,6.11,9.74,25.23,
2024-07-31,,6.176666666666667,7.992608695652175,21.31875,,,6.0,6.87,19.24,,,6.64,9.36,24.34,
2024-08-01,,6.97125,8.034583333333332,22.672916666666666,,,5.87,6.55,19.6,,,11.54,10.41,27.28,
2024-08-02,,8.854166666666666,8.014583333333334,25.491249999999997,,,6.62,7.01,23.29,,,13.24,9.27,31.7,
2024-08-03,,6.985625,8.040416666666667,26.979166666666668,,,5.75,7.25,23.96,,,10.1,8.88,29.24,
2024-08-04,,7.158333333333334,8.001666666666667,25.851250000000004,,,6.55,6.9,23.62,,,9.18,9.27,29.45,
2024-08-05,,6.758333333333333,8.100833333333334,24.60625,,,6.53,7.01,22.7,,,7.25,8.92,27.27,
2024-08-06,,7.006249999999999,8.122916666666667,23.668750000000003,,,6.54,7.26,23.01,,,8.76,9.18,24.75,
2024-08-07,,7.774166666666666,8.360833333333334,24.0925,,,6.52,7.05,23.12,,,10.63,9.71,26.29,
2024-08-08,,6.687083333333334,8.107083333333334,24.175833333333333,,,6.5,6.88,23.09,,,7.31,9.24,26.09,
2024-08-09,,6.984166666666667,7.9558333333333335,24.79125,,,6.47,6.27,23.19,,,12.56,9.41,25.94,
2024-08-10,,6.758333333333333,8.04875,25.255416666666672,,,6.47,6.92,23.64,,,8.37,10.04,26.72,
2024-08-11,,7.794583333333333,8.1175,25.524166666666662,,,6.47,7.0,23.35,,,14.22,9.18,28.74,
2024-08-12,,6.676666666666667,8.06,25.927916666666665,,,6.41,6.89,23.48,,,7.44,9.31,27.79,
2024-08-13,,7.577916666666667,7.979166666666667,24.954166666666666,,,6.5,6.64,22.74,,,8.99,9.92,29.18,
2024-08-14,,8.907916666666667,8.030000000000001,25.969583333333333,,,6.68,6.28,22.8,,,16.55,9.23,32.59,
2024-08-15,,8.66391304347826,8.017826086956523,27.875217391304343,,,7.57,6.73,23.88,,,11.61,9.14,36.83,
2024-08-16,,8.215,8.4665,28.089499999999997,,,7.42,6.71,25.81,,,8.93,10.0,32.05,
2024-08-17,,7.564545454545455,8.665454545454544,28.377272727272725,,,6.95,7.44,26.6,,,11.64,9.74,29.48,
2024-08-18,,7.452083333333333,8.66625,26.91791666666667,,,7.1,7.54,24.47,,,8.18,9.54,30.83,
2024-08-19,,7.34875,8.988333333333333,25.608749999999997,,,7.17,7.88,23.93,,,7.72,10.49,27.62,
2024-08-20,,6.647916666666667,8.832916666666668,26.137083333333337,,,6.51,7.66,23.53,,,6.94,10.07,28.18,
2024-08-21,,7.267083333333335,8.93,26.45125,,,6.52,7.69,23.39,,,9.56,10.29,30.29,
2024-08-22,,7.724166666666666,8.851666666666667,26.550416666666667,,,6.75,7.35,23.94,,,14.83,10.48,29.34,
2024-08-23,,6.863333333333334,8.644166666666665,24.7,,,6.53,7.38,23.43,,,8.13,9.96,27.5,
2024-08-24,,6.743333333333333,8.708333333333334,25.90833333333333,,,6.49,7.74,23.99,,,7.85,9.89,27.8,
2024-08-25,,6.8116666666666665,8.75125,25.89916666666667,,,6.47,7.52,23.11,,,7.64,10.39,27.92,
2024-08-26,13.821739130434782,7.447083333333334,8.905,24.932916666666667,,4.13,6.51,7.73,22.82,,57.26,11.02,10.4,27.25,
2024-08-27,32.88708333333333,7.798749999999999,9.22,25.332083333333333,,1.54,6.53,8.17,22.75,,66.52,12.14,10.33,31.51,
2024-08-28,11.24375,6.772083333333334,9.084583333333333,25.898750000000003,,2.56,6.48,7.43,23.35,,38.33,7.5,10.51,28.68,
2024-08-29,40.70666666666667,7.740416666666666,9.350833333333334,24.08791666666667,,8.67,6.61,8.15,22.86,,84.79,9.16,10.29,25.45,
2024-08-30,20.006249999999998,7.177499999999999,9.380416666666667,25.285416666666666,,7.39,6.67,8.23,22.63,,49.25,7.69,11.06,28.13,
2024-08-31,24.763749999999998,7.8062499999999995,9.103333333333333,27.379166666666666,,5.05,6.9,7.77,24.73,,55.59,18.2,10.77,30.22,
2024-09-01,12.618333333333332,6.865833333333332,9.270000000000001,25.6775,,3.59,6.52,8.23,24.42,,49.95,7.68,10.36,27.11,
2024-09-02,12.125416666666666,7.160416666666666,9.349583333333333,25.419166666666666,,5.91,6.72,7.9,23.2,,41.02,9.08,10.96,27.88,
2024-09-03,18.249583333333334,7.674166666666667,9.024999999999999,25.93041666666667,,4.3,6.78,7.44,22.71,,37.61,9.74,10.27,35.05,
2024-09-04,14.518749999999999,6.908333333333334,9.188333333333333,25.538750000000004,,4.42,6.5,7.4,23.19,,31.13,7.62,10.45,27.94,
2024-09-05,8.282608695652174,6.863043478260869,9.154782608695653,26.877826086956524,,4.35,6.52,7.61,23.14,,20.41,7.7,10.63,28.81,
2024-09-06,20.88173913043478,7.113913043478261,9.025217391304347,24.76,,4.14,6.51,7.73,22.48,,56.5,8.31,9.83,29.29,
2024-09-07,42.07458333333333,8.387500000000001,8.850416666666666,24.732083333333332,,2.6,6.94,7.46,22.86,,92.31,19.49,10.33,27.0,
2024-09-08,24.83708333333333,7.4383333333333335,9.351249999999999,25.937916666666666,,6.58,6.82,7.74,23.65,,55.46,8.63,10.55,28.13,
2024-09-09,25.93166666666667,7.695416666666667,9.328750000000001,27.232916666666664,,1.75,6.81,8.2,23.04,,46.92,8.33,10.44,30.61,
2024-09-10,55.725833333333334,8.173333333333334,9.205,26.695833333333336,,27.18,7.6,7.99,23.68,,91.27,9.07,10.2,31.88,
2024-09-11,57.044500000000006,8.398333333333333,8.721666666666666,26.879166666666666,,35.15,7.2,7.24,23.8,,84.89,10.14,10.34,31.87,
2024-09-12,16.609583333333333,7.07,8.545833333333333,25.93083333333333,,4.67,6.76,6.55,25.08,,30.31,7.63,10.09,26.83,
2024-09-13,27.89375,7.505416666666666,8.134583333333333,23.979583333333334,,6.86,6.77,7.26,22.73,,46.47,8.38,9.21,25.17,
2024-09-14,15.248750000000001,7.137083333333333,8.47,25.604166666666668,,4.12,6.74,6.62,24.08,,30.29,8.34,9.42,26.97,
2024-09-15,21.155,6.9558333333333335,8.386666666666667,25.02875,,8.61,6.71,7.18,22.34,,38.14,7.9,9.76,27.69,
2024-09-16,14.638333333333334,6.788333333333334,8.092083333333333,25.3125,,4.08,6.66,7.18,22.35,,28.13,7.14,9.32,27.76,
2024-09-17,14.002083333333333,6.962083333333333,8.510833333333332,25.815,,2.0,6.67,7.61,22.64,,35.33,7.59,9.58,29.14,
2024-09-18,18.56041666666667,6.97125,8.597916666666666,26.199166666666667,,2.85,6.73,7.21,22.87,,50.87,7.57,10.15,30.57,
2024-09-19,34.708000000000006,7.494,8.628499999999999,25.14,,5.08,6.79,7.45,23.23,,82.0,8.45,9.53,29.29,
2024-09-20,27.217272727272725,7.866818181818181,8.551363636363638,26.950000000000003,1.9725000000000001,4.98,6.86,7.06,23.95,0.1,57.64,10.97,9.92,29.78,9.61
2024-09-21,8.864583333333334,7.44875,8.577083333333334,27.316249999999997,0.2604166666666667,3.97,6.94,7.22,23.95,0.02,34.77,8.67,10.17,29.58,0.96
2024-09-22,6.884583333333333,7.801666666666667,8.057916666666666,27.461250000000003,0.6470833333333333,0.5,7.03,6.3,25.26,0.37,29.03,12.17,9.57,32.32,0.96
2024-09-23,31.992380952380955,8.267272727272728,7.5213636363636365,28.28590909090909,0.69375,1.02,7.55,5.39,24.75,0.62,63.6,9.3,9.59,31.31,0.78
2024-09-24,,,,,,,,,,,,,,,
2024-10-23,22.564444444444444,7.948333333333333,8.055833333333332,26.721666666666664,,1.68,7.76,6.91,24.07,,53.22,8.17,9.4,29.87,
2024-10-24,21.94875,8.10125,8.010416666666666,25.936666666666667,,9.45,7.68,6.2,23.82,,52.97,8.76,9.83,29.53,
2024-10-25,7.016249999999999,8.150416666666667,8.823749999999999,25.66541666666667,,0.5,7.43,7.83,23.99,,24.9,18.61,9.73,27.19,
2024-10-26,12.738750000000001,8.020833333333334,8.891666666666667,25.777916666666666,,2.63,7.61,8.16,23.23,,43.5,9.15,9.94,27.09,
2024-10-27,16.474583333333335,7.81,8.9125,24.767083333333332,,5.72,7.61,7.51,22.19,,39.09,8.2,9.89,26.99,
2024-10-28,20.824583333333333,7.901666666666666,8.9525,25.22791666666667,,4.02,7.61,7.46,21.83,,46.52,8.51,9.95,29.25,
2024-10-29,27.655833333333334,8.102916666666667,9.101666666666667,25.915000000000003,,10.4,7.68,8.03,21.93,,48.7,8.48,10.21,33.83,
2024-10-30,16.580833333333334,7.71875,8.74,25.126666666666665,,2.22,7.29,7.64,22.62,,38.01,8.26,9.91,27.57,
2024-10-31,21.409166666666664,7.830416666666667,8.927916666666667,25.40125,,4.47,7.42,7.31,22.65,,60.25,8.57,10.07,28.46,
2024-11-01,27.59583333333333,7.864999999999999,8.891666666666666,25.087083333333336,,1.96,7.33,7.31,22.27,,63.31,8.53,10.14,29.51,
2024-11-02,26.862083333333334,8.274166666666668,8.727500000000001,25.321250000000003,,2.95,7.6,7.09,22.32,,65.36,14.18,10.33,28.74,
2024-11-03,31.850833333333338,8.034166666666666,9.096521739130434,25.5725,,0.5,7.53,7.38,22.54,,81.21,8.8,10.48,29.55,
2024-11-04,16.615416666666665,7.73875,8.885,24.787916666666664,,2.41,7.52,7.28,23.12,,33.23,8.04,10.18,27.44,
2024-11-05,16.363333333333333,7.829583333333332,8.787916666666666,25.058750000000003,,2.88,7.5,7.43,22.13,,28.88,8.09,10.11,29.76,
2024-11-06,12.723333333333334,7.779583333333334,8.834583333333333,25.144166666666667,,4.47,7.52,7.64,23.45,,26.18,8.46,10.27,27.65,
2024-11-07,15.678333333333333,7.884583333333334,9.040416666666667,24.442916666666665,,0.5,7.58,7.7,22.27,,26.27,8.26,10.69,30.69,
2024-11-08,11.082916666666668,7.833333333333333,9.003333333333334,25.403750000000002,,2.82,7.58,7.83,22.43,,36.57,9.25,10.8,27.08,
2024-11-09,18.05125,7.978750000000001,8.841666666666667,24.756666666666664,,5.17,7.61,7.84,22.12,,37.0,8.4,9.87,27.02,
2024-11-10,17.622083333333332,8.105416666666665,9.101666666666667,25.940833333333334,,6.68,7.58,7.73,22.62,,41.06,8.88,10.29,29.12,
2024-11-11,23.687083333333334,8.48625,8.777916666666668,26.304166666666664,,1.3,7.74,7.2,22.84,,47.48,13.55,11.16,31.29,
2024-11-12,8.42,7.87875,9.130416666666667,25.93541666666667,,3.11,7.61,7.4,24.53,,26.91,8.2,10.45,27.63,
2024-11-13,17.515652173913043,6.3812500000000005,10.06125,27.017916666666665,,1.01,4.05,7.9,22.73,,45.29,13.04,12.19,32.95,
2024-11-14,25.425416666666667,4.465833333333333,10.558333333333332,29.413333333333338,,4.58,3.94,8.23,25.46,,44.58,5.44,11.97,33.27,
2024-11-15,23.8125,5.0129166666666665,8.54125,29.28125,,12.83,4.78,7.39,25.54,,42.12,5.24,9.78,32.87,
2024-11-16,19.793333333333333,5.039166666666667,8.4025,28.96083333333333,,3.26,4.81,7.01,25.76,,54.4,5.23,10.11,33.06,
2024-11-17,20.000833333333333,5.5754166666666665,7.933333333333334,29.214166666666667,,0.5,5.07,6.04,25.23,,58.71,6.48,10.34,34.32,
2024-11-18,22.643333333333334,5.766666666666667,7.627916666666667,29.95375,,12.13,5.04,5.64,27.8,,48.34,8.46,10.59,32.07,
2024-11-19,14.435833333333335,5.166250000000001,9.112499999999999,28.21375,,2.74,4.9,7.78,27.26,,26.61,6.43,10.62,29.92,
2024-11-20,8.278333333333334,5.0225,9.602916666666665,28.935,,0.5,4.87,8.07,27.75,,27.66,5.66,10.93,29.73,
2024-11-21,5.7437499999999995,5.0320833333333335,8.960416666666667,29.555000000000003,,0.5,4.87,7.42,28.2,,24.05,5.35,9.91,30.56,
2024-11-22,12.567916666666667,5.093333333333333,8.838333333333333,27.84041666666667,,3.88,4.92,7.6,26.76,,29.67,5.2,9.72,28.59,
2024-11-23,7.109166666666667,5.08875,8.803749999999999,28.680416666666662,,0.5,4.85,7.26,27.18,,26.45,5.36,10.23,30.22,
2024-11-24,17.074444444444445,5.1275,8.785416666666668,27.976249999999997,,0.5,4.99,7.57,25.21,,31.43,5.45,10.55,31.16,
2024-11-25,25.59875,5.687916666666666,8.571666666666667,29.368749999999995,,5.82,5.08,7.31,24.98,,60.37,8.53,9.53,35.96,
2024-11-26,33.992916666666666,5.534583333333333,8.714166666666666,29.827916666666663,,6.99,5.07,7.73,25.95,,86.3,6.02,10.1,36.61,
2024-11-27,42.85826086956522,5.705217391304347,8.259565217391303,31.497826086956525,,0.5,5.44,7.08,26.83,,92.33,6.35,9.09,40.2,
2024-11-28,35.83470588235294,5.550833333333332,8.884166666666667,28.205,,2.54,5.35,7.48,25.7,,78.97,5.74,10.37,30.62,
2024-11-29,21.139375,5.474166666666666,8.902916666666668,27.721666666666668,,3.68,5.27,7.7,25.57,,33.05,5.77,10.31,30.4,
2024-11-30,15.722083333333336,5.476666666666667,8.78625,27.522916666666664,,0.5,5.26,7.46,25.06,,35.8,5.9,10.52,29.2,
2024-12-01,11.256363636363638,5.738333333333333,8.183749999999998,28.402083333333326,,0.5,5.33,6.53,25.24,,35.77,8.15,10.51,31.56,
2024-12-02,20.88181818181818,5.95,7.384166666666668,28.977500000000003,,4.71,5.23,5.63,26.7,,42.39,6.86,9.95,30.74,
2024-12-03,22.878333333333334,5.5254166666666675,9.05625,27.551666666666666,,8.46,5.34,7.93,24.4,,38.5,5.77,10.07,30.99,
2024-12-04,18.654999999999998,5.555416666666666,9.427083333333334,27.55916666666667,,5.53,5.36,8.32,25.38,,40.22,5.88,10.86,29.34,
2024-12-05,24.7025,5.7508333333333335,8.608333333333333,28.64625,,7.13,5.37,7.52,24.76,,39.59,6.3,9.94,37.2,
2024-12-06,36.041666666666664,6.375,8.78,27.116666666666664,,5.21,5.59,6.64,25.07,,59.5,12.18,10.38,30.05,
2024-12-07,11.897499999999999,5.597916666666666,9.10375,28.02,,4.21,5.49,7.29,25.84,,29.53,5.83,9.86,30.35,
2024-12-08,11.511249999999999,5.385000000000001,8.676250000000001,27.357916666666668,,7.02,5.24,7.62,26.81,,20.56,5.65,9.75,27.98,
2024-12-09,12.22125,5.448333333333333,8.869583333333333,26.890833333333333,,4.31,5.28,7.75,26.3,,22.32,5.58,9.86,27.54,
2024-12-10,7.4941666666666675,5.472916666666666,9.03375,26.669166666666666,,1.18,5.34,8.07,25.71,,15.0,5.93,9.97,27.52,
2024-12-11,8.192916666666667,5.541250000000001,8.894166666666667,27.25,,2.28,5.31,6.98,25.08,,26.1,5.99,10.06,28.75,
2024-12-12,19.464583333333334,5.644583333333334,8.562083333333332,27.552083333333332,,7.78,5.5,6.93,25.06,,44.09,5.98,9.73,31.05,
2024-12-13,21.339166666666667,5.677083333333333,8.877916666666666,28.145,,4.04,5.5,7.91,25.28,,45.07,7.06,9.85,31.91,
2024-12-14,22.775000000000002,5.7387500000000005,8.776666666666666,27.770416666666666,,0.5,5.49,7.12,26.18,,90.27,6.2,10.11,31.63,
2024-12-15,10.527083333333334,5.78125,8.816666666666668,27.1825,,0.5,5.51,7.08,25.27,,49.84,6.17,9.99,28.76,
2024-12-16,7.50388888888889,5.600416666666668,8.900833333333333,26.477083333333336,,0.5,5.4,7.31,25.03,,20.28,5.89,10.67,27.56,
2024-12-17,16.677083333333332,5.864583333333333,8.762916666666667,26.25583333333334,,5.68,5.59,6.88,24.41,,34.57,6.66,10.5,28.65,
2024-12-18,13.299166666666665,5.729583333333333,8.785,26.96166666666667,,2.72,5.54,8.01,24.47,,43.05,5.92,9.7,29.25,
2024-12-19,18.530909090909088,6.012083333333334,8.723333333333334,27.688750000000002,,0.5,5.55,7.28,24.77,,43.34,7.38,10.34,31.45,
2024-12-20,11.011666666666665,5.871666666666667,8.506666666666666,28.36375,,1.49,5.55,7.73,25.61,,28.19,6.51,9.71,30.87,
2024-12-21,31.70625,5.694583333333333,8.592916666666667,27.45583333333333,,15.93,5.41,7.36,25.44,,49.31,6.18,9.66,28.73,
2024-12-22,13.27875,5.646666666666667,8.762916666666667,27.295,,3.61,5.48,7.21,26.01,,35.14,5.84,10.41,28.1,
2024-12-23,10.457916666666666,5.765833333333333,8.670833333333334,26.605833333333333,,0.5,5.31,7.68,24.47,,26.69,7.58,10.5,28.57,
2024-12-24,17.799166666666665,5.950833333333333,8.417083333333332,27.930416666666662,,5.97,5.54,7.12,25.11,,57.58,7.57,9.48,33.4,
2024-12-25,21.146666666666665,5.967083333333334,8.6,27.343333333333334,,2.74,5.67,7.29,25.76,,72.34,7.29,9.74,29.48,
2024-12-26,9.741666666666667,5.886666666666667,8.571250000000001,27.49458333333334,,3.58,5.3,7.5,25.36,,28.55,7.51,9.56,29.62,
2024-12-27,16.464583333333334,5.866250000000001,8.66625,28.0,,2.73,5.5,7.2,25.65,,34.56,7.62,10.05,29.85,
2024-12-28,15.799999999999999,5.7437499999999995,8.586666666666666,27.660416666666666,,4.57,5.52,7.5,25.1,,37.36,6.0,9.57,29.9,
2024-12-29,10.477916666666667,5.756666666666668,8.1275,26.909999999999997,,3.31,5.53,7.26,25.33,,28.18,6.23,9.3,28.08,
2024-12-30,7.344166666666666,5.759999999999999,8.5425,26.960416666666664,,1.82,5.55,7.45,25.04,,26.01,6.76,9.53,28.59,
2024-12-31,11.58625,6.056250000000001,8.25375,28.34583333333333,,4.49,5.62,7.28,25.72,,51.64,8.65,9.27,32.42,
