data,precipitacao,pressao_atm,radiacao,temperatura_ar,temperatura_orvalho,umidade_rel,vento_direcao,vento_rajada_max,vento_velocidade,temperatura_min,temperatura_max
2020-01-01,0.008333333333333333,999.4958333333334,1556.2066666666665,27.270833333333332,22.2625,74.75,237.375,5.9375,1.7833333333333332,25.0,31.7
2020-01-02,0.05833333333333333,1005.8541666666666,1742.9799999999998,23.870833333333337,19.224999999999998,75.625,143.70833333333334,8.079166666666667,2.4791666666666665,22.0,25.9
2020-01-03,0.025000000000000005,1010.6416666666665,1312.16,22.966666666666665,17.3875,71.70833333333333,124.91666666666667,8.141666666666667,2.579166666666667,19.9,25.5
2020-01-04,0.008333333333333333,1008.3291666666665,1625.1333333333334,23.73333333333333,18.099999999999998,71.83333333333333,109.5,8.054166666666667,2.4,20.8,27.2
2020-01-05,0.0,1002.0708333333333,1890.1133333333335,25.28333333333333,18.266666666666666,67.83333333333333,122.66666666666667,4.945833333333334,1.625,19.8,31.5
2020-01-06,0.0,998.5333333333334,1782.6,27.7375,18.95,62.416666666666664,202.33333333333334,5.625,1.741666666666667,21.7,34.8
2020-01-07,0.008333333333333333,1001.3208333333332,1453.0066666666667,26.495833333333337,20.495833333333334,71.125,182.25,5.2875,1.5166666666666666,23.4,29.6
2020-01-08,0.0,1004.85,1705.1266666666668,25.329166666666666,17.833333333333332,64.91666666666667,114.41666666666667,6.591666666666666,2.0166666666666666,20.8,30.1
2020-01-09,0.0,1002.9541666666668,2038.042857142857,28.420833333333334,19.820833333333333,62.833333333333336,171.79166666666666,4.45,1.5416666666666667,21.8,36.8
2020-01-10,0.6,1002.6833333333334,1550.3428571428572,28.258333333333336,22.05416666666667,71.70833333333333,237.79166666666666,5.699999999999999,1.8583333333333334,22.7,34.9
2020-01-11,0.31666666666666665,1003.9041666666666,1348.6533333333334,25.704166666666666,22.191666666666666,82.5,140.0,4.870833333333333,1.3833333333333335,22.6,30.3
2020-01-12,0.0,1008.1333333333333,1997.48,27.04583333333333,19.729166666666668,68.16666666666667,125.66666666666667,4.566666666666667,1.4916666666666665,22.4,31.8
2020-01-13,0.0,1010.4625,2006.8266666666668,25.454166666666666,18.083333333333332,65.04166666666667,114.83333333333333,5.120833333333333,1.7708333333333333,20.9,29.8
2020-01-14,0.0,1007.3208333333333,2001.8533333333335,26.104166666666668,18.775000000000002,66.29166666666667,135.0,5.529166666666668,1.8458333333333332,20.4,33.7
2020-01-15,0.39999999999999997,1001.7000000000002,1580.3857142857144,28.066666666666666,20.879166666666666,67.29166666666667,225.66666666666666,6.779166666666666,2.408333333333333,24.3,33.8
2020-01-16,0.36666666666666664,1007.9208333333332,901.5176470588236,23.22083333333333,17.166666666666668,71.5,204.79166666666666,7.2375,1.8541666666666667,22.0,24.4
2020-01-17,0.0,1015.4333333333333,1478.6466666666668,20.529166666666665,11.920833333333334,59.125,150.375,3.6916666666666664,1.1916666666666667,15.2,26.0
2020-01-18,0.0,1013.1666666666666,1978.813333333333,22.974999999999998,14.683333333333332,61.083333333333336,109.20833333333333,4.929166666666666,1.6083333333333334,17.3,29.2
2020-01-19,0.0,1009.1333333333332,1838.9466666666667,25.495833333333334,18.391666666666666,67.16666666666667,140.45833333333334,4.383333333333334,1.4124999999999999,19.4,32.3
2020-01-20,0.0,1005.5124999999999,1713.5866666666666,27.224999999999998,20.0125,67.04166666666667,160.5,4.866666666666666,1.6458333333333333,22.2,33.7
2020-01-21,0.27499999999999997,1003.1583333333334,983.0399999999998,25.5125,21.270833333333332,78.58333333333333,174.83333333333334,4.720833333333333,1.3833333333333335,22.4,29.9
2020-01-22,0.025000000000000005,1005.0708333333332,1419.95,23.85833333333333,19.175,76.45833333333333,111.25,6.191666666666666,1.9958333333333333,21.8,27.5
2020-01-23,0.075,1007.9,1617.9799999999998,23.508333333333336,18.599999999999998,74.5,120.45833333333333,8.145833333333334,2.654166666666667,20.9,26.5
2020-01-24,0.0,1006.5708333333333,1923.9666666666667,23.84583333333333,17.683333333333334,70.29166666666667,131.58333333333334,5.883333333333333,1.9791666666666667,19.3,28.2
2020-01-25,0.008333333333333333,1003.5875,2041.3733333333332,24.441666666666666,17.466666666666665,68.70833333333333,202.0,4.3374999999999995,1.4416666666666667,18.5,30.7
2020-01-26,0.0,1002.8166666666667,1813.3600000000001,27.958333333333332,17.870833333333334,55.375,233.16666666666666,3.7916666666666665,1.2833333333333334,22.7,33.2
2020-01-27,0.6583333333333333,1003.525,1221.6533333333332,26.295833333333334,21.170833333333334,74.16666666666667,194.70833333333334,5.083333333333333,1.5374999999999999,24.7,30.6
2020-01-28,0.0,1006.8916666666668,1622.1200000000001,24.89166666666667,19.125,71.58333333333333,115.29166666666667,6.045833333333334,1.875,21.0,28.8
2020-01-29,0.10000000000000002,1004.0208333333334,682.6466666666668,24.1875,20.145833333333332,78.625,189.375,4.25,1.3083333333333333,22.5,27.0
2020-01-30,0.075,1003.1625,1019.3000000000001,24.774999999999995,20.95,79.70833333333333,222.70833333333334,3.9458333333333333,1.375,22.8,27.5
2020-01-31,0.39166666666666666,1005.2083333333334,1251.28,24.5125,21.65833333333333,84.875,206.25,4.420833333333333,1.3999999999999997,22.4,28.7
2020-02-01,0.0,1008.8583333333332,1795.45,24.55,19.875,76.41666666666667,143.41666666666666,4.120833333333334,1.2375,20.9,28.8
2020-02-02,0.0,1008.3916666666668,1742.857142857143,25.5125,19.125,69.125,125.70833333333333,5.3875,1.7791666666666668,20.5,30.0
2020-02-03,0.008333333333333333,1009.6416666666665,1355.0142857142857,25.708333333333332,19.929166666666667,71.83333333333333,113.125,7.495833333333334,2.4041666666666663,22.6,30.4
2020-02-04,0.0,1010.0166666666668,1945.314285714286,26.133333333333336,20.016666666666666,70.875,104.29166666666667,7.7375,2.2708333333333335,22.0,31.2
2020-02-05,0.0,1008.3125,2023.9142857142856,27.204166666666666,20.21666666666667,67.66666666666667,102.91666666666667,7.150000000000001,2.0833333333333335,23.2,32.9
2020-02-06,0.0,1008.1416666666668,1892.5857142857144,27.833333333333332,21.10833333333333,68.79166666666667,118.04166666666667,5.579166666666666,1.6708333333333332,23.1,33.4
2020-02-07,0.0,1007.3166666666666,1433.6714285714286,27.912500000000005,21.837500000000002,71.20833333333333,124.45833333333333,6.045833333333334,1.8958333333333333,24.2,32.7
2020-02-08,1.1583333333333334,1004.3583333333332,1877.6928571428568,28.150000000000002,21.383333333333336,69.125,166.54166666666666,5.0375000000000005,1.4541666666666668,24.6,34.3
2020-02-09,0.09999999999999999,1006.2916666666666,1044.63125,24.60833333333333,20.47083333333333,79.41666666666667,178.0,6.6125,1.9875,23.0,26.3
2020-02-10,0.0,1011.8083333333334,1492.7857142857142,22.195833333333336,16.145833333333332,69.29166666666667,136.79166666666666,4.729166666666667,1.4875,18.9,25.1
2020-02-11,0.0,1012.8458333333334,1892.685714285714,22.32083333333333,16.4375,70.45833333333333,120.45833333333333,6.220833333333334,2.0333333333333337,18.5,25.8
2020-02-12,0.0,1011.1,1846.6357142857144,23.57916666666667,17.045833333333334,67.91666666666667,119.08333333333333,7.0249999999999995,2.1333333333333333,19.5,27.9
2020-02-13,0.0,1009.375,2001.107142857143,24.933333333333334,16.7,62.666666666666664,100.66666666666667,5.2,1.6166666666666665,20.1,31.9
2020-02-14,0.0,1006.7333333333332,1258.9615384615386,25.350000000000005,17.400000000000002,62.833333333333336,209.25,4.066666666666666,1.3416666666666668,20.7,30.0
2020-02-15,0.008333333333333333,1004.7333333333332,1576.5071428571428,28.054166666666664,20.004166666666666,63.458333333333336,157.58333333333334,3.904166666666667,1.2166666666666666,24.1,33.5
2020-02-16,0.0,1003.9583333333334,2083.7846153846153,29.55,19.933333333333334,57.75,203.875,4.229166666666667,1.325,24.5,35.2
2020-02-17,0.025000000000000005,1003.3416666666667,1812.3615384615384,28.958333333333332,21.46666666666667,65.95833333333333,158.95833333333334,4.875,1.4208333333333334,24.6,36.5
2020-02-18,0.39999999999999997,1001.2916666666666,705.5857142857143,26.966666666666665,22.004166666666663,74.91666666666667,213.91666666666666,4.870833333333334,1.5583333333333333,25.1,31.2
2020-02-19,0.0,1003.8874999999999,1961.4076923076925,25.84166666666667,20.266666666666666,72.875,212.41666666666666,4.625,1.4583333333333333,23.0,29.6
2020-02-20,0.0,1005.3041666666667,1837.223076923077,24.329166666666666,18.90416666666667,73.08333333333333,171.45833333333334,5.145833333333333,1.5708333333333335,20.5,28.6
2020-02-21,0.0,1010.3625000000001,1721.9538461538464,21.608333333333334,11.345833333333333,53.0,177.33333333333334,6.6875,1.8083333333333333,18.9,23.8
2020-02-22,0.0,1013.8791666666666,1744.7384615384617,19.15416666666667,10.441666666666666,57.791666666666664,197.29166666666666,7.016666666666667,1.875,15.3,23.1
2020-02-23,0.0,1013.1875,1744.723076923077,21.225,14.416666666666666,67.33333333333333,105.41666666666667,4.7125,1.4749999999999999,16.2,26.0
2020-02-24,0.05833333333333333,1006.2583333333332,1913.0846153846155,24.220833333333335,16.041666666666668,63.458333333333336,133.25,4.3500000000000005,1.2958333333333332,18.3,32.8
2020-02-25,0.2333333333333333,1001.8666666666667,1776.3153846153846,25.945833333333336,20.220833333333335,72.45833333333333,227.79166666666666,4.545833333333333,1.375,22.8,32.2
2020-02-26,1.4666666666666666,1004.2125,1448.9923076923078,21.954166666666666,17.325,77.41666666666667,158.1904761904762,7.910000000000001,1.8285714285714287,19.9,24.2
2020-02-27,0.0,1009.2708333333334,1847.0461538461536,20.566666666666666,14.054166666666667,68.33333333333333,160.375,3.2166666666666663,1.0416666666666667,15.9,25.5
2020-02-28,0.0,1011.2166666666667,2083.3153846153846,22.195833333333336,14.125,63.166666666666664,184.33333333333334,3.995833333333333,1.3291666666666668,16.2,29.2
2020-02-29,0.0,1012.9416666666667,2074.8153846153846,22.808333333333337,15.516666666666666,66.25,143.95833333333334,4.291666666666667,1.5333333333333332,16.7,29.4
2020-03-01,0.0,1014.9583333333334,1985.7615384615385,23.754166666666666,16.420833333333334,66.75,110.70833333333333,4.8125,1.6041666666666667,18.6,29.0
2020-03-02,0.0,1015.1666666666666,1997.1999999999998,23.912499999999998,17.366666666666667,68.58333333333333,103.95833333333333,7.645833333333333,2.1916666666666664,20.6,28.4
2020-03-03,0.0,1012.4416666666666,1795.0615384615385,23.46666666666667,16.729166666666668,68.20833333333333,116.25,5.820833333333333,1.7208333333333332,19.2,27.9
2020-03-04,0.0,1010.4458333333332,1763.4923076923076,23.258333333333336,16.6125,68.0,131.20833333333334,6.2375,2.1625,20.0,27.3
2020-03-05,0.0,1012.6750000000001,1819.1615384615384,22.245833333333337,15.329166666666666,66.54166666666667,120.83333333333333,5.008333333333333,1.7375,18.0,27.0
2020-03-06,0.0,1011.6999999999999,1524.5153846153846,23.0625,17.28333333333333,71.33333333333333,119.75,5.362500000000001,1.7750000000000001,19.0,27.2
2020-03-07,0.0,1007.475,1754.8153846153846,23.570833333333336,17.150000000000002,69.0,108.66666666666667,5.283333333333334,1.6583333333333332,19.0,30.0
2020-03-08,0.0,1006.1458333333334,1897.576923076923,25.591666666666665,17.84583333333333,65.58333333333333,123.66666666666667,4.295833333333333,1.2416666666666665,19.7,33.1
2020-03-09,0.0,1008.1875,1853.7923076923075,27.3875,17.670833333333334,59.083333333333336,192.20833333333334,3.8000000000000003,1.2708333333333333,20.8,35.1
2020-03-10,0.0,1010.1208333333334,1610.0923076923077,26.32916666666667,19.233333333333334,65.70833333333333,123.83333333333333,5.366666666666667,1.6416666666666666,22.2,30.1
2020-03-11,0.0,1009.1916666666666,1797.630769230769,25.47083333333333,19.291666666666668,70.70833333333333,110.29166666666667,6.150000000000001,1.8625,21.0,31.3
2020-03-12,0.0,1006.8916666666665,1832.0,27.495833333333337,19.025000000000002,64.79166666666667,188.41666666666666,3.9250000000000003,1.3458333333333332,21.1,35.8
2020-03-13,0.0,1008.3291666666668,1676.3076923076924,28.15833333333333,21.575,68.5,129.95833333333334,4.4125000000000005,1.4708333333333332,24.1,33.1
2020-03-14,0.0,1008.0583333333334,1795.776923076923,28.058333333333334,19.90833333333333,67.25,184.83333333333334,4.2749999999999995,1.4083333333333332,21.6,36.8
2020-03-15,0.0,1007.4375,707.2384615384615,26.162500000000005,21.729166666666668,77.29166666666667,153.75,5.041666666666667,1.375,24.3,29.0
2020-03-16,0.30833333333333335,1009.3666666666664,232.36666666666667,21.641666666666666,19.575,88.20833333333333,132.125,5.333333333333333,1.5166666666666666,20.2,24.5
2020-03-17,0.0,1009.0708333333333,1061.7692307692307,22.2,19.025000000000002,83.04166666666667,120.33333333333333,5.8500000000000005,1.8541666666666667,18.7,26.2
2020-03-18,0.4583333333333333,1004.7874999999999,783.1076923076923,23.53333333333333,20.691666666666666,84.58333333333333,106.45833333333333,4.833333333333333,1.3625,21.3,27.7
2020-03-19,0.0,1002.0625,1689.1230769230767,25.47083333333333,19.9875,74.45833333333333,251.75,5.429166666666667,1.7791666666666668,22.8,29.4
2020-03-20,0.0,1004.5166666666668,1289.2846153846153,22.325,15.8125,67.29166666666667,241.875,4.6000000000000005,1.3875000000000002,18.8,25.7
2020-03-21,0.18333333333333332,1007.9125,1250.3846153846155,21.64166666666667,17.820833333333336,80.54166666666667,152.25,3.1791666666666667,1.0125,17.9,25.7
2020-03-22,0.0,1011.2624999999999,1737.0153846153846,23.020833333333332,17.545833333333334,72.95833333333333,140.66666666666666,4.404166666666667,1.3416666666666668,18.3,28.4
2020-03-23,0.0,1012.8833333333333,1736.6384615384616,24.037500000000005,18.34166666666667,72.45833333333333,115.41666666666667,5.5874999999999995,1.9458333333333335,19.9,29.5
2020-03-24,0.0,1012.3833333333333,1737.707692307692,24.0,17.229166666666668,67.91666666666667,114.125,4.670833333333333,1.5,19.7,29.8
2020-03-25,0.0,1009.5916666666666,1750.7538461538463,23.60833333333333,16.620833333333334,67.79166666666667,157.70833333333334,4.095833333333333,1.4958333333333333,18.2,30.3
2020-03-26,0.0,1009.2125,1608.569230769231,23.5125,17.575,71.91666666666667,146.5,3.6875,1.2,18.2,29.9
2020-03-27,0.0,1008.6958333333333,1580.7307692307693,24.1125,18.670833333333334,73.625,116.25,5.337500000000001,1.625,20.3,29.8
2020-03-28,0.0,1008.4041666666667,1344.4153846153847,25.104166666666668,17.575,65.125,113.54166666666667,4.120833333333334,1.3083333333333333,21.7,31.2
2020-03-29,0.025000000000000005,1009.3958333333334,1107.6692307692306,25.545833333333334,19.833333333333332,72.0,204.5,3.2999999999999994,1.0666666666666667,22.4,29.8
2020-03-30,0.0,1009.4166666666666,1624.6769230769232,25.816666666666666,19.25833333333333,69.20833333333333,134.16666666666666,3.8083333333333336,1.2249999999999999,20.7,31.8
2020-03-31,0.0,1008.8181818181819,1554.8999999999999,25.454545454545453,20.777272727272727,76.45454545454545,130.5909090909091,5.677272727272728,1.7454545454545454,22.0,29.8
2020-04-01,0.0,1008.9416666666666,1267.146153846154,24.52916666666667,20.041666666666668,76.625,113.0,7.883333333333333,2.358333333333333,21.9,27.6
2020-04-02,0.3833333333333333,1003.1999999999999,745.2153846153846,23.645833333333332,18.891666666666666,76.79166666666667,227.625,7.141666666666667,1.941666666666667,21.3,27.1
2020-04-03,0.0,1005.1875,693.4923076923077,19.4875,11.9625,62.125,241.0,9.137500000000001,2.6999999999999997,16.1,22.8
2020-04-04,0.0,1007.7624999999999,1527.7538461538463,20.025000000000002,13.458333333333334,68.29166666666667,236.66666666666666,4.5375000000000005,1.3833333333333335,15.7,24.9
2020-04-05,0.0,1007.9666666666667,1599.8384615384616,21.379166666666666,14.316666666666668,67.0,141.5,3.783333333333333,1.2,15.2,28.6
2020-04-06,0.3999999999999999,1007.2875,700.7916666666666,20.5,17.445833333333333,82.95833333333333,226.875,4.620833333333334,1.3416666666666668,18.4,22.6
2020-04-07,0.10833333333333334,1013.3416666666667,1650.292307692308,18.266666666666666,9.316666666666668,57.75,201.75,7.241666666666667,2.0749999999999997,15.3,21.5
2020-04-08,0.0,1014.9625,1556.3153846153846,16.59583333333333,8.441666666666666,59.0,221.0,5.429166666666667,1.6624999999999999,12.6,20.7
2020-04-09,0.0,1013.1875,1004.4692307692306,18.491666666666667,12.170833333333334,67.16666666666667,193.79166666666666,5.425,1.5166666666666666,16.3,22.0
2020-04-10,0.13333333333333333,1012.5500000000001,1167.8083333333334,18.083333333333332,13.870833333333332,77.70833333333333,211.08333333333334,4.045833333333333,1.1875,14.7,22.6
2020-04-11,0.08333333333333333,1012.6416666666668,1131.6000000000001,17.89166666666667,14.454166666666667,82.0,179.125,2.6500000000000004,0.8666666666666666,14.8,22.8
2020-04-12,0.008333333333333333,1012.9083333333333,1377.6692307692308,18.6125,13.966666666666667,76.79166666666667,136.04166666666666,3.7708333333333335,1.2333333333333334,13.4,24.2
2020-04-13,0.0,1008.4541666666668,1477.6416666666667,21.5125,14.8125,68.625,110.04166666666667,4.258333333333333,1.2458333333333333,16.2,29.6
2020-04-14,0.10833333333333334,1002.3166666666666,1257.6583333333333,19.408333333333335,14.304166666666667,73.33333333333333,250.45833333333334,8.895833333333334,2.6750000000000003,17.8,21.7
2020-04-15,0.0,1006.0375,1512.4083333333335,17.70416666666667,8.433333333333334,55.75,289.125,9.95,3.15,14.3,21.9
2020-04-16,0.0,1013.5374999999999,1061.325,17.900000000000002,10.095833333333333,60.875,274.3333333333333,5.683333333333333,1.7541666666666667,13.6,21.5
2020-04-17,0.049999999999999996,1018.5958333333333,539.6083333333332,17.9875,14.883333333333333,82.45833333333333,234.16666666666666,2.616666666666667,0.8583333333333334,16.3,21.4
2020-04-18,0.008333333333333333,1018.6458333333334,1282.4083333333333,18.9375,15.404166666666669,82.04166666666667,107.70833333333333,3.4125,1.0791666666666668,14.6,24.0
2020-04-19,0.0,1016.1166666666667,1490.4583333333333,21.0,15.225000000000001,72.25,120.45833333333333,4.354166666666667,1.3541666666666667,16.7,27.0
2020-04-20,0.0,1013.1458333333334,1472.675,21.245833333333334,14.950000000000001,70.95833333333333,140.875,3.2750000000000004,1.1500000000000001,15.3,28.2
2020-04-21,0.0,1011.1208333333334,1441.0333333333335,21.795833333333334,14.895833333333334,69.0,170.875,2.8125,1.0416666666666667,16.5,29.1
2020-04-22,0.0,1011.3833333333333,1357.6999999999998,21.395833333333332,16.491666666666667,75.0,115.08333333333333,3.2625000000000006,1.075,17.2,27.3
2020-04-23,0.0,1011.1,1321.0416666666667,21.387500000000003,16.625,76.45833333333333,136.41666666666666,4.091666666666667,1.3375000000000001,16.2,27.7
2020-04-24,0.0,1010.0666666666666,1304.9083333333335,22.325,15.866666666666669,70.25,113.04166666666667,3.883333333333333,1.304166666666667,17.2,29.7
2020-04-25,0.0,1010.25,1387.7,23.229166666666668,14.9125,63.583333333333336,181.16666666666666,3.4,1.1458333333333333,17.3,30.8
2020-04-26,0.0,1014.9708333333333,540.0416666666666,22.191666666666663,17.133333333333333,73.375,116.54166666666667,4.3875,1.375,20.4,24.5
2020-04-27,0.0,1018.0041666666666,817.7833333333333,22.016666666666666,17.96666666666667,78.08333333333333,113.83333333333333,8.616666666666667,2.6166666666666667,20.6,24.3
2020-04-28,0.0,1012.2083333333334,1186.0,24.01666666666667,17.620833333333334,69.66666666666667,93.95833333333333,5.158333333333334,1.4583333333333333,20.4,31.4
2020-04-29,0.0,1009.5833333333334,450.5833333333333,22.724999999999998,17.458333333333332,72.45833333333333,216.875,3.095833333333333,0.9166666666666666,20.0,24.8
2020-04-30,0.0,1011.6875,1456.8545454545454,18.991666666666664,10.183333333333332,59.875,255.375,4.470833333333333,1.425,14.0,24.6
2020-05-01,0.0,1013.5166666666668,1437.0545454545454,18.129166666666666,12.008333333333333,69.625,188.625,3.704166666666667,1.2166666666666666,13.8,23.4
2020-05-02,0.0,1014.0708333333332,1176.1545454545455,17.033333333333335,12.612500000000002,76.70833333333333,197.375,3.766666666666667,1.1708333333333332,14.1,20.6
2020-05-03,0.0,1014.5749999999999,1173.918181818182,17.041666666666668,11.979166666666666,74.41666666666667,99.95833333333333,3.483333333333333,1.1375,12.2,22.1
2020-05-04,0.0,1008.9083333333334,1066.5181818181818,18.133333333333333,11.85,69.45833333333333,161.0,3.304166666666667,1.1375,12.3,24.3
2020-05-05,0.25,1005.2125,311.19090909090903,17.633333333333336,15.454166666666666,87.58333333333333,235.5,4.158333333333334,1.1875,15.8,19.9
2020-05-06,0.0,1011.2416666666668,836.5090909090908,15.558333333333332,9.987499999999999,70.20833333333333,267.0833333333333,6.670833333333334,1.9749999999999999,12.1,18.1
2020-05-07,0.0,1017.8625000000001,1341.0181818181818,13.883333333333333,8.254166666666668,70.375,270.8333333333333,3.4916666666666667,1.2583333333333335,9.6,18.9
2020-05-08,0.0,1018.2416666666668,1341.6272727272726,14.35,9.325,74.41666666666667,197.58333333333334,2.4166666666666665,0.8666666666666667,9.7,20.8
2020-05-09,0.0,1014.5083333333333,1339.4727272727273,16.379166666666666,9.658333333333333,68.83333333333333,158.54166666666666,2.5291666666666663,0.9333333333333332,9.7,24.0
2020-05-10,0.0,1010.3708333333334,1100.6363636363637,18.658333333333335,11.200000000000001,65.41666666666667,202.5,3.404166666666667,1.2708333333333333,11.3,26.5
2020-05-11,0.041666666666666664,1007.7791666666666,1081.190909090909,22.07916666666667,13.016666666666666,58.583333333333336,195.625,3.8416666666666672,1.3583333333333332,15.8,29.8
2020-05-12,1.575,1009.4916666666667,115.16363636363636,17.904166666666665,17.133333333333336,95.33333333333333,133.66666666666666,2.920833333333333,0.8708333333333332,17.1,18.9
2020-05-13,0.1416666666666667,1007.2375000000001,270.1818181818182,18.066666666666666,17.175,94.45833333333333,144.66666666666666,4.120833333333334,1.2,16.7,18.8
2020-05-14,0.0,1014.225,1329.3454545454545,15.408333333333331,10.208333333333334,73.25,203.79166666666666,4.820833333333334,1.4916666666666665,12.5,19.1
2020-05-15,0.0,1015.3125,1320.390909090909,13.341666666666667,8.799999999999999,76.29166666666667,214.83333333333334,2.720833333333333,0.9625,9.6,18.2
2020-05-16,0.0,1012.125,1269.090909090909,14.591666666666669,8.079166666666666,68.16666666666667,275.5833333333333,3.7875,1.3625,9.7,21.2
2020-05-17,0.0,1011.6166666666667,1277.3272727272727,17.40416666666667,9.854166666666666,63.708333333333336,265.75,2.9791666666666665,1.075,12.0,24.4
2020-05-18,0.0,1014.9166666666666,1228.2545454545455,18.0125,12.791666666666666,73.79166666666667,135.875,2.766666666666667,0.9958333333333332,12.5,25.7
2020-05-19,0.0,1014.6125000000001,1241.8272727272729,20.066666666666666,13.65,71.04166666666667,105.66666666666667,3.079166666666667,0.9708333333333332,13.3,27.7
2020-05-20,0.0,1012.3708333333334,1205.1818181818182,21.412500000000005,14.075000000000001,65.70833333333333,136.125,3.579166666666667,1.1541666666666668,15.5,28.9
2020-05-21,0.9833333333333334,1008.5124999999999,309.78000000000003,20.616666666666667,15.895833333333334,75.375,144.33333333333334,3.420833333333333,0.9791666666666666,18.2,24.1
2020-05-22,1.4833333333333334,1003.5208333333334,322.83000000000004,18.616666666666667,17.575,93.75,153.75,3.9416666666666664,0.9791666666666666,17.7,20.9
2020-05-23,0.6416666666666667,1003.6083333333332,796.025,16.650000000000002,13.8125,84.29166666666667,293.0833333333333,6.529166666666666,2.033333333333333,14.5,18.1
2020-05-24,0.32499999999999996,1009.475,539.8,15.025,12.575000000000001,86.08333333333333,275.5,6.883333333333333,2.141666666666667,13.9,16.3
2020-05-25,0.008333333333333333,1005.2416666666668,1215.1363636363637,15.6625,8.945833333333335,65.58333333333333,294.8333333333333,9.920833333333333,3.3875000000000006,13.1,19.7
2020-05-26,0.0,1008.8458333333333,1030.5636363636363,14.950000000000001,8.320833333333333,64.91666666666667,269.75,8.320833333333333,2.5208333333333335,13.6,16.9
2020-05-27,0.0,1013.0208333333334,1210.4363636363635,13.108333333333334,8.9375,77.29166666666667,252.0,3.7208333333333337,1.1833333333333333,9.7,18.6
2020-05-28,0.0,1013.3083333333334,1211.027272727273,14.466666666666667,9.379166666666668,75.375,154.875,1.7541666666666667,0.7208333333333333,8.2,24.2
2020-05-29,0.0,1011.9125,1190.5454545454545,16.233333333333334,11.354166666666666,75.5,186.70833333333334,2.283333333333333,0.8250000000000001,10.9,24.1
2020-05-30,0.0,1010.1999999999999,1156.509090909091,16.133333333333336,11.783333333333333,77.54166666666667,166.91666666666666,1.9833333333333332,0.7458333333333332,11.7,23.0
2020-05-31,0.05833333333333333,1009.1291666666666,734.93,15.129166666666668,11.841666666666667,81.375,230.66666666666666,4.241666666666666,1.4875,12.7,18.9
2020-06-01,0.016666666666666666,1013.3583333333332,1099.5,11.608333333333334,7.4125000000000005,76.70833333333333,283.7916666666667,4.879166666666666,1.5875000000000001,8.5,14.5
2020-06-02,0.0,1014.4291666666668,959.2545454545453,11.658333333333331,8.158333333333333,79.625,262.2083333333333,3.508333333333333,1.1291666666666667,8.4,15.5
2020-06-03,0.05000000000000001,1016.1791666666667,816.9181818181819,14.045833333333334,12.054166666666665,88.33333333333333,220.0,3.2708333333333335,1.0333333333333334,11.6,17.7
2020-06-04,0.0,1017.1749999999998,1018.5,16.1,13.191666666666668,84.08333333333333,120.45833333333333,4.616666666666667,1.5374999999999999,13.6,21.0
2020-06-05,0.7166666666666667,1013.0333333333333,201.6818181818182,17.145833333333332,15.758333333333335,91.58333333333333,102.20833333333333,6.0125,1.6833333333333333,16.4,18.5
2020-06-06,0.85,1007.7583333333333,217.77142857142857,15.716666666666667,12.329166666666666,80.75,264.7916666666667,6.425,1.9916666666666665,14.1,17.2
2020-06-07,0.008333333333333333,1010.4041666666667,477.25454545454545,15.458333333333334,12.645833333333334,83.625,295.4166666666667,4.420833333333333,1.3291666666666666,13.7,17.3
2020-06-08,0.0,1011.5083333333332,1101.209090909091,14.9,12.225,84.91666666666667,225.0,2.25,0.7666666666666666,11.5,19.4
2020-06-09,0.0,1008.6625,294.05454545454546,15.7125,13.4125,86.375,115.25,3.929166666666667,1.2791666666666666,14.8,17.6
2020-06-10,0.3416666666666666,1006.6666666666666,452.72727272727275,15.375,13.487500000000002,88.70833333333333,101.29166666666667,4.320833333333334,1.2583333333333335,12.5,19.2
2020-06-11,0.15833333333333335,1005.8000000000001,452.575,18.233333333333334,17.008333333333336,92.79166666666667,180.29166666666666,2.9958333333333336,0.8666666666666666,16.9,20.6
2020-06-12,0.041666666666666664,1002.3708333333334,833.4454545454545,20.941666666666666,18.541666666666668,86.70833333333333,132.29166666666666,3.5666666666666664,1.0916666666666666,17.7,25.0
2020-06-13,1.7249999999999999,1009.2583333333333,765.2272727272727,18.5125,13.266666666666666,73.54166666666667,213.83333333333334,6.395833333333333,1.6375000000000002,14.1,21.2
2020-06-14,0.0,1022.6916666666666,1140.3818181818183,10.204166666666667,3.5375,64.125,177.79166666666666,3.683333333333333,1.1708333333333334,5.4,14.0
2020-06-15,0.0,1020.625,942.1727272727275,12.15,8.445833333333333,79.25,113.625,3.295833333333333,1.075,8.2,17.6
2020-06-16,0.0,1017.0291666666667,1048.5181818181818,17.220833333333335,13.329166666666666,80.0,87.45833333333333,2.3625000000000003,0.8333333333333334,11.4,24.9
2020-06-17,0.0,1013.1541666666666,1061.6636363636362,19.59583333333333,15.270833333333334,78.375,105.41666666666667,2.525,0.8249999999999998,14.6,26.5
2020-06-18,0.0,1005.275,384.9,22.175,15.416666666666666,66.20833333333333,175.5,5.829166666666667,1.9791666666666667,19.2,26.5
2020-06-19,0.0,1007.8916666666668,651.3181818181819,18.925,15.358333333333334,80.08333333333333,138.45833333333334,4.116666666666667,1.2333333333333334,16.1,22.8
2020-06-20,0.0,1007.4500000000002,838.5818181818181,22.3625,17.945833333333333,77.25,169.41666666666666,2.9,0.875,19.1,27.9
2020-06-21,0.0,1006.3083333333334,1011.8454545454545,24.2625,16.095833333333335,63.333333333333336,245.25,5.254166666666666,1.7625,20.0,30.2
2020-06-22,0.0,1011.6458333333334,641.0181818181819,19.345833333333335,15.8375,81.16666666666667,137.08333333333334,5.004166666666666,1.3666666666666665,16.7,25.7
2020-06-23,0.0,1005.7374999999998,1000.7090909090911,20.875,15.470833333333333,75.25,151.5,3.658333333333333,1.1833333333333333,15.6,28.5
2020-06-24,0.0,1002.2083333333334,1082.1000000000001,22.770833333333332,13.833333333333334,59.791666666666664,162.83333333333334,4.166666666666667,1.425,16.6,29.7
2020-06-25,1.1249999999999998,1001.975,140.89090909090908,19.474999999999998,14.087499999999999,73.66666666666667,182.41666666666666,5.829166666666667,1.5875000000000001,13.0,24.4
2020-06-26,0.008333333333333333,1016.1541666666666,883.8636363636364,10.829166666666666,7.108333333333333,78.54166666666667,251.0,3.7541666666666664,1.2458333333333333,8.3,12.4
2020-06-27,0.0,1016.2208333333333,938.4727272727272,10.575000000000001,6.654166666666666,78.20833333333333,108.45833333333333,3.091666666666667,1.05,7.0,15.0
2020-06-28,0.0,1018.4458333333332,883.8818181818183,11.074999999999998,7.741666666666667,81.25,114.04166666666667,2.6208333333333336,0.8541666666666666,6.7,15.3
2020-06-29,0.09166666666666667,1015.5375,253.25454545454548,11.487500000000002,8.575000000000001,82.58333333333333,113.25,3.7375000000000003,1.1333333333333335,9.3,14.0
2020-06-30,4.666666666666667,999.9291666666668,79.5,14.633333333333333,14.049999999999999,96.08333333333333,141.125,5.95,1.7666666666666666,12.6,15.6
2020-07-01,0.11666666666666665,1001.0666666666666,350.5769230769231,12.75,9.329166666666667,79.875,275.7083333333333,11.279166666666669,3.579166666666666,11.0,14.2
2020-07-02,0.0,1013.0749999999999,940.5454545454545,10.341666666666669,5.900000000000001,74.95833333333333,267.2916666666667,5.270833333333333,1.7250000000000003,8.9,11.9
2020-07-03,0.0,1015.2041666666668,1165.6636363636362,8.420833333333334,4.05,74.75,264.9583333333333,3.5875,1.2083333333333333,5.2,12.3
2020-07-04,0.0,1011.225,1166.4363636363635,10.1625,4.8875,73.5,171.95833333333334,2.7291666666666665,0.9833333333333334,4.4,18.9
2020-07-05,0.9333333333333332,1006.2583333333333,105.93333333333332,13.691666666666668,11.679166666666667,88.375,139.79166666666666,2.65,0.8541666666666666,12.1,15.2
2020-07-06,0.0,1013.9625,324.1875,12.566666666666665,9.920833333333333,84.08333333333333,170.875,4.691666666666666,1.2125000000000001,11.8,13.6
2020-07-07,3.4249999999999994,1011.0916666666666,66.92727272727274,12.299999999999999,11.083333333333334,92.45833333333333,134.83333333333334,8.375,2.6416666666666666,11.5,13.1
2020-07-08,1.7583333333333335,1003.6333333333333,292.8384615384615,13.929166666666667,13.0875,94.79166666666667,207.54166666666666,8.970833333333333,2.7458333333333336,12.3,14.8
2020-07-09,0.025000000000000005,1014.5916666666667,1060.0454545454545,10.887500000000001,6.558333333333333,75.54166666666667,282.6666666666667,8.354166666666666,2.6875,9.1,13.2
2020-07-10,0.008333333333333333,1012.1375000000002,1198.090909090909,11.270833333333334,6.733333333333334,77.08333333333333,121.125,2.3833333333333333,0.8999999999999999,5.4,20.1
2020-07-11,0.2833333333333334,1008.0708333333333,209.41666666666666,13.758333333333333,11.820833333333333,88.29166666666667,141.0,3.475,1.0291666666666666,12.3,15.0
2020-07-12,0.5,1004.775,203.3416666666667,13.15,12.325000000000001,94.79166666666667,170.83333333333334,3.954166666666667,1.125,12.3,14.2
2020-07-13,0.008333333333333333,1011.4499999999999,1203.7545454545455,12.725,8.549999999999999,78.75,225.5,2.7708333333333335,0.9333333333333332,9.4,15.5
2020-07-14,0.0,1018.3625000000001,1251.2272727272727,9.083333333333334,0.8666666666666667,57.833333333333336,247.875,5.662499999999999,1.6875,4.3,11.8
2020-07-15,0.0,1019.8291666666668,1212.6636363636362,7.616666666666667,2.954166666666667,74.66666666666667,175.41666666666666,2.525,0.8958333333333334,3.2,14.5
2020-07-16,0.375,1016.8375000000001,111.08181818181819,9.770833333333334,7.433333333333333,85.75,116.04166666666667,6.004166666666666,1.7166666666666668,7.8,11.2
2020-07-17,0.016666666666666666,1013.3000000000001,430.80588235294124,14.120833333333332,12.625,91.125,183.58333333333334,2.404166666666667,0.8083333333333332,10.8,19.7
2020-07-18,0.0,1010.6875,1105.8,19.720833333333335,16.079166666666666,81.875,162.5,2.433333333333333,0.8083333333333332,14.0,28.5
2020-07-19,0.0,1010.3291666666668,1145.1454545454546,22.583333333333332,16.479166666666668,71.29166666666667,174.70833333333334,3.25,1.1125,17.4,30.1
2020-07-20,0.0,1009.9166666666666,1092.472727272727,21.254166666666666,15.975,73.29166666666667,177.54166666666666,2.25,0.8583333333333334,17.1,27.3
2020-07-21,0.0,1008.3916666666668,1084.509090909091,20.920833333333334,14.895833333333334,70.83333333333333,177.45833333333334,2.891666666666667,1.0791666666666668,16.4,27.8
2020-07-22,0.0,1008.5208333333334,1091.5818181818183,21.28333333333333,14.908333333333333,69.58333333333333,173.83333333333334,2.329166666666667,0.9375,16.6,28.6
2020-07-23,0.0,1008.9958333333334,1075.8,21.84583333333333,14.654166666666667,67.0,124.29166666666667,3.1291666666666664,1.2416666666666667,17.1,29.0
2020-07-24,0.0,1006.9291666666664,952.4454545454545,20.78333333333333,14.054166666666665,67.20833333333333,153.29166666666666,3.7708333333333335,1.1666666666666667,15.3,27.8
2020-07-25,0.425,1014.2791666666667,1017.3,11.554166666666665,7.516666666666667,77.95833333333333,243.66666666666666,7.804166666666667,2.1625,8.8,14.3
2020-07-26,0.0,1017.6708333333332,1302.290909090909,11.65,4.954166666666667,65.95833333333333,186.625,3.316666666666667,1.0833333333333333,6.4,17.7
2020-07-27,0.4083333333333334,1010.3708333333334,570.2545454545455,14.158333333333331,12.283333333333333,89.04166666666667,160.29166666666666,2.358333333333334,0.7625000000000001,10.6,19.6
2020-07-28,2.6333333333333333,1012.8291666666668,264.08181818181816,11.637500000000001,9.920833333333333,89.625,178.54166666666666,4.929166666666666,1.2458333333333333,10.0,16.8
2020-07-29,0.0,1021.6374999999999,1348.1000000000001,8.7875,3.0416666666666665,68.75,223.04166666666666,3.9875000000000003,1.1708333333333334,5.5,12.6
2020-07-30,0.0,1023.6625,1321.1545454545455,8.758333333333333,5.2625,80.25,105.33333333333333,4.616666666666666,1.6375,3.1,15.4
2020-07-31,0.0,1019.9958333333333,1332.2181818181818,14.137500000000001,8.745833333333332,72.0,94.0,3.6749999999999994,1.15,7.3,21.3
2020-08-01,0.10000000000000002,1018.2791666666667,1260.2272727272727,17.045833333333334,12.649999999999999,77.16666666666667,129.58333333333334,3.641666666666667,1.0541666666666667,12.6,22.8
2020-08-02,0.0,1017.875,1191.6818181818182,18.033333333333335,12.058333333333332,70.41666666666667,114.125,2.125,0.7416666666666667,11.5,25.9
2020-08-03,0.0,1019.2666666666668,1269.5818181818183,19.045833333333334,14.5375,77.70833333333333,168.45833333333334,2.3041666666666667,0.85,14.2,26.5
2020-08-04,0.0,1019.0291666666667,1294.4363636363635,19.504166666666666,13.75,72.91666666666667,154.625,2.608333333333333,0.9291666666666667,13.4,27.0
2020-08-05,0.008333333333333333,1017.6624999999999,1351.7181818181818,18.241666666666667,12.220833333333333,71.95833333333333,172.875,3.7000000000000006,1.3791666666666664,12.2,25.7
2020-08-06,0.0,1017.0083333333333,1345.5727272727272,18.991666666666667,12.204166666666667,67.875,190.58333333333334,2.775,1.05,12.9,27.1
2020-08-07,0.0,1017.5374999999999,1155.790909090909,17.6625,13.987500000000002,80.5,117.625,3.329166666666667,1.0708333333333333,14.6,23.7
2020-08-08,0.0,1018.7208333333333,905.0,15.304166666666667,13.004166666666668,86.58333333333333,110.25,3.3833333333333333,1.1708333333333334,13.4,19.8
2020-08-09,0.0,1014.9041666666667,1331.1000000000001,16.962500000000002,12.5875,78.66666666666667,147.66666666666666,2.6999999999999997,0.9041666666666668,12.3,25.4
2020-08-10,0.0,1006.0375,1299.0545454545454,20.766666666666666,13.362500000000002,66.125,197.41666666666666,3.1291666666666664,1.2249999999999999,14.0,29.7
2020-08-11,0.09166666666666667,1010.3041666666667,359.39090909090913,15.045833333333333,8.504166666666666,65.95833333333333,173.20833333333334,4.9624999999999995,1.2958333333333334,9.9,24.6
2020-08-12,1.4916666666666665,1012.1708333333332,137.84545454545457,9.341666666666667,8.491666666666667,94.5,124.04166666666667,5.483333333333333,1.5750000000000002,6.6,12.5
2020-08-13,0.4583333333333333,1006.8833333333333,235.6,13.475,12.924999999999999,96.54166666666667,224.08333333333334,3.5208333333333335,1.075,12.1,14.9
2020-08-14,0.025000000000000005,1006.6375000000002,978.1727272727275,16.208333333333332,14.520833333333334,90.29166666666667,123.16666666666667,3.9500000000000006,1.2750000000000001,13.7,20.4
2020-08-15,0.075,1001.9166666666666,953.0,17.416666666666668,13.995833333333332,81.125,229.875,6.233333333333334,2.0749999999999997,15.0,20.6
2020-08-16,0.0,1010.0500000000001,1495.8272727272727,14.141666666666667,9.4375,74.95833333333333,112.875,2.995833333333333,0.8958333333333334,9.5,18.7
2020-08-17,0.008333333333333333,1010.0666666666666,1530.2272727272727,13.620833333333332,7.979166666666667,71.66666666666667,159.83333333333334,3.341666666666667,1.0999999999999999,7.6,21.3
2020-08-18,0.11666666666666665,1004.3541666666666,1170.1545454545455,17.183333333333334,13.358333333333334,79.875,134.75,3.7458333333333336,1.1083333333333334,12.5,24.4
2020-08-19,0.125,1006.8208333333333,726.2076923076924,15.612499999999999,12.304166666666667,81.25,183.45833333333334,5.7250000000000005,1.4124999999999996,12.6,16.7
2020-08-20,0.0,1021.0166666666668,800.8818181818183,9.995833333333334,3.7583333333333333,65.91666666666667,186.91666666666666,5.833333333333333,1.4875,8.5,11.2
2020-08-21,0.0,1024.4208333333333,1637.8727272727272,8.637500000000001,0.9833333333333334,60.375,239.04166666666666,4.4624999999999995,1.4833333333333332,4.5,13.0
2020-08-22,0.0,1022.9499999999999,1476.1666666666667,9.733333333333333,3.0041666666666664,66.16666666666667,196.45833333333334,2.920833333333333,0.9708333333333332,4.2,17.1
2020-08-23,0.0,1019.4125,1524.6666666666667,13.620833333333332,7.016666666666667,66.25,118.125,4.1625000000000005,1.3041666666666665,7.9,21.7
2020-08-24,0.0,1015.3666666666664,1545.1916666666668,17.566666666666666,10.9375,67.75,99.41666666666667,4.658333333333333,1.3291666666666668,12.6,24.0
2020-08-25,0.0,1010.9333333333334,1307.0666666666666,18.95,10.683333333333332,61.0,87.41666666666667,4.583333333333334,1.3125,14.0,25.7
2020-08-26,0.0,1007.6875,1456.7666666666664,20.733333333333334,13.158333333333333,66.25,119.04166666666667,3.0833333333333335,1.1625,14.2,30.2
2020-08-27,0.0,1008.2166666666667,1276.4333333333334,21.5625,14.079166666666666,65.0,157.58333333333334,3.9875000000000003,1.1791666666666665,17.7,29.0
2020-08-28,0.041666666666666664,1009.6958333333333,199.55384615384614,17.4875,15.333333333333334,87.29166666666667,116.25,4.754166666666666,1.2874999999999999,15.7,19.4
2020-08-29,0.016666666666666666,1004.1416666666668,1050.1083333333333,21.737499999999997,16.6375,75.20833333333333,192.54166666666666,3.8666666666666667,1.0291666666666668,15.7,29.8
2020-08-30,0.7000000000000001,1012.85,101.88181818181819,13.875,12.758333333333335,93.0,161.04166666666666,6.241666666666667,1.4666666666666668,11.1,17.7
2020-08-31,0.008333333333333333,1020.4833333333332,416.6666666666667,11.508333333333335,7.408333333333334,76.375,127.16666666666667,5.4750000000000005,1.6875,10.2,13.0
2020-09-01,0.4166666666666667,1021.6791666666667,617.8454545454545,13.25,11.1625,87.5,124.875,8.7875,2.8541666666666665,10.5,16.2
2020-09-02,0.0,1012.5333333333333,1413.4833333333333,19.087500000000002,15.220833333333331,79.29166666666667,109.20833333333333,7.3,2.25,15.6,25.3
2020-09-03,0.7833333333333333,1008.0500000000001,235.9,14.304166666666667,12.679166666666665,90.16666666666667,229.04166666666666,6.016666666666668,1.8416666666666668,11.6,19.1
2020-09-04,0.03333333333333333,1013.5541666666668,840.5538461538462,14.112499999999999,11.6,85.66666666666667,199.20833333333334,2.8958333333333335,0.9041666666666668,12.0,18.2
2020-09-05,0.6666666666666666,1014.2916666666666,220.5,12.845833333333333,11.770833333333334,93.25,122.33333333333333,7.904166666666668,2.5166666666666666,11.9,14.0
2020-09-06,1.4833333333333332,1012.2624999999999,92.95384615384616,14.954166666666666,14.354166666666666,96.16666666666667,131.41666666666666,7.166666666666667,2.2083333333333335,13.8,15.8
2020-09-07,0.2833333333333334,1014.2958333333335,242.15384615384616,14.441666666666665,13.391666666666666,93.375,130.70833333333334,8.191666666666668,2.6666666666666665,13.3,15.2
2020-09-08,0.15,1012.4625,1157.1384615384616,16.9375,15.237500000000002,90.20833333333333,121.54166666666667,9.866666666666667,3.070833333333333,14.8,20.8
2020-09-09,0.0,1009.5708333333333,1145.8999999999999,20.470833333333335,17.3125,82.75,122.75,6.229166666666667,1.9166666666666667,17.4,26.1
2020-09-10,1.125,1010.4166666666666,1450.7571428571428,19.466666666666665,16.441666666666666,83.625,184.79166666666666,4.770833333333333,1.3791666666666667,16.2,21.4
2020-09-11,0.0,1006.5541666666668,1107.923076923077,18.191666666666666,15.666666666666666,86.04166666666667,131.75,4.3625,1.2625,14.1,24.3
2020-09-12,0.4916666666666667,1009.5541666666668,174.1916666666667,17.2375,15.995833333333332,92.45833333333333,130.20833333333334,5.354166666666667,1.3291666666666666,15.8,20.2
2020-09-13,0.09999999999999999,1008.1208333333334,361.3416666666667,18.7,17.425,92.41666666666667,138.95833333333334,5.787499999999999,1.3208333333333335,16.8,20.8
2020-09-14,0.45,1014.975,628.4428571428571,16.345833333333335,12.512500000000001,79.625,169.20833333333334,7.0583333333333345,1.7916666666666667,12.0,19.0
2020-09-15,0.0,1017.7791666666667,1058.8583333333333,12.529166666666667,7.904166666666668,74.29166666666667,117.95833333333333,4.795833333333333,1.6083333333333334,7.7,17.7
2020-09-16,1.8583333333333334,1010.0833333333334,136.15833333333333,16.191666666666666,15.341666666666667,94.75,174.75,5.320833333333334,1.4833333333333334,14.7,17.7
2020-09-17,0.025000000000000005,1007.9166666666666,1152.423076923077,17.929166666666664,15.545833333333334,87.375,200.45833333333334,2.8874999999999997,0.9333333333333335,14.7,22.7
2020-09-18,0.008333333333333333,1005.7833333333333,1645.8307692307694,19.333333333333332,15.754166666666668,81.625,198.0,3.2541666666666664,1.1791666666666667,14.4,25.8
2020-09-19,0.0,1009.2791666666667,780.4083333333333,16.641666666666666,13.195833333333335,80.83333333333333,142.45833333333334,4.512499999999999,1.2208333333333332,13.2,19.8
2020-09-20,0.0,1016.9208333333332,1797.2846153846153,12.6625,5.145833333333333,62.25,159.95833333333334,4.020833333333333,1.2,10.4,16.5
2020-09-21,0.0,1017.6749999999998,1854.0,12.0,5.095833333333334,66.04166666666667,191.95833333333334,3.529166666666667,1.1500000000000001,6.0,19.2
2020-09-22,0.0,1019.3458333333333,1861.1538461538462,12.816666666666665,6.491666666666667,67.66666666666667,119.45833333333333,5.641666666666667,1.8875,7.9,18.5
2020-09-23,0.0,1016.5416666666666,1734.8846153846155,17.008333333333333,10.066666666666668,67.125,124.58333333333333,3.3375,1.1083333333333334,9.3,26.2
2020-09-24,0.0,1013.6749999999998,1669.776923076923,20.604166666666668,14.108333333333334,69.16666666666667,180.125,3.1875,1.1291666666666667,14.2,28.3
2020-09-25,0.0,1011.2833333333333,1664.4615384615386,20.974999999999998,15.016666666666666,70.08333333333333,125.33333333333333,5.241666666666667,1.8875000000000002,15.7,27.2
2020-09-26,0.008333333333333333,1004.5375,1142.0,20.245833333333334,16.645833333333332,80.75,127.08333333333333,6.758333333333333,2.0083333333333333,17.2,25.9
2020-09-27,0.6083333333333334,999.9125,309.04615384615386,20.741666666666667,17.933333333333334,84.25,169.83333333333334,8.641666666666666,2.1958333333333333,19.7,22.6
2020-09-28,0.05833333333333333,1005.0875,1253.99375,18.84166666666667,14.0,75.16666666666667,277.9166666666667,7.391666666666667,2.308333333333333,16.6,20.7
2020-09-29,0.008333333333333333,1009.8250000000002,1562.1692307692306,17.2375,11.879166666666668,72.625,123.375,4.270833333333333,1.4583333333333333,11.9,22.2
2020-09-30,1.0333333333333334,1004.7291666666666,640.5,19.879166666666666,17.729166666666668,87.875,125.0,4.55,1.2874999999999999,17.5,25.5
2020-10-01,0.13333333333333333,999.6833333333334,432.40000000000003,22.791666666666668,19.6125,82.79166666666667,156.75,4.275,1.1541666666666668,20.7,25.6
2020-10-02,0.30833333333333335,1002.9666666666667,158.17499999999998,19.433333333333334,17.916666666666668,91.16666666666667,169.125,6.645833333333333,1.6333333333333335,15.4,24.0
2020-10-03,1.3,1016.5833333333334,90.90769230769232,13.1,12.020833333333334,93.125,140.875,9.420833333333333,2.8041666666666667,11.9,14.4
2020-10-04,0.075,1015.0541666666667,425.84285714285716,15.025,13.083333333333334,88.29166666666667,110.75,9.429166666666667,2.8333333333333335,12.9,17.1
2020-10-05,0.024999999999999998,1006.4291666666668,861.9230769230769,19.258333333333333,15.770833333333334,80.83333333333333,183.41666666666666,5.979166666666667,1.875,16.5,22.8
2020-10-06,0.0,1009.1916666666667,1904.323076923077,17.037499999999998,12.362499999999999,75.375,214.54166666666666,4.791666666666667,1.5666666666666667,13.6,20.6
2020-10-07,0.0,1008.1708333333332,487.2384615384616,16.329166666666666,14.012500000000001,86.20833333333333,137.20833333333334,4.083333333333333,1.2375,14.0,18.5
2020-10-08,0.008333333333333333,1009.6916666666666,1746.2923076923075,18.370833333333334,14.566666666666668,79.83333333333333,114.45833333333333,4.3625,1.3291666666666666,15.2,22.6
2020-10-09,0.0,1008.4916666666667,1697.069230769231,17.379166666666666,11.916666666666666,72.33333333333333,115.58333333333333,4.283333333333333,1.3916666666666666,12.0,24.0
2020-10-10,0.008333333333333333,1009.6791666666667,2018.076923076923,16.8625,9.845833333333333,65.79166666666667,167.83333333333334,5.300000000000001,1.5041666666666667,13.8,19.9
2020-10-11,0.0,1011.1708333333332,2023.5076923076922,17.3125,10.841666666666669,68.41666666666667,103.75,4.0,1.3166666666666667,11.0,25.4
2020-10-12,0.0,1007.9541666666668,1798.5785714285716,20.337500000000002,13.820833333333335,69.875,197.54166666666666,4.695833333333333,1.5958333333333332,14.9,26.9
2020-10-13,0.0,1009.275,1474.5285714285715,17.849999999999998,12.116666666666665,70.70833333333333,166.75,4.1000000000000005,1.2874999999999999,12.9,23.0
2020-10-14,0.0,1009.1208333333334,1506.95,17.775000000000002,12.729166666666666,74.0,141.16666666666666,3.8333333333333335,1.2416666666666665,13.1,23.6
2020-10-15,0.0,1014.4500000000002,1317.6928571428573,18.104166666666668,13.908333333333331,77.70833333333333,121.33333333333333,5.0625,1.633333333333333,13.5,22.7
2020-10-16,0.0,1016.6043478260871,1835.723076923077,20.208695652173912,14.608695652173912,72.30434782608695,111.34782608695652,7.082608695652173,2.360869565217391,17.4,25.1
2020-10-17,0.0,1013.6375000000002,1793.5,20.025000000000002,12.875,66.16666666666667,100.25,5.375,1.7083333333333333,14.7,26.2
2020-10-18,0.0,1008.1125000000001,1920.7142857142858,22.620833333333334,14.449999999999998,63.0,82.16666666666667,3.9083333333333337,1.2416666666666667,17.0,29.7
2020-10-19,0.0,1005.9375,1939.314285714286,24.3125,15.504166666666668,62.916666666666664,177.45833333333334,3.766666666666667,1.3333333333333333,17.8,32.3
2020-10-20,0.0,1008.8041666666667,1886.2214285714288,22.525000000000002,17.820833333333333,75.5,134.08333333333334,4.991666666666667,1.4083333333333332,17.8,25.9
2020-10-21,0.07500000000000001,1014.9208333333332,691.5142857142857,20.933333333333334,18.870833333333334,88.125,136.5,6.266666666666666,1.9958333333333336,19.3,22.1
2020-10-22,0.0,1014.6708333333332,1661.8714285714286,21.2375,17.608333333333334,80.41666666666667,113.08333333333333,10.233333333333334,3.0583333333333336,19.1,24.1
2020-10-23,0.049999999999999996,1010.2333333333332,550.9357142857142,21.270833333333332,18.087500000000002,82.33333333333333,123.45833333333333,5.079166666666667,1.425,19.2,24.2
2020-10-24,0.0,1006.2458333333334,1803.892857142857,23.070833333333336,19.016666666666666,79.83333333333333,165.08333333333334,4.1499999999999995,1.1833333333333333,19.4,29.5
2020-10-25,0.0,1003.9041666666667,1773.9857142857143,23.7625,18.783333333333335,75.79166666666667,107.5,5.416666666666667,1.6708333333333332,19.8,29.8
2020-10-26,0.3416666666666666,1000.9125,777.2285714285715,22.97083333333333,18.995833333333334,79.04166666666667,179.79166666666666,4.604166666666667,1.4749999999999999,21.3,26.0
2020-10-27,1.4083333333333334,998.4375,722.0357142857143,17.754166666666666,16.079166666666666,90.16666666666667,278.875,8.6875,2.6999999999999997,15.2,20.3
2020-10-28,0.3,999.1458333333334,1075.2294117647057,19.804166666666667,15.566666666666668,77.54166666666667,254.08333333333334,6.1625000000000005,1.95,14.1,25.7
2020-10-29,0.008333333333333333,1007.5125000000002,696.907142857143,18.0625,13.595833333333333,76.16666666666667,145.625,5.129166666666666,1.4083333333333332,16.3,19.7
2020-10-30,0.0,1016.8666666666667,1541.2428571428572,16.775000000000002,10.570833333333335,68.04166666666667,136.75,4.9375,1.5541666666666665,11.2,20.0
2020-10-31,0.0,1016.9541666666668,1224.1642857142856,17.9875,11.991666666666667,69.20833333333333,126.91666666666667,6.141666666666666,2.0041666666666664,14.7,21.8
2020-11-01,0.0,1015.2541666666666,1553.1142857142856,18.09583333333333,12.799999999999999,73.125,123.04166666666667,5.487500000000001,1.875,14.3,21.5
2020-11-02,0.0,1012.2083333333334,1952.6499999999999,17.983333333333334,11.179166666666667,66.45833333333333,124.45833333333333,4.608333333333333,1.4624999999999997,12.9,22.9
2020-11-03,0.0,1011.7416666666668,1587.242857142857,18.27916666666667,13.233333333333334,73.875,126.33333333333333,5.945833333333333,1.8875,14.5,21.7
2020-11-04,0.0,1015.3791666666666,1997.1714285714286,17.541666666666668,9.808333333333332,63.333333333333336,138.66666666666666,6.004166666666667,2.0083333333333333,13.3,21.4
2020-11-05,0.13333333333333333,1012.9375,1464.3857142857141,16.616666666666664,11.845833333333333,74.54166666666667,143.54166666666666,4.666666666666667,1.425,11.8,21.2
2020-11-06,0.0,1012.5083333333332,1681.107142857143,19.058333333333334,13.570833333333333,71.875,105.375,6.033333333333334,1.8583333333333334,13.6,23.6
2020-11-07,0.0,1011.5749999999999,2034.2785714285715,21.887500000000003,16.52916666666667,73.375,114.5,7.454166666666666,2.1875,17.7,27.4
2020-11-08,0.0,1011.5875,1454.2214285714285,21.883333333333336,17.195833333333336,75.29166666666667,124.20833333333333,8.575000000000001,2.670833333333333,19.6,24.6
2020-11-09,0.049999999999999996,1010.3125,490.15000000000003,20.55,17.879166666666666,84.875,118.29166666666667,8.129166666666668,2.5083333333333333,19.7,21.8
2020-11-10,0.0,1007.2000000000002,1710.8999999999999,23.429166666666664,18.96666666666667,77.5,177.83333333333334,4.545833333333333,1.5208333333333333,19.6,28.3
2020-11-11,0.0,1007.2583333333333,1404.55,22.5,17.979166666666668,76.66666666666667,156.29166666666666,4.308333333333333,1.1833333333333333,19.5,27.4
2020-11-12,0.0,1006.8000000000001,1090.8642857142856,22.55,18.275000000000002,77.58333333333333,116.70833333333333,4.0249999999999995,1.1958333333333333,19.7,26.8
2020-11-13,0.0,1006.0416666666666,1287.5142857142855,23.854166666666668,19.179166666666667,76.16666666666667,138.125,4.854166666666667,1.5541666666666665,20.7,27.3
2020-11-14,0.0,1003.4666666666666,1949.7714285714285,24.787500000000005,19.283333333333335,74.125,124.25,5.704166666666666,1.7791666666666668,19.8,32.6
2020-11-15,0.0,1002.1458333333334,1188.1571428571428,24.962499999999995,20.579166666666666,77.45833333333333,197.125,4.733333333333333,1.3916666666666666,21.7,28.6
2020-11-16,0.9916666666666667,1004.2791666666666,884.0142857142856,22.104166666666668,20.479166666666668,90.83333333333333,173.54166666666666,4.920833333333333,1.3875,19.8,25.2
2020-11-17,0.0,1006.8416666666666,2052.9285714285716,19.616666666666664,13.933333333333332,72.16666666666667,170.95833333333334,4.5249999999999995,1.3374999999999997,15.5,23.7
2020-11-18,0.0,1007.9166666666666,1394.0,19.233333333333334,12.933333333333332,68.45833333333333,101.33333333333333,4.029166666666666,1.2874999999999999,14.8,22.7
2020-11-19,0.0,1009.1625,1796.292857142857,20.037499999999998,12.4,63.5,122.0,5.170833333333333,1.7083333333333333,15.7,23.9
2020-11-20,0.0,1010.9041666666666,1320.1928571428568,19.433333333333334,13.229166666666666,68.66666666666667,150.79166666666666,4.691666666666666,1.5958333333333332,15.9,23.1
2020-11-21,0.0,1011.0875,2069.0071428571428,19.491666666666667,11.65,62.458333333333336,121.91666666666667,5.875,1.8375000000000001,14.7,25.1
2020-11-22,0.0,1012.8791666666666,2115.214285714286,20.091666666666665,12.666666666666666,63.708333333333336,123.25,6.616666666666667,2.108333333333334,15.3,25.5
2020-11-23,0.0,1012.5541666666668,2236.835714285714,22.579166666666666,14.995833333333335,64.58333333333333,112.79166666666667,6.970833333333334,2.1333333333333333,17.0,29.3
2020-11-24,0.0,1009.525,2154.35,25.7375,17.375,63.0,114.875,4.95,1.5208333333333333,20.1,34.1
2020-11-25,0.0,1005.0625,1840.3428571428574,27.870833333333334,17.741666666666667,58.125,189.70833333333334,5.187500000000001,1.6041666666666667,20.3,36.4
2020-11-26,0.5583333333333332,1006.9041666666666,1029.607142857143,24.03333333333333,19.712500000000002,77.91666666666667,267.0,6.904166666666666,1.9958333333333336,21.6,27.0
2020-11-27,0.03333333333333333,1011.8458333333334,892.5933333333334,22.325,19.379166666666666,84.125,108.0,6.041666666666667,1.8166666666666667,20.8,24.5
2020-11-28,0.016666666666666666,1009.5791666666668,1416.957142857143,25.375,19.925,73.25,130.5,5.816666666666667,1.7916666666666667,21.5,30.0
2020-11-29,0.39999999999999997,1005.4083333333334,1480.24,25.387500000000003,20.0625,73.66666666666667,227.75,6.125,1.9416666666666664,20.3,29.4
2020-11-30,0.0,1008.2125,819.6214285714286,23.733333333333334,19.320833333333333,76.54166666666667,210.41666666666666,4.8999999999999995,1.4791666666666667,22.2,25.8
2020-12-01,0.0,1009.75,1786.0333333333333,22.375,16.7625,71.41666666666667,117.45833333333333,6.974999999999999,2.0916666666666663,18.2,26.2
2020-12-02,0.0,1003.8083333333334,1818.0571428571427,24.383333333333336,18.954166666666666,73.125,114.625,6.204166666666666,1.9583333333333333,20.5,29.4
2020-12-03,1.2083333333333333,998.1291666666666,1378.56875,23.420833333333334,19.6125,80.20833333333333,211.375,7.5625,1.9624999999999997,20.9,27.8
2020-12-04,0.0,1008.2416666666667,2098.407142857143,22.945833333333336,15.683333333333332,67.08333333333333,153.5,4.495833333333333,1.2666666666666666,19.4,27.6
2020-12-05,0.0,1015.4565217391304,678.5133333333334,19.97826086956522,13.291304347826088,65.78260869565217,132.7826086956522,7.030434782608695,2.1782608695652175,18.8,21.0
2020-12-06,0.05000000000000001,1014.3375,563.1133333333333,18.533333333333335,14.362499999999999,77.04166666666667,125.58333333333333,5.787499999999999,2.0291666666666663,17.9,19.6
2020-12-07,0.10833333333333334,1009.7916666666666,1064.3933333333332,20.433333333333334,17.016666666666666,81.58333333333333,131.375,5.304166666666667,1.4666666666666668,17.8,24.0
2020-12-08,0.0,1008.2166666666666,1893.3533333333332,21.670833333333334,17.0625,76.58333333333333,210.70833333333334,3.829166666666667,1.3041666666666667,17.1,26.5
2020-12-09,0.0,1008.7791666666667,1425.6399999999999,23.208333333333332,18.462500000000002,75.91666666666667,129.20833333333334,4.495833333333334,1.2666666666666666,20.0,27.2
2020-12-10,0.0,1007.2875,2113.7533333333336,23.925,17.375,70.25,128.125,4.479166666666667,1.4041666666666666,18.5,30.5
2020-12-11,0.0,1002.3083333333334,2082.6266666666666,28.03333333333333,18.712500000000002,60.833333333333336,190.91666666666666,5.108333333333333,1.675,21.1,36.5
2020-12-12,0.049999999999999996,1004.1999999999999,1377.4266666666667,26.674999999999997,18.6875,62.375,154.91666666666666,5.116666666666667,1.375,22.3,29.8
2020-12-13,1.7083333333333333,1003.0166666666665,1284.1333333333334,25.108333333333334,19.95,75.25,178.375,4.55,1.2791666666666668,21.7,32.3
2020-12-14,0.9333333333333332,1005.1333333333332,775.98125,21.895833333333332,18.429166666666667,81.54166666666667,186.16666666666666,4.05,1.2000000000000002,19.1,23.8
2020-12-15,0.0,1003.9541666666668,2046.2,24.058333333333334,17.3,69.0,169.0,4.2124999999999995,1.2750000000000001,18.2,31.0
2020-12-16,0.025000000000000005,1005.7541666666666,1414.4799999999998,24.691666666666663,20.654166666666665,79.58333333333333,134.45833333333334,5.233333333333333,1.5916666666666668,21.1,30.1
2020-12-17,0.016666666666666666,1007.1083333333332,1599.0133333333333,24.975000000000005,20.154166666666665,76.33333333333333,125.83333333333333,5.962500000000001,1.9208333333333332,22.0,29.2
2020-12-18,0.0,1004.4500000000002,1947.2733333333333,25.195833333333336,18.966666666666665,69.91666666666667,119.5,5.683333333333334,1.8416666666666668,20.2,31.7
2020-12-19,0.13333333333333333,998.2625000000002,846.9733333333335,25.05,20.287499999999998,75.58333333333333,168.625,6.404166666666666,1.7958333333333334,22.3,30.6
2020-12-20,0.0,1001.4666666666666,1859.2,24.8625,18.129166666666666,67.79166666666667,276.375,6.391666666666666,2.120833333333333,23.4,26.2
2020-12-21,0.0,1007.8791666666666,2141.34,22.52916666666667,12.916666666666666,55.75,226.20833333333334,5.599999999999999,1.6583333333333332,18.9,26.2
2020-12-22,0.0,1009.9291666666667,1659.8466666666666,21.312500000000004,13.9,64.70833333333333,117.875,4.154166666666668,1.3541666666666667,16.2,25.4
2020-12-23,0.0,1008.3250000000002,1929.7533333333336,22.6875,15.766666666666666,66.375,122.79166666666667,5.720833333333334,1.7875000000000003,17.3,28.2
2020-12-24,0.0,1007.0124999999999,2019.8600000000001,25.583333333333332,19.36666666666667,70.20833333333333,116.29166666666667,7.125,2.275,21.3,31.0
2020-12-25,0.0,1007.1583333333333,1915.8533333333332,25.395833333333332,18.729166666666668,68.0,109.375,6.966666666666666,2.2249999999999996,21.6,29.3
2020-12-26,0.0,1007.4,1628.2799999999997,24.587500000000002,18.633333333333333,70.58333333333333,115.45833333333333,6.841666666666666,2.1541666666666663,20.8,28.0
2020-12-27,0.024999999999999998,1008.0250000000001,1161.2866666666666,24.645833333333332,19.583333333333332,74.75,111.41666666666667,6.008333333333333,1.9166666666666667,21.5,29.3
2020-12-28,0.0,1008.1583333333334,1861.0733333333333,24.916666666666668,19.408333333333335,72.875,113.29166666666667,7.766666666666666,2.4375,21.1,28.7
2020-12-29,0.0,1003.8875000000002,1882.2799999999997,25.933333333333337,19.662499999999998,70.25,156.79166666666666,5.145833333333334,1.5625,21.2,30.8
2020-12-30,0.09166666666666667,999.6749999999998,1653.1266666666668,26.875,21.166666666666668,72.66666666666667,180.66666666666666,4.854166666666667,1.5791666666666666,21.9,33.5
2020-12-31,0.6083333333333333,1003.0041666666666,1712.5,24.808333333333334,19.066666666666666,72.33333333333333,173.16666666666666,5.95,1.5125,22.0,28.0
2021-01-01,0.0,1009.2833333333334,1798.0500000000002,22.600000000000005,13.816666666666668,58.666666666666664,116.33333333333333,5.699999999999999,1.6000000000000003,21.1,26.8
2021-01-02,0.0,1009.15,,20.85,8.45,45.0,101.5,3.45,0.95,21.1,21.0
2021-01-03,,,,,,,,,,,
2021-01-04,0.0,1003.0500000000001,810.525,26.425,18.625,62.5,110.5,8.975,2.675,25.6,28.6
2021-01-05,0.025000000000000005,1003.525,831.3666666666667,25.183333333333337,19.6125,71.95833333333333,157.83333333333334,4.270833333333333,1.4375,22.4,28.5
2021-01-06,0.6083333333333333,1002.9416666666666,1372.3666666666666,24.433333333333334,21.316666666666666,83.75,177.41666666666666,3.8958333333333335,1.1916666666666667,21.2,29.0
2021-01-07,0.0,1002.5625,1909.8,27.27916666666667,20.537499999999998,70.20833333333333,203.79166666666666,4.8500000000000005,1.5999999999999999,22.5,33.0
2021-01-08,0.0,1004.4791666666666,2140.9666666666667,28.07083333333333,16.295833333333334,54.833333333333336,213.20833333333334,4.45,1.5041666666666667,22.8,34.1
2021-01-09,0.0,1004.6999999999999,1955.4133333333332,27.741666666666664,14.875,47.416666666666664,137.33333333333334,4.079166666666667,1.3125,19.9,34.4
2021-01-10,0.0,1004.4541666666665,1752.2933333333335,28.64166666666667,21.104347826086954,66.04347826086956,121.875,5.2250000000000005,1.5708333333333335,25.2,33.0
2021-01-11,0.0,1002.7583333333333,1959.4466666666667,29.820833333333336,21.39166666666667,62.5,151.41666666666666,5.3625,1.6583333333333332,25.2,36.0
2021-01-12,0.5416666666666666,1005.9916666666668,838.2399999999999,25.208333333333332,21.675,81.54166666666667,175.58333333333334,6.591666666666666,1.7,22.9,29.2
2021-01-13,0.0,1012.4500000000002,1251.6066666666666,23.02916666666667,17.408333333333335,71.29166666666667,130.91666666666666,6.920833333333333,2.25,20.9,25.9
2021-01-14,0.0,1013.0833333333334,1617.6733333333332,22.766666666666666,15.9625,66.66666666666667,115.95833333333333,7.395833333333333,2.3625000000000003,19.0,26.4
2021-01-15,0.0,1007.3208333333332,1936.32,25.070833333333336,19.645833333333332,73.0,108.91666666666667,7.220833333333332,2.275,20.3,30.7
2021-01-16,1.0166666666666666,999.9708333333333,916.1,25.166666666666668,20.183333333333334,75.83333333333333,92.70833333333333,6.083333333333333,1.5458333333333334,21.0,32.3
2021-01-17,0.17500000000000002,998.6791666666667,1020.0266666666666,24.0125,21.354166666666668,86.08333333333333,192.5,3.904166666666667,1.2625,20.9,28.5
2021-01-18,0.0,1006.2541666666666,1850.5,23.525000000000002,17.6375,71.625,161.25,5.337500000000001,1.4041666666666668,21.4,26.6
2021-01-19,0.0,1011.2416666666667,1970.5866666666664,22.70416666666667,15.966666666666667,67.45833333333333,110.5,5.2375,1.825,17.2,27.2
2021-01-20,0.0,1011.375,995.0333333333333,22.900000000000002,18.154166666666665,75.04166666666667,123.08333333333333,6.970833333333334,2.266666666666667,20.1,25.6
2021-01-21,0.0,1012.7166666666666,1420.8466666666666,23.745833333333334,19.408333333333335,77.125,117.04166666666667,7.941666666666667,2.5708333333333333,21.2,26.8
2021-01-22,0.0,1013.7958333333332,1482.9066666666665,25.179166666666664,20.158333333333335,74.875,109.375,7.520833333333333,2.220833333333333,22.1,29.1
2021-01-23,0.0,1010.9916666666667,1575.0600000000002,25.583333333333332,20.354166666666668,74.29166666666667,111.58333333333333,5.720833333333332,1.820833333333333,21.5,30.5
2021-01-24,0.5833333333333334,1006.4583333333334,1576.1933333333334,25.208333333333332,20.7625,78.375,184.08333333333334,4.55,1.4083333333333332,21.5,31.5
2021-01-25,0.0,1003.7041666666668,1723.7,25.420833333333334,20.0125,73.95833333333333,151.25,3.3416666666666672,1.1500000000000001,20.6,31.1
2021-01-26,0.775,1001.375,1506.1499999999999,25.433333333333337,21.316666666666666,79.66666666666667,197.625,4.820833333333334,1.425,22.7,31.8
2021-01-27,1.075,999.0124999999999,664.02,24.920833333333334,22.225000000000005,85.83333333333333,206.54166666666666,4.245833333333333,1.2833333333333334,22.3,28.5
2021-01-28,0.041666666666666664,1001.8958333333334,619.55625,23.520833333333332,21.245833333333334,87.33333333333333,162.0,3.6833333333333336,1.1458333333333333,22.1,25.7
2021-01-29,0.2583333333333333,1000.0791666666668,1287.8266666666668,25.40833333333333,21.883333333333336,82.125,222.125,4.8374999999999995,1.5250000000000001,21.2,30.2
2021-01-30,0.0,1001.9458333333333,1705.5142857142857,27.045833333333334,21.0,70.79166666666667,250.16666666666666,4.204166666666667,1.2874999999999999,23.9,31.6
2021-01-31,0.27499999999999997,1003.0708333333332,1174.9533333333334,25.20416666666667,21.229166666666668,79.54166666666667,195.29166666666666,4.4750000000000005,1.1500000000000001,21.6,27.6
2021-02-01,0.0,1003.7374999999998,1816.9857142857143,26.620833333333334,21.4375,74.66666666666667,221.20833333333334,3.3791666666666664,1.1708333333333334,22.5,31.1
2021-02-02,0.19166666666666668,1004.5291666666666,1691.6285714285716,27.483333333333334,22.5,75.58333333333333,151.375,4.379166666666666,1.1875,24.2,32.4
2021-02-03,0.19999999999999998,1005.5458333333332,539.0928571428572,25.07083333333333,22.741666666666664,87.41666666666667,178.45833333333334,3.2416666666666667,0.9166666666666666,23.5,29.1
2021-02-04,0.5833333333333334,1001.7083333333334,1225.7214285714285,23.5,20.391666666666666,83.45833333333333,239.20833333333334,7.554166666666667,2.3000000000000003,21.2,24.9
2021-02-05,0.0,1003.8916666666668,1438.0,21.34166666666667,15.6625,71.0,240.79166666666666,7.204166666666667,2.091666666666667,18.2,25.1
2021-02-06,0.0,1006.3666666666664,1972.6928571428573,22.1375,15.079166666666667,65.54166666666667,213.45833333333334,4.8,1.3291666666666666,18.2,27.7
2021-02-07,0.0,1008.4541666666668,1801.8642857142856,23.09583333333333,17.541666666666668,71.95833333333333,190.875,3.8874999999999997,1.3125,19.2,27.9
2021-02-08,0.0,1009.0458333333332,2098.0071428571428,23.433333333333334,16.7625,67.58333333333333,116.91666666666667,5.529166666666666,1.75,18.5,28.4
2021-02-09,0.0,1008.7208333333334,1545.2714285714285,24.004166666666666,18.1875,72.125,110.79166666666667,5.1625000000000005,1.5666666666666667,19.5,29.8
2021-02-10,0.0,1009.1,2069.4928571428572,25.183333333333337,19.104166666666668,70.91666666666667,108.375,5.991666666666667,1.7916666666666667,21.5,30.4
2021-02-11,0.0,1008.1833333333334,1905.7076923076925,25.09166666666667,18.829166666666666,70.70833333333333,101.04166666666667,5.375,1.6916666666666664,21.2,29.8
2021-02-12,0.06666666666666667,1007.2083333333334,1016.5,24.72083333333333,20.583333333333332,78.58333333333333,93.70833333333333,4.05,1.2708333333333333,22.5,28.3
2021-02-13,0.09166666666666667,1005.0583333333334,2033.642857142857,25.129166666666663,20.191666666666666,76.5,210.70833333333334,3.4708333333333337,1.1375,21.1,30.4
2021-02-14,0.0,1002.0708333333332,1123.5857142857144,24.604166666666668,20.275000000000002,77.45833333333333,237.33333333333334,3.995833333333333,1.3666666666666665,22.8,29.0
2021-02-15,0.008333333333333333,1001.1999999999999,1596.5,23.833333333333332,19.179166666666664,76.5,260.2916666666667,4.041666666666667,1.0833333333333333,20.3,28.4
2021-02-16,0.049999999999999996,1000.4166666666666,1550.1785714285713,24.370833333333334,19.179166666666667,74.58333333333333,247.25,5.133333333333334,1.675,21.6,28.9
2021-02-17,0.0,1000.7541666666666,1932.4928571428572,24.149999999999995,17.0625,66.45833333333333,277.3333333333333,5.5625,1.7916666666666667,20.2,27.7
2021-02-18,0.0,1001.7083333333334,1625.4928571428572,23.933333333333334,17.245833333333334,66.79166666666667,278.2083333333333,6.2625,1.925,20.8,27.6
2021-02-19,0.0,1004.6791666666668,1787.1076923076923,24.42083333333333,18.308333333333334,70.58333333333333,232.95833333333334,3.8791666666666664,1.2791666666666666,20.3,28.9
2021-02-20,0.0,1008.4916666666667,1346.6642857142856,23.854166666666668,18.804166666666667,75.04166666666667,150.16666666666666,3.6666666666666665,1.0958333333333332,20.3,28.1
2021-02-21,0.0,1009.4458333333332,1962.7384615384617,25.349999999999998,19.6875,73.58333333333333,114.875,4.9125000000000005,1.625,21.1,30.6
2021-02-22,0.0,1006.3416666666666,1942.0538461538463,26.991666666666664,19.2,65.0,154.75,4.0249999999999995,1.25,21.9,33.3
2021-02-23,0.06666666666666667,1005.025,926.9846153846155,26.349999999999998,20.337500000000002,70.20833333333333,213.79166666666666,4.05,1.0541666666666665,23.2,28.6
2021-02-24,0.0,1008.6583333333333,2027.923076923077,25.020833333333332,16.116666666666667,59.666666666666664,132.75,4.9,1.3625,21.2,29.3
2021-02-25,0.0,1008.6583333333333,2037.8000000000002,24.229166666666668,17.358333333333334,67.91666666666667,119.41666666666667,5.55,1.8541666666666667,19.8,29.1
2021-02-26,0.0,1009.4791666666666,1963.715384615385,24.316666666666666,17.3125,66.29166666666667,114.79166666666667,7.166666666666667,2.1374999999999997,19.9,28.4
2021-02-27,0.0,1012.7458333333334,1873.0153846153844,24.904166666666665,18.224999999999998,67.33333333333333,117.41666666666667,8.316666666666665,2.516666666666667,21.4,28.8
2021-02-28,0.0,1012.225,1341.9076923076923,24.558333333333337,19.7375,74.91666666666667,118.25,9.0375,2.766666666666667,21.5,27.2
2021-03-01,0.0,1007.6208333333334,1262.6230769230767,24.879166666666666,20.400000000000002,77.33333333333333,109.29166666666667,6.400000000000001,1.9375,22.0,29.3
2021-03-02,0.0,1005.8874999999999,1773.4076923076925,26.254166666666666,20.433333333333334,72.29166666666667,153.79166666666666,4.9875,1.625,22.0,31.1
2021-03-03,0.0,1007.0958333333333,1322.5153846153846,26.65416666666667,21.854166666666668,76.5,135.70833333333334,4.266666666666667,1.2916666666666667,23.3,31.5
2021-03-04,0.4749999999999999,1004.5333333333333,386.40769230769234,24.791666666666668,22.583333333333332,87.70833333333333,128.04166666666666,4.091666666666667,1.2,22.3,26.8
2021-03-05,0.5833333333333334,1000.1458333333334,609.6230769230768,22.25,20.75,91.45833333333333,267.2083333333333,3.5208333333333335,1.0833333333333333,20.9,24.2
2021-03-06,0.0,1003.7666666666668,1534.7923076923075,22.766666666666666,17.804166666666667,74.58333333333333,212.04166666666666,4.304166666666667,1.3999999999999997,19.9,25.4
2021-03-07,0.0,1006.8666666666667,1659.430769230769,22.495833333333334,16.45416666666667,70.875,150.20833333333334,3.3458333333333337,1.0916666666666668,17.2,27.7
2021-03-08,0.0,1006.0,1902.353846153846,24.45,18.73333333333333,72.375,173.83333333333334,3.8624999999999994,1.1375,20.2,30.3
2021-03-09,0.46666666666666673,1006.6583333333333,1374.423076923077,23.445833333333336,19.233333333333334,78.33333333333333,150.79166666666666,4.754166666666666,1.3500000000000003,20.4,26.6
2021-03-10,0.0,1006.3624999999998,1573.5,22.84583333333333,17.433333333333334,73.41666666666667,154.79166666666666,4.191666666666666,1.2541666666666667,19.2,26.1
2021-03-11,0.0,1005.8125,1657.3076923076924,22.412499999999998,17.008333333333333,73.375,197.125,3.1958333333333333,1.075,18.3,27.6
2021-03-12,0.0,1008.0541666666667,1479.3384615384614,23.45416666666667,17.895833333333332,72.875,148.875,3.15,1.0125,18.9,27.9
2021-03-13,0.0,1008.5791666666665,1908.4846153846154,24.17083333333333,17.462500000000002,68.5,162.375,3.695833333333333,1.1541666666666668,18.7,30.1
2021-03-14,0.0,1009.0782608695652,1698.1499999999999,24.247826086956525,20.330434782608698,80.47826086956522,150.43478260869566,4.313043478260869,1.308695652173913,20.3,29.6
2021-03-15,0.0,1009.4541666666668,1255.1,24.09166666666667,18.85833333333333,73.5,116.95833333333333,5.066666666666666,1.7,21.1,27.6
2021-03-16,0.0,1004.9791666666666,1780.8307692307694,26.78333333333333,20.462500000000002,70.04166666666667,144.16666666666666,5.2625,1.6125,22.5,33.0
2021-03-17,0.5916666666666667,1001.9,1137.7615384615385,25.604166666666668,21.579166666666666,79.45833333333333,190.33333333333334,6.270833333333333,1.9166666666666667,21.9,28.7
2021-03-18,0.0,1007.8083333333334,967.8076923076923,22.941666666666666,17.779166666666665,73.04166666666667,196.75,4.895833333333333,1.3499999999999999,20.4,25.0
2021-03-19,0.0,1010.6875,1308.8615384615384,22.575,17.345833333333335,73.29166666666667,107.70833333333333,5.520833333333333,1.7625,19.4,26.2
2021-03-20,0.0,1008.9499999999998,1783.3461538461538,25.633333333333336,18.712500000000002,67.875,99.16666666666667,4.904166666666666,1.4541666666666666,21.1,33.0
2021-03-21,0.125,1008.2708333333334,601.6846153846154,25.045833333333334,21.6375,81.875,203.66666666666666,4.441666666666666,1.2625,23.5,26.3
2021-03-22,0.08333333333333333,1011.9458333333333,633.2846153846154,23.02916666666667,20.087500000000002,84.125,142.125,4.791666666666667,1.3375000000000001,21.1,24.6
2021-03-23,0.15,1010.0625,422.0076923076923,22.066666666666666,20.09583333333333,88.70833333333333,151.20833333333334,4.320833333333333,1.2708333333333333,21.0,23.0
2021-03-24,0.016666666666666666,1011.5,1082.123076923077,22.48333333333333,19.32916666666667,83.08333333333333,115.625,4.920833333333333,1.5583333333333333,19.7,26.4
2021-03-25,0.0,1009.2916666666666,1712.7076923076927,25.004166666666666,20.054166666666667,76.29166666666667,104.45833333333333,4.1125,1.3666666666666665,20.1,31.8
2021-03-26,0.5750000000000001,1006.2750000000001,861.5083333333333,24.087499999999995,20.8,82.75,180.54166666666666,4.752173913043478,1.3333333333333333,21.7,28.8
2021-03-27,0.008333333333333333,1006.5791666666668,556.2846153846153,22.974999999999998,20.729166666666668,87.54166666666667,274.8333333333333,3.725,1.1791666666666667,21.7,24.5
2021-03-28,0.05833333333333334,1005.9166666666666,1187.7846153846153,23.754166666666666,20.766666666666666,84.16666666666667,277.875,4.2375,1.4458333333333335,21.8,26.4
2021-03-29,0.0,1006.6666666666666,1286.1692307692306,22.350000000000005,17.258333333333333,74.54166666666667,257.7083333333333,5.3,1.6666666666666667,19.9,24.2
2021-03-30,0.15833333333333335,1006.7958333333332,946.9230769230769,20.22083333333333,16.224999999999998,77.875,238.0,5.141666666666667,1.3458333333333332,17.8,23.6
2021-03-31,0.008333333333333333,1008.5875,1465.9769230769232,20.6875,15.7875,75.04166666666667,218.08333333333334,4.1375,1.2083333333333333,17.4,24.6
2021-04-01,0.008333333333333333,1009.5,1193.7076923076925,20.608333333333334,16.420833333333334,78.29166666666667,145.95833333333334,4.458333333333333,1.2958333333333334,17.8,24.7
2021-04-02,0.0,1012.7666666666668,1097.4615384615386,19.745833333333334,15.979166666666666,79.16666666666667,134.70833333333334,5.141666666666667,1.6083333333333332,17.0,23.0
2021-04-03,0.0,1012.8333333333334,1479.1615384615384,21.945833333333336,17.429166666666664,77.25,104.20833333333333,5.179166666666667,1.6291666666666667,18.2,27.8
2021-04-04,0.0,1012.3958333333334,1586.453846153846,22.979166666666668,17.55,73.875,106.41666666666667,4.966666666666666,1.6666666666666667,18.3,28.7
2021-04-05,0.0,1011.625,1493.7615384615385,23.537499999999998,17.52916666666667,70.875,105.20833333333333,4.179166666666666,1.3458333333333332,19.1,29.5
2021-04-06,0.0,1011.0416666666666,1392.1692307692306,24.116666666666664,17.979166666666668,70.5,131.08333333333334,3.970833333333333,1.2125000000000001,20.3,29.3
2021-04-07,0.0,1012.65,1588.2846153846153,23.508333333333336,17.695833333333336,71.875,94.20833333333333,5.145833333333334,1.6375000000000002,19.1,28.5
2021-04-08,0.0,1012.5583333333334,1436.0,24.854166666666668,17.020833333333332,62.958333333333336,114.83333333333333,4.295833333333333,1.2750000000000001,21.3,30.2
2021-04-09,0.0,1010.225,1489.369230769231,25.916666666666668,18.179166666666667,64.58333333333333,214.75,3.8166666666666664,1.2291666666666667,21.0,32.4
2021-04-10,0.0,1006.8791666666666,1322.0249999999999,27.670833333333334,18.916666666666668,60.0,201.95833333333334,3.391666666666667,1.1666666666666667,24.1,32.3
2021-04-11,0.008333333333333333,1003.8166666666666,1112.5384615384614,26.75,18.120833333333334,60.916666666666664,234.33333333333334,5.495833333333334,1.825,23.5,32.5
2021-04-12,0.0,1011.1416666666665,1149.1153846153845,21.2625,15.0875,68.41666666666667,201.16666666666666,6.004166666666666,1.8291666666666666,18.3,24.9
2021-04-13,0.0,1014.8166666666666,851.8166666666666,21.104166666666668,16.154166666666665,74.66666666666667,100.58333333333333,3.4249999999999994,1.0583333333333333,18.6,24.0
2021-04-14,0.0,1013.1958333333333,1625.3000000000002,21.433333333333334,14.625,67.25,105.75,4.95,1.5916666666666668,17.0,26.9
2021-04-15,0.0,1010.7125,1215.5333333333333,22.44583333333333,15.3375,65.29166666666667,146.45833333333334,3.4958333333333336,1.0458333333333334,18.5,27.3
2021-04-16,0.0,1008.3291666666668,1380.8500000000001,24.299999999999997,17.245833333333334,66.25,199.54166666666666,2.9625000000000004,1.1291666666666667,20.6,28.0
2021-04-17,0.0,1009.7791666666667,904.7846153846154,23.24166666666667,18.658333333333335,75.875,135.91666666666666,4.7749999999999995,1.4708333333333332,21.5,25.1
2021-04-18,0.0,1011.7291666666666,1053.0166666666667,22.0625,18.1375,79.5,122.16666666666667,6.05,1.9333333333333333,19.8,25.1
2021-04-19,0.0,1013.7916666666666,1116.5416666666667,21.008333333333336,15.366666666666667,72.04166666666667,109.58333333333333,4.379166666666666,1.5583333333333333,17.0,24.9
2021-04-20,0.008333333333333333,1014.5916666666667,1354.3666666666668,21.541666666666668,15.729166666666666,71.75,125.29166666666667,6.491666666666667,2.029166666666667,18.7,25.1
2021-04-21,0.0,1014.6999999999999,1192.0454545454545,21.3,17.075,77.58333333333333,105.75,7.620833333333333,2.2125,19.3,24.3
2021-04-22,0.0,1013.5125000000002,1294.8999999999999,21.2125,14.925000000000002,68.54166666666667,103.41666666666667,6.691666666666667,1.9708333333333332,17.4,25.2
2021-04-23,0.0,1011.1999999999999,1374.5,21.270833333333332,15.637500000000001,72.04166666666667,91.25,4.808333333333334,1.4208333333333334,16.9,27.3
2021-04-24,0.0,1007.4958333333334,1257.2,21.754166666666666,15.241666666666667,69.16666666666667,159.33333333333334,2.9375,0.9500000000000002,16.1,27.4
2021-04-25,1.0833333333333333,1007.2791666666667,653.8416666666667,19.575,17.295833333333334,87.125,234.75,4.858333333333333,1.3791666666666667,18.1,23.0
2021-04-26,0.008333333333333333,1010.2708333333334,910.2416666666668,17.441666666666666,12.083333333333334,71.08333333333333,235.75,4.3,1.3416666666666668,14.6,20.5
2021-04-27,0.0,1011.9500000000002,1528.0,17.670833333333334,11.0875,67.125,237.41666666666666,4.029166666666667,1.2625000000000002,14.9,21.4
2021-04-28,0.0,1014.3583333333332,1153.9636363636364,16.275000000000002,11.9125,76.20833333333333,239.70833333333334,3.3541666666666665,1.1083333333333334,12.0,21.2
2021-04-29,0.008333333333333333,1017.6541666666668,1470.9363636363635,17.666666666666668,13.083333333333334,76.91666666666667,136.5,2.9249999999999994,1.0208333333333333,13.9,22.8
2021-04-30,0.0,1017.2333333333332,1408.3909090909092,19.016666666666666,13.570833333333333,73.41666666666667,137.45833333333334,3.3000000000000003,1.1125,14.0,25.9
2021-05-01,0.0,1014.4083333333333,1412.809090909091,19.895833333333332,13.108333333333334,68.29166666666667,114.95833333333333,3.1666666666666665,1.0166666666666666,14.1,26.1
2021-05-02,0.0,1012.0,1368.009090909091,21.049999999999997,14.674999999999999,70.125,150.54166666666666,2.7624999999999997,0.9541666666666666,14.8,28.6
2021-05-03,0.0,1009.4124999999999,1342.5181818181818,23.587499999999995,15.841666666666667,64.25,157.08333333333334,3.0041666666666664,1.0333333333333334,17.2,31.5
2021-05-04,0.225,1008.2041666666668,478.91818181818184,22.90416666666667,17.370833333333334,72.125,164.66666666666666,3.879166666666667,1.125,20.8,26.5
2021-05-05,0.6666666666666666,1013.9541666666668,161.10833333333335,16.283333333333335,14.566666666666668,89.79166666666667,166.41666666666666,4.491666666666667,1.0583333333333333,14.3,18.1
2021-05-06,0.05833333333333334,1014.3833333333333,462.3,14.808333333333332,11.391666666666666,80.66666666666667,218.0,5.233333333333333,1.5,13.8,16.2
2021-05-07,0.0,1018.275,1441.5181818181818,13.762499999999998,9.8375,78.79166666666667,253.25,3.7125,1.2791666666666666,9.8,18.9
2021-05-08,0.0,1021.025,1371.0909090909092,14.925000000000002,10.804166666666665,78.95833333333333,150.375,2.5875,0.975,10.2,21.0
2021-05-09,0.008333333333333333,1018.7416666666668,1326.7363636363636,16.787499999999998,12.1625,76.125,131.04166666666666,3.4,1.1541666666666666,11.7,22.9
2021-05-10,0.0,1013.5625,1150.4454545454546,18.979166666666668,13.954166666666666,74.54166666666667,197.16666666666666,3.3249999999999997,1.1166666666666667,14.0,24.8
2021-05-11,0.6666666666666666,1013.4166666666666,1055.7181818181818,16.083333333333332,12.429166666666665,79.91666666666667,181.45833333333334,5.8875,1.3125,14.4,18.4
2021-05-12,0.0,1015.0625,1352.0636363636365,14.204166666666666,7.579166666666667,65.625,223.25,3.170833333333333,1.0041666666666667,10.9,18.7
2021-05-13,0.008333333333333333,1016.9666666666667,1334.4272727272728,12.9375,8.25,75.70833333333333,206.75,2.5,0.9541666666666666,9.1,18.7
2021-05-14,0.0,1016.3333333333334,1125.9545454545455,12.795833333333334,8.887500000000001,78.66666666666667,127.45833333333333,2.495833333333333,0.8583333333333334,7.8,19.4
2021-05-15,0.008333333333333333,1014.6041666666666,1126.9545454545455,13.570833333333333,11.341666666666667,87.20833333333333,148.70833333333334,2.558333333333333,0.9208333333333334,9.0,19.4
2021-05-16,0.0,1013.725,942.8545454545455,15.595833333333333,13.449999999999998,87.66666666666667,144.29166666666666,2.6333333333333333,0.875,12.4,20.2
2021-05-17,0.0,1012.1833333333333,984.5636363636364,16.395833333333332,13.362500000000002,83.33333333333333,205.875,3.4375,1.1208333333333333,14.7,20.3
2021-05-18,0.0,1013.5749999999999,1292.809090909091,14.675000000000002,9.7875,74.25,212.95833333333334,3.1833333333333336,1.0333333333333334,10.7,18.9
2021-05-19,0.008333333333333333,1011.8499999999999,1247.4454545454546,12.795833333333334,8.950000000000001,79.29166666666667,154.0,2.1458333333333335,0.7624999999999998,8.7,17.9
2021-05-20,0.0,1010.2375000000001,490.95454545454544,13.395833333333334,10.145833333333334,81.375,100.70833333333333,2.5916666666666663,0.8125,10.9,16.7
2021-05-21,1.075,1006.6916666666666,247.09090909090904,15.5375,13.529166666666667,88.125,109.1304347826087,4.882608695652174,1.4000000000000001,14.2,18.2
2021-05-22,0.9750000000000001,1001.1208333333334,860.8454545454545,17.96666666666667,15.375,86.16666666666667,196.29166666666666,6.3791666666666655,1.7166666666666668,15.9,21.2
2021-05-23,0.0,1003.9500000000002,398.05454545454546,14.4625,7.95,65.125,306.5416666666667,10.562499999999998,3.6666666666666665,13.7,15.1
2021-05-24,0.0,1009.5416666666666,1012.6,13.7875,7.666666666666667,66.875,281.2083333333333,9.833333333333334,2.9666666666666663,11.7,15.4
2021-05-25,0.0,1013.4291666666667,1259.8727272727272,13.125,7.145833333333333,68.29166666666667,285.2083333333333,4.679166666666666,1.5583333333333333,9.1,18.5
2021-05-26,0.0,1013.4708333333334,1236.009090909091,13.041666666666666,8.545833333333334,76.16666666666667,261.75,2.4541666666666666,0.9958333333333332,8.7,19.1
2021-05-27,0.008333333333333333,1009.4375,1241.609090909091,14.4,9.641666666666666,76.0,227.75,2.545833333333333,0.8583333333333334,10.0,22.0
2021-05-28,2.4916666666666667,1001.2125,88.51818181818182,14.904166666666669,12.091666666666667,84.0,130.91666666666666,3.8416666666666663,1.1916666666666667,11.8,17.3
2021-05-29,0.6666666666666666,1002.9875000000001,1090.3545454545454,16.837500000000002,13.358333333333334,81.95833333333333,244.79166666666666,5.191666666666666,1.6083333333333334,15.0,20.0
2021-05-30,0.0,1014.6958333333333,1261.0545454545454,11.6875,2.4083333333333337,56.0,231.79166666666666,4.333333333333333,1.2333333333333334,7.8,14.4
2021-05-31,0.0,1015.2875,1214.4727272727273,9.754166666666666,4.6125,72.41666666666667,195.75,2.4541666666666666,0.9375,5.0,16.2
2021-06-01,0.008333333333333333,1010.0583333333334,1089.0636363636365,13.025,7.779166666666666,73.33333333333333,215.25,1.8458333333333332,0.7041666666666666,8.0,20.8
2021-06-02,0.0,1006.6999999999998,814.2454545454547,16.59166666666667,12.058333333333332,75.25,207.70833333333334,3.1833333333333336,1.075,13.0,22.2
2021-06-03,0.0,1012.4333333333334,1141.7181818181818,14.995833333333332,10.9,78.25,184.83333333333334,2.4625,0.8000000000000002,10.1,21.4
2021-06-04,0.0,1010.9583333333334,988.9636363636364,18.129166666666666,13.775,77.95833333333333,167.04166666666666,2.4833333333333334,0.975,10.9,28.2
2021-06-05,0.0,1006.9333333333334,1058.0545454545454,22.608333333333334,16.445833333333336,70.91666666666667,207.16666666666666,4.283333333333333,1.375,17.6,30.4
2021-06-06,0.6,1012.975,278.75454545454545,15.833333333333334,14.245833333333332,90.20833333333333,171.45833333333334,5.6000000000000005,1.4208333333333332,14.9,17.5
2021-06-07,0.008333333333333333,1014.7875,540.6636363636364,15.854166666666666,12.945833333333333,83.25,118.20833333333333,6.566666666666667,2.029166666666667,14.4,18.4
2021-06-08,0.5583333333333335,1014.1791666666668,121.4909090909091,16.229166666666668,14.570833333333335,89.91666666666667,110.33333333333333,5.816666666666666,1.7666666666666666,15.9,16.8
2021-06-09,0.11666666666666665,1012.8541666666666,763.9727272727273,17.8875,16.041666666666668,89.04166666666667,99.70833333333333,7.8125,2.4250000000000003,16.4,19.8
2021-06-10,0.875,1010.5,114.66363636363636,16.070833333333333,15.154166666666667,94.33333333333333,157.91666666666666,2.8416666666666663,0.8583333333333334,15.1,17.3
2021-06-11,0.008333333333333333,1012.8791666666666,745.7615384615384,15.158333333333333,12.370833333333332,84.83333333333333,265.375,4.504166666666667,1.4749999999999999,12.9,17.4
2021-06-12,0.0,1014.4625,1139.1181818181817,12.625,6.766666666666666,69.04166666666667,281.7083333333333,3.6333333333333333,1.2791666666666668,8.2,17.8
2021-06-13,0.0,1016.1083333333332,1129.0454545454545,13.958333333333334,9.441666666666666,75.95833333333333,161.95833333333334,1.9833333333333332,0.6541666666666667,9.1,21.0
2021-06-14,0.0,1014.2374999999998,1131.0,15.112500000000002,10.887500000000001,78.04166666666667,182.95833333333334,2.275,0.8125,10.6,22.0
2021-06-15,0.008333333333333333,1015.3041666666668,144.55454545454543,13.458333333333334,11.816666666666668,90.08333333333333,198.33333333333334,3.1875,0.8708333333333332,11.7,15.2
2021-06-16,0.0,1018.3791666666666,847.2363636363636,11.575000000000001,6.320833333333333,70.79166666666667,186.0,5.383333333333333,1.3291666666666666,9.2,13.6
2021-06-17,0.0,1019.4333333333334,695.3272727272728,10.733333333333334,7.0,78.125,210.91666666666666,3.391666666666667,1.0291666666666668,8.7,13.8
2021-06-18,0.0,1019.7583333333333,636.0909090909091,11.495833333333332,9.579166666666667,88.375,141.66666666666666,2.7541666666666664,0.8875000000000001,9.4,14.0
2021-06-19,0.03333333333333333,1016.3333333333334,295.50909090909084,13.879166666666668,12.050000000000002,88.83333333333333,116.66666666666667,3.5541666666666667,1.0625,12.0,16.4
2021-06-20,0.03333333333333333,1014.8291666666668,593.7272727272727,15.054166666666667,13.558333333333332,91.08333333333333,233.83333333333334,2.7125,0.9541666666666666,13.8,17.2
2021-06-21,0.05833333333333333,1016.2333333333332,228.73636363636362,13.795833333333334,12.466666666666663,91.58333333333333,127.0,3.5500000000000003,1.0208333333333333,13.4,14.2
2021-06-22,0.0,1017.1083333333332,479.87272727272733,14.183333333333332,12.516666666666666,89.91666666666667,133.875,3.7166666666666663,1.2041666666666666,12.7,16.3
2021-06-23,0.0,1015.8250000000002,731.0545454545455,16.033333333333335,13.287500000000001,84.45833333333333,98.75,5.345833333333334,1.5083333333333335,13.9,19.4
2021-06-24,0.2833333333333334,1003.6166666666668,334.3636363636364,17.508333333333336,13.783333333333333,79.08333333333333,156.20833333333334,6.516666666666667,1.820833333333333,16.0,20.7
2021-06-25,0.0,1010.9916666666667,1146.3999999999999,15.487500000000002,10.762500000000001,74.875,254.20833333333334,5.108333333333333,1.6416666666666668,12.7,18.5
2021-06-26,3.375,1007.4791666666666,66.47999999999999,14.116666666666665,12.424999999999999,89.875,125.45833333333333,5.458333333333333,1.6375,11.7,16.4
2021-06-27,1.1916666666666667,1008.3833333333332,97.98125,13.862499999999999,11.908333333333333,88.25,220.83333333333334,6.920833333333333,2.066666666666667,11.6,16.5
2021-06-28,0.0,1017.3791666666666,1081.709090909091,9.179166666666667,3.3333333333333326,67.70833333333333,279.5833333333333,8.275,2.4375,7.5,10.9
2021-06-29,0.0,1017.4250000000001,481.99090909090904,8.1125,2.454166666666667,67.70833333333333,291.4166666666667,10.316666666666668,3.391666666666667,7.2,8.7
2021-06-30,0.05833333333333334,1021.2541666666666,327.22727272727275,8.987499999999999,6.570833333333333,85.04166666666667,284.4166666666667,6.854166666666667,2.0666666666666664,7.7,10.9
2021-07-01,0.0,1021.3499999999999,1071.2,10.795833333333334,8.737499999999999,87.91666666666667,182.79166666666666,2.0416666666666665,0.7833333333333332,6.6,16.3
2021-07-02,0.008333333333333333,1017.4583333333334,1115.909090909091,12.916666666666666,9.258333333333333,80.75,180.79166666666666,2.8375,1.1041666666666667,8.2,19.2
2021-07-03,0.0,1018.5625,1131.3818181818183,12.204166666666667,8.708333333333334,81.375,176.0,1.9458333333333335,0.7041666666666666,8.4,17.5
2021-07-04,0.008333333333333333,1019.3458333333334,861.7,10.545833333333333,8.229166666666666,86.04166666666667,137.16666666666666,2.625,0.9291666666666668,6.0,15.1
2021-07-05,0.008333333333333333,1018.4458333333333,1048.2272727272727,12.204166666666666,9.716666666666667,85.95833333333333,126.95833333333333,2.3375,0.8083333333333335,7.2,18.5
2021-07-06,0.008333333333333333,1017.9875000000001,895.2333333333335,13.987499999999999,11.875,87.91666666666667,150.54166666666666,2.8541666666666665,0.875,10.8,19.0
2021-07-07,0.0,1015.775,1117.7363636363636,16.7,11.404166666666669,73.375,121.08333333333333,3.5041666666666664,1.075,11.0,23.2
2021-07-08,0.0,1014.5625,1107.3818181818183,16.933333333333334,12.545833333333334,77.0,146.04166666666666,2.3375,0.7666666666666666,12.4,22.0
2021-07-09,0.0,1014.8208333333333,1044.2,16.554166666666667,13.333333333333334,83.0,133.16666666666666,3.0375,0.8166666666666668,13.3,21.8
2021-07-10,0.008333333333333333,1011.8041666666667,1136.0363636363636,16.933333333333334,12.270833333333334,77.08333333333333,206.33333333333334,3.641666666666667,1.2874999999999999,11.8,24.1
2021-07-11,0.0,1013.7208333333333,1053.2727272727273,16.55,13.370833333333332,82.20833333333333,129.04166666666666,3.3958333333333335,1.0374999999999999,13.6,21.0
2021-07-12,0.0,1013.0666666666666,1052.5272727272727,18.1,13.9,79.54166666666667,143.04166666666666,2.8958333333333335,0.8958333333333334,14.5,24.5
2021-07-13,0.0,1010.8000000000001,598.5363636363636,17.458333333333332,13.858333333333334,80.83333333333333,179.04166666666666,1.9208333333333332,0.6875,13.9,21.6
2021-07-14,0.0,1010.1041666666666,829.3727272727273,18.391666666666666,13.9,75.45833333333333,116.125,3.9874999999999994,1.1458333333333333,16.3,20.7
2021-07-15,0.42500000000000004,1006.8958333333334,250.4,16.229166666666668,14.800000000000002,91.41666666666667,202.29166666666666,4.991666666666666,1.2833333333333334,15.1,18.3
2021-07-16,0.0,1012.9291666666668,765.5545454545455,13.541666666666666,10.6,83.20833333333333,165.45833333333334,3.2083333333333335,0.9833333333333334,10.2,16.4
2021-07-17,0.008333333333333333,1010.9541666666668,680.6363636363636,12.616666666666667,9.883333333333333,84.5,220.33333333333334,4.325,1.5499999999999998,10.5,16.0
2021-07-18,0.025000000000000005,1013.3666666666668,1212.1454545454546,10.866666666666667,2.9958333333333336,59.791666666666664,277.4583333333333,9.591666666666667,3.045833333333334,7.2,13.7
2021-07-19,0.0,1016.5458333333332,580.6272727272727,10.233333333333334,3.8708333333333336,64.875,280.75,10.670833333333334,3.0625,9.3,11.7
2021-07-20,0.0,1019.4083333333333,1191.290909090909,9.208333333333334,5.058333333333334,76.83333333333333,267.9166666666667,3.4125,1.0541666666666665,5.3,14.1
2021-07-21,0.0,1018.7458333333334,1277.0181818181818,10.008333333333335,5.5125,76.25,216.29166666666666,2.4916666666666667,0.9125,5.4,16.9
2021-07-22,0.0,1020.4333333333334,1234.6272727272728,11.5625,5.904166666666666,70.66666666666667,134.33333333333334,2.3958333333333335,0.875,4.2,21.3
2021-07-23,0.008333333333333333,1015.6374999999999,1211.6363636363637,15.695833333333333,10.179166666666667,74.58333333333333,150.5,1.8958333333333333,0.7125,8.2,26.8
2021-07-24,0.0,1011.9708333333333,1182.1272727272726,17.891666666666666,10.5625,66.75,162.0,2.2666666666666666,0.7541666666666668,11.3,26.9
2021-07-25,0.0,1007.0416666666666,948.5909090909091,19.933333333333334,12.133333333333335,63.458333333333336,196.91666666666666,3.379166666666667,1.3125,13.4,27.5
2021-07-26,1.2666666666666666,1005.2041666666668,157.5090909090909,18.591666666666665,15.758333333333335,84.79166666666667,102.9090909090909,3.8478260869565224,0.9636363636363636,15.8,21.7
2021-07-27,0.08695652173913043,1009.2695652173913,794.8583333333335,12.421739130434785,7.85217391304348,76.43478260869566,243.2173913043478,7.965217391304347,2.391304347826087,9.5,16.6
2021-07-28,0.08333333333333333,1014.5416666666666,887.2,7.079166666666668,1.5208333333333333,68.41666666666667,274.7083333333333,8.516666666666667,2.5458333333333334,4.7,9.9
2021-07-29,0.0,1019.9458333333332,1277.418181818182,6.629166666666666,1.4000000000000001,70.54166666666667,273.125,7.545833333333332,2.4375,3.3,10.6
2021-07-30,0.0,1023.4625,1292.9181818181817,7.520833333333333,2.620833333333333,73.16666666666667,184.0,2.3958333333333335,0.8125,2.8,13.6
2021-07-31,0.0,1022.9833333333332,1360.4545454545455,11.008333333333335,4.695833333333334,69.66666666666667,118.66666666666667,3.170833333333333,0.9916666666666666,4.7,18.8
2021-08-01,0.008333333333333333,1022.9541666666668,1310.7545454545455,11.783333333333333,8.4625,81.75,148.70833333333334,2.375,0.7958333333333334,7.0,18.3
2021-08-02,0.0,1022.5208333333334,1148.8272727272727,11.283333333333331,8.35,82.95833333333333,155.20833333333334,3.7416666666666667,0.9583333333333334,9.7,14.7
2021-08-03,0.0,1023.1625,1284.6636363636362,11.133333333333333,8.283333333333333,83.625,131.45833333333334,2.9625000000000004,0.9791666666666666,7.1,16.0
2021-08-04,0.0,1024.5041666666666,626.4727272727273,12.795833333333334,11.416666666666666,91.625,124.5,4.079166666666667,1.2750000000000001,10.4,14.9
2021-08-05,0.0,1022.6291666666666,1262.5818181818179,17.020833333333332,14.254166666666668,84.70833333333333,110.58333333333333,6.733333333333333,1.8916666666666666,14.2,21.6
2021-08-06,0.0,1019.6166666666667,937.1272727272728,17.625,13.308333333333332,77.41666666666667,101.41666666666667,3.4249999999999994,1.0041666666666667,13.7,22.3
2021-08-07,0.008333333333333333,1014.85,1289.8454545454545,19.02916666666667,13.404166666666667,73.5,112.33333333333333,2.9666666666666663,1.0708333333333335,12.9,27.4
2021-08-08,0.0,1012.5666666666666,1301.1727272727273,20.733333333333334,14.945833333333333,71.625,161.625,2.3958333333333335,0.8416666666666667,15.4,27.4
2021-08-09,0.08333333333333333,1009.5875,620.4545454545455,19.129166666666666,15.004166666666668,78.83333333333333,122.20833333333333,2.9791666666666665,0.9916666666666666,16.0,25.8
2021-08-10,0.31666666666666665,1012.4208333333332,126.02307692307691,14.666666666666666,13.7125,93.91666666666667,166.04166666666666,4.366666666666667,1.0583333333333333,12.8,16.6
2021-08-11,0.0,1019.5458333333332,1193.790909090909,12.029166666666667,7.166666666666667,73.33333333333333,166.25,4.833333333333333,1.2291666666666667,9.5,13.8
2021-08-12,0.0,1022.1083333333332,760.4545454545455,9.0625,5.541666666666667,79.33333333333333,112.66666666666667,3.9625,1.2708333333333333,4.3,13.2
2021-08-13,0.0,1020.4791666666666,1082.7454545454545,13.704166666666666,10.379166666666666,81.41666666666667,108.83333333333333,6.779166666666666,2.029166666666667,10.3,18.2
2021-08-14,0.0,1015.9083333333334,1034.6272727272728,16.8125,12.670833333333334,78.0,128.91666666666666,4.754166666666666,1.3791666666666667,13.3,21.6
2021-08-15,0.0,1012.7916666666666,1096.0090909090907,15.220833333333333,13.216666666666667,88.20833333333333,124.45833333333333,3.1166666666666667,1.0833333333333333,12.6,18.3
2021-08-16,0.0,1010.8583333333332,734.1090909090909,15.183333333333332,13.125,87.95833333333333,152.58333333333334,3.008333333333333,1.0,13.2,18.4
2021-08-17,0.008333333333333333,1008.5416666666666,1155.3833333333334,19.016666666666666,15.633333333333335,82.54166666666667,139.70833333333334,2.3625000000000003,0.7625000000000001,15.1,26.1
2021-08-18,0.85,1008.9416666666666,294.06363636363636,18.254166666666666,16.583333333333332,90.25,121.54166666666667,6.537499999999999,1.8375000000000001,16.6,20.6
2021-08-19,0.0,1003.5416666666666,1378.3,24.141666666666666,15.699999999999998,64.875,186.41666666666666,4.55,1.5958333333333332,16.6,34.2
2021-08-20,0.03333333333333333,1005.8874999999999,546.9454545454545,20.84166666666667,14.983333333333334,70.33333333333333,121.25,5.966666666666668,1.6041666666666667,17.7,25.5
2021-08-21,0.05833333333333333,1011.3666666666667,232.4333333333333,16.033333333333335,14.245833333333332,89.33333333333333,123.45833333333333,5.716666666666666,1.5708333333333335,15.0,18.3
2021-08-22,0.0,1002.1041666666666,1239.1636363636362,21.799999999999997,14.9375,68.91666666666667,179.16666666666666,2.929166666666667,1.0041666666666667,15.5,31.7
2021-08-23,0.0,1005.6083333333335,1065.2181818181818,18.145833333333332,11.758333333333333,67.79166666666667,115.66666666666667,6.458333333333333,2.0625,15.9,22.0
2021-08-24,0.875,1003.3916666666668,126.06,16.02916666666667,14.666666666666666,91.66666666666667,118.66666666666667,8.0625,2.3541666666666665,14.4,17.3
2021-08-25,2.8416666666666663,1000.1166666666667,71.02499999999999,17.59166666666667,17.070833333333336,96.70833333333333,110.41666666666667,5.447826086956522,1.5,16.3,19.1
2021-08-26,0.5416666666666666,1007.2624999999999,580.5749999999999,14.408333333333333,12.175000000000002,86.91666666666667,203.04166666666666,6.666666666666667,1.7375,12.3,15.8
2021-08-27,0.0,1015.8916666666668,1449.4769230769232,13.949999999999998,10.129166666666666,80.0,141.25,2.8875000000000006,1.0625,8.9,19.8
2021-08-28,0.0,1018.1291666666666,1607.3,15.533333333333331,11.379166666666665,77.58333333333333,107.625,6.183333333333333,1.9500000000000002,11.7,20.8
2021-08-29,0.0,1018.5375,1550.5500000000002,18.775000000000002,13.258333333333333,71.29166666666667,113.5,4.645833333333333,1.425,15.5,23.9
2021-08-30,0.0,1016.5958333333333,1485.8076923076924,19.329166666666666,14.170833333333333,74.125,106.66666666666667,4.270833333333333,1.3833333333333335,14.8,25.6
2021-08-31,0.0,1015.2375000000001,1630.4333333333332,21.6125,14.366666666666667,66.08333333333333,88.45833333333333,4.741666666666666,1.3,17.4,27.8
2021-09-01,0.0,1012.6375000000002,1498.658333333333,21.229166666666668,13.858333333333334,66.08333333333333,179.70833333333334,3.3208333333333333,1.2208333333333332,15.0,28.3
2021-09-02,0.0,1008.65,1221.1916666666666,22.737499999999997,15.475000000000001,65.0,185.45833333333334,3.004166666666667,1.0958333333333334,18.4,28.3
2021-09-03,0.0,1008.6791666666667,641.4833333333332,19.90416666666667,16.054166666666667,78.83333333333333,209.91666666666666,4.675,1.3541666666666667,17.6,22.4
2021-09-04,0.08333333333333333,1010.2375000000001,963.5833333333334,16.8875,13.233333333333334,79.625,130.08333333333334,4.775,1.3875,14.5,20.5
2021-09-05,0.975,1008.2041666666668,700.3142857142857,17.245833333333334,14.958333333333334,87.04166666666667,213.375,5.495833333333334,1.5125000000000002,15.2,20.7
2021-09-06,0.0,1011.7208333333333,1426.5083333333332,18.270833333333332,14.741666666666667,80.75,97.25,5.595833333333334,1.675,15.9,21.5
2021-09-07,1.4749999999999999,1009.0791666666668,139.8,16.925,15.566666666666668,91.875,107.91666666666667,7.295833333333334,2.2458333333333336,16.3,17.6
2021-09-08,1.5916666666666668,1001.725,315.9846153846154,18.037499999999998,17.129166666666666,94.375,130.08333333333334,6.095833333333334,1.7791666666666668,17.0,19.4
2021-09-09,0.049999999999999996,1005.15,1406.7642857142855,17.900000000000002,12.145833333333334,70.58333333333333,273.0416666666667,8.670833333333333,2.920833333333333,14.8,20.3
2021-09-10,0.008333333333333333,1009.9208333333332,634.1153846153846,15.233333333333334,10.108333333333333,71.83333333333333,287.8333333333333,9.145833333333334,2.9458333333333333,13.7,16.8
2021-09-11,0.0,1013.0458333333332,1367.5384615384614,16.795833333333334,11.120833333333332,70.16666666666667,245.66666666666666,4.145833333333333,1.3083333333333333,14.9,20.5
2021-09-12,0.0,1009.5625,1599.0153846153844,19.208333333333332,13.754166666666668,73.66666666666667,95.25,4.154166666666666,1.2375,11.9,28.9
2021-09-13,1.875,1002.5208333333334,67.12307692307694,19.729166666666668,17.38333333333333,86.79166666666667,111.125,6.7625,1.9458333333333335,18.1,21.7
2021-09-14,0.5,1002.9583333333334,245.52142857142857,18.5625,17.595833333333335,94.125,213.33333333333334,3.991666666666666,1.0708333333333333,17.8,19.5
2021-09-15,0.008333333333333333,1015.4041666666667,1737.9615384615386,16.025000000000002,7.691666666666666,60.291666666666664,192.75,5.891666666666666,1.625,12.9,19.0
2021-09-16,0.0,1020.4916666666668,1618.715384615385,14.9,8.408333333333333,67.29166666666667,115.95833333333333,5.349999999999999,1.875,10.4,19.5
2021-09-17,0.19130434782608693,1015.9,507.3333333333333,15.634782608695653,12.730434782608697,83.56521739130434,123.56521739130434,4.740909090909091,1.3478260869565217,13.2,19.6
2021-09-18,0.008333333333333333,1009.8874999999999,981.053846153846,17.97083333333333,15.9125,88.54166666666667,124.58333333333333,2.8666666666666667,0.8958333333333334,14.9,22.5
2021-09-19,0.7000000000000001,1007.8708333333334,563.4357142857143,19.529166666666665,17.3875,87.66666666666667,124.58333333333333,5.062500000000001,1.4375,17.8,22.7
2021-09-20,0.06666666666666667,1003.7000000000002,740.8066666666667,21.608333333333334,19.279166666666665,86.875,108.41666666666667,5.666666666666667,1.2416666666666665,19.8,24.7
2021-09-21,0.008333333333333333,1012.8958333333334,1043.9538461538461,17.570833333333336,13.441666666666668,77.41666666666667,187.20833333333334,7.670833333333334,2.0083333333333333,15.2,20.4
2021-09-22,0.0,1016.9375,1455.0,16.1375,10.629166666666666,71.5,109.91666666666667,6.595833333333334,2.0625,12.2,20.8
2021-09-23,0.1416666666666667,1014.0291666666667,779.0333333333333,16.775000000000002,11.554166666666665,72.16666666666667,110.16666666666667,5.654166666666666,1.75,14.8,19.3
2021-09-24,0.11666666666666668,1013.2791666666666,1094.5923076923077,17.320833333333336,14.329166666666666,83.83333333333333,186.70833333333334,3.266666666666667,1.0,15.5,20.7
2021-09-25,0.0,1013.0749999999999,1787.6076923076923,17.175,12.854166666666666,78.08333333333333,148.5,3.1166666666666667,1.0541666666666667,12.0,22.9
2021-09-26,0.0,1010.7708333333334,1785.4076923076923,19.320833333333333,15.816666666666668,81.70833333333333,143.41666666666666,4.141666666666667,1.2625,15.0,26.0
2021-09-27,0.0,1010.9958333333334,1779.2384615384615,21.520833333333332,17.599999999999998,79.625,149.29166666666666,3.929166666666667,1.2291666666666667,18.0,27.9
2021-09-28,0.125,1009.8916666666668,370.36666666666673,19.05416666666667,16.925,87.66666666666667,157.875,4.508333333333334,1.1624999999999999,17.3,20.3
2021-09-29,0.2416666666666667,1011.3624999999998,760.0384615384615,18.808333333333334,16.349999999999998,86.5,165.83333333333334,5.075,1.5833333333333333,17.2,21.2
2021-09-30,0.26666666666666666,1008.4541666666668,1245.0916666666665,18.333333333333332,14.391666666666666,78.45833333333333,104.75,8.533333333333333,2.5583333333333336,15.4,22.9
2021-10-01,0.8583333333333334,1002.9625,709.7230769230771,19.041666666666668,17.170833333333334,89.375,169.79166666666666,5.308333333333333,1.4291666666666665,16.7,22.9
2021-10-02,0.0,1006.3041666666668,1694.9076923076923,18.483333333333334,13.804166666666667,74.95833333333333,158.54166666666666,4.8125,1.4541666666666666,15.3,22.5
2021-10-03,0.16666666666666666,1002.8666666666667,700.3153846153847,17.966666666666665,15.387499999999998,85.125,183.16666666666666,5.641666666666667,1.75,16.5,21.2
2021-10-04,0.0,1010.1916666666666,1124.2307692307693,15.983333333333334,10.591666666666667,71.16666666666667,157.70833333333334,4.683333333333333,1.2625,13.6,18.3
2021-10-05,0.009090909090909092,1013.6727272727272,1709.2272727272727,15.213636363636363,8.254545454545456,65.36363636363636,131.8181818181818,3.6954545454545453,1.1454545454545455,10.3,20.7
2021-10-06,0.008333333333333333,1009.3125,1067.423076923077,17.5625,11.8125,69.66666666666667,188.45833333333334,4.054166666666667,1.2625,13.8,21.9
2021-10-07,0.0,1013.5374999999999,1482.6076923076923,15.866666666666667,9.450000000000001,66.625,165.54166666666666,5.625,1.6125,11.7,18.9
2021-10-08,0.0,1011.8583333333332,1314.6153846153845,16.141666666666666,11.075000000000001,73.29166666666667,116.95833333333333,6.695833333333334,2.2541666666666664,12.0,20.4
2021-10-09,0.008333333333333333,1010.5791666666668,1117.9307692307693,18.033333333333335,14.575000000000001,80.75,110.375,8.320833333333335,2.716666666666667,15.7,20.7
2021-10-10,0.0,1011.1333333333332,1471.9214285714286,19.954166666666666,15.695833333333333,77.58333333333333,109.45833333333333,8.158333333333333,2.5208333333333335,17.2,23.9
2021-10-11,0.05833333333333333,1010.8000000000001,653.4615384615385,18.966666666666665,14.883333333333333,77.45833333333333,103.95833333333333,5.608333333333333,1.6041666666666667,17.2,21.5
2021-10-12,0.024999999999999998,1007.5374999999999,1570.707142857143,21.17083333333333,16.258333333333336,75.66666666666667,177.20833333333334,3.683333333333333,1.2166666666666666,16.5,27.0
2021-10-13,0.0,1003.7875,1458.0571428571432,22.833333333333332,17.712500000000002,75.08333333333333,109.33333333333333,3.391666666666667,1.0958333333333334,17.3,29.2
2021-10-14,0.0,997.9041666666667,1723.7999999999997,25.429166666666664,18.141666666666666,65.08333333333333,172.79166666666666,4.708333333333333,1.5458333333333334,21.1,29.8
2021-10-15,0.625,1004.7791666666666,423.37692307692305,20.495833333333334,18.104166666666668,86.58333333333333,140.25,6.504166666666666,1.8541666666666667,16.7,24.6
2021-10-16,0.6416666666666667,1012.9333333333334,664.6538461538462,16.7,15.008333333333333,90.04166666666667,165.33333333333334,6.1625000000000005,1.5958333333333332,16.0,18.1
2021-10-17,0.0,1014.6999999999999,1575.6000000000001,17.429166666666664,11.137500000000001,67.375,136.70833333333334,4.966666666666667,1.4791666666666667,14.8,21.4
2021-10-18,0.0,1014.0333333333333,1497.8857142857144,17.775000000000002,13.145833333333334,75.58333333333333,135.04166666666666,5.662499999999999,1.825,14.0,22.5
2021-10-19,0.0,1016.1333333333333,1280.2785714285715,17.724999999999998,11.283333333333333,68.33333333333333,117.08333333333333,4.583333333333333,1.5250000000000001,13.1,21.6
2021-10-20,0.0,1015.1833333333334,1484.707142857143,17.408333333333335,11.720833333333331,70.58333333333333,116.83333333333333,6.195833333333333,1.929166666666667,13.0,21.2
2021-10-21,0.0,1010.5208333333334,1833.5285714285715,19.1375,12.516666666666666,67.58333333333333,141.16666666666666,4.6375,1.5125,13.7,25.2
2021-10-22,0.0,1007.2708333333331,1779.55,20.004166666666666,14.795833333333333,74.25,143.41666666666666,3.8666666666666667,1.2249999999999999,15.7,25.6
2021-10-23,0.049999999999999996,1000.0083333333333,806.8071428571429,20.229166666666668,16.037499999999998,78.20833333333333,185.45833333333334,4.6875,1.4291666666666665,16.5,26.0
2021-10-24,0.06666666666666667,1005.6708333333332,1982.9285714285713,19.1125,12.345833333333333,67.70833333333333,212.66666666666666,5.770833333333333,1.8208333333333335,15.7,24.4
2021-10-25,0.0,1011.4833333333332,2079.457142857143,19.945833333333333,10.754166666666668,59.166666666666664,225.625,4.245833333333334,1.4416666666666667,12.8,27.4
2021-10-26,0.0,1011.7374999999998,2037.1,23.029166666666665,12.479166666666666,56.125,186.5,2.8874999999999997,1.0666666666666667,15.6,31.5
2021-10-27,0.0,1013.7458333333334,1980.2999999999997,25.020833333333332,13.308333333333332,51.291666666666664,139.66666666666666,3.5833333333333335,1.2750000000000001,17.5,33.0
2021-10-28,0.0,1016.0291666666666,2048.2285714285713,23.92916666666667,13.2125,52.041666666666664,109.83333333333333,5.866666666666667,2.016666666666667,17.9,28.4
2021-10-29,0.0,1013.8833333333333,1986.3428571428572,22.145833333333332,16.933333333333334,73.625,117.41666666666667,8.7,2.6291666666666664,18.5,27.3
2021-10-30,0.0,1010.5458333333332,2003.5857142857144,23.2,18.1125,74.375,107.91666666666667,7.525000000000001,2.220833333333333,19.5,27.7
2021-10-31,0.0,1009.8083333333334,1874.3214285714287,24.191666666666663,18.191666666666666,70.66666666666667,107.625,5.254166666666667,1.6083333333333334,19.8,29.4
2021-11-01,0.0,1009.2208333333333,2015.8357142857144,23.941666666666666,17.6375,70.08333333333333,100.83333333333333,4.595833333333333,1.3999999999999997,18.9,29.7
2021-11-02,0.0,1007.4041666666667,1977.4857142857143,24.145833333333332,18.820833333333333,74.41666666666667,123.75,4.820833333333334,1.5666666666666664,19.3,30.5
2021-11-03,0.3583333333333334,1004.2291666666666,627.3285714285714,21.854166666666668,19.650000000000002,87.54166666666667,116.08333333333333,4.7375,1.2750000000000001,20.6,23.5
2021-11-04,0.37499999999999994,1002.9250000000001,1863.435714285714,23.337499999999995,18.808333333333334,77.79166666666667,204.875,4.270833333333333,1.3708333333333333,19.2,28.9
2021-11-05,0.0,1004.9041666666667,1786.357142857143,23.808333333333337,19.57083333333333,78.33333333333333,153.29166666666666,4.995833333333334,1.425,20.1,28.7
2021-11-06,0.4916666666666667,1009.0625,565.3428571428573,20.895833333333332,18.875,88.375,133.16666666666666,5.8125,1.7750000000000001,17.3,22.4
2021-11-07,0.0,1010.9,1962.107142857143,19.0875,13.266666666666666,70.20833333333333,126.25,5.425000000000001,1.6416666666666666,15.7,23.2
2021-11-08,0.0,1009.9041666666666,2061.371428571428,19.208333333333332,12.554166666666665,66.875,125.04166666666667,4.670833333333333,1.5416666666666667,14.5,24.2
2021-11-09,0.0,1011.3833333333333,2097.842857142857,20.004166666666666,12.979166666666666,66.25,137.20833333333334,4.245833333333334,1.3708333333333333,14.4,25.0
2021-11-10,0.0,1012.6541666666666,2034.207142857143,19.808333333333334,12.041666666666666,63.5,122.45833333333333,6.1000000000000005,1.9583333333333333,15.2,24.1
2021-11-11,0.0,1015.1291666666666,1744.9142857142858,19.891666666666666,12.520833333333334,63.125,119.54166666666667,8.304166666666667,2.691666666666667,16.5,23.3
2021-11-12,0.0,1015.6166666666667,1848.8999999999999,19.337500000000002,12.254166666666668,64.75,115.33333333333333,8.25,2.591666666666667,15.5,22.5
2021-11-13,0.0,1011.3916666666668,2139.95,20.629166666666666,12.745833333333332,62.416666666666664,112.16666666666667,7.1000000000000005,2.158333333333333,15.6,26.2
2021-11-14,0.0,1007.6416666666668,1947.0285714285715,22.616666666666664,13.529166666666669,58.958333333333336,175.5,4.629166666666667,1.4291666666666665,16.8,30.0
2021-11-15,0.0,1006.7041666666668,1903.0142857142857,24.554166666666664,16.058333333333334,61.875,141.45833333333334,4.3999999999999995,1.4458333333333335,19.7,31.4
2021-11-16,0.26666666666666666,1005.5500000000001,1158.4071428571428,23.78333333333333,17.891666666666666,71.70833333333333,180.25,5.033333333333334,1.3875,19.7,29.7
2021-11-17,0.041666666666666664,1007.7708333333334,350.17142857142863,18.59583333333333,16.900000000000002,89.95833333333333,174.5,5.158333333333334,1.3375000000000001,15.5,20.2
2021-11-18,0.2333333333333333,1007.6125000000001,445.2214285714286,16.758333333333333,14.470833333333333,86.58333333333333,115.16666666666667,4.454166666666667,1.3916666666666666,15.4,18.2
2021-11-19,0.0,1009.2833333333334,1177.6499999999999,19.520833333333332,13.320833333333333,69.41666666666667,114.25,3.908333333333333,1.1708333333333334,16.7,23.8
2021-11-20,0.0,1010.8250000000002,2214.671428571429,20.691666666666666,10.895833333333334,58.791666666666664,130.33333333333334,3.5333333333333337,1.1125,13.2,28.8
2021-11-21,0.0,1008.0958333333333,2178.421428571429,23.858333333333334,11.987500000000002,50.666666666666664,188.58333333333334,3.3666666666666667,1.125,16.3,32.2
2021-11-22,0.0,1003.6791666666668,2172.1357142857146,27.133333333333336,12.533333333333333,44.5,195.79166666666666,3.5833333333333335,1.1375000000000002,18.5,35.3
2021-11-23,0.0,1006.35,1660.314285714286,23.895833333333332,14.666666666666666,57.083333333333336,178.5,6.291666666666667,1.7041666666666666,20.8,27.4
2021-11-24,0.0,1010.1583333333333,2252.8857142857146,21.27916666666667,11.208333333333334,57.666666666666664,107.5,5.533333333333334,1.7416666666666665,15.2,29.0
2021-11-25,0.3,1002.8041666666668,1400.36,23.26666666666667,16.616666666666664,69.79166666666667,99.45833333333333,4.925000000000001,1.375,16.6,33.7
2021-11-26,1.1217391304347828,996.5695652173912,609.5866666666666,21.839130434782607,19.93913043478261,89.08695652173913,222.04347826086956,7.086956521739131,2.0043478260869567,20.8,23.1
2021-11-27,0.39166666666666666,1000.4291666666667,1426.8466666666668,22.4875,19.970833333333335,86.25,180.875,6.7375,1.7375,20.3,25.2
2021-11-28,0.008333333333333333,1001.3625000000001,977.0071428571429,23.095833333333335,19.375,80.33333333333333,179.66666666666666,2.9499999999999997,0.8583333333333334,20.0,26.1
2021-11-29,0.0,996.1,1683.0214285714285,23.808333333333334,17.091666666666665,67.91666666666667,257.9166666666667,8.341666666666667,2.5625,21.9,25.6
2021-11-30,0.0,999.8583333333332,1450.2533333333333,23.78333333333333,14.983333333333334,58.375,267.3333333333333,8.3125,2.5708333333333333,20.8,26.6
2021-12-01,0.4416666666666667,1006.1749999999998,1178.935714285714,20.820833333333333,16.375,76.66666666666667,188.20833333333334,5.304166666666666,1.4333333333333336,18.8,23.9
2021-12-02,0.0,1009.0291666666666,1544.5133333333333,20.179166666666667,13.575000000000001,67.08333333333333,118.83333333333333,6.079166666666667,1.7833333333333332,16.0,24.2
2021-12-03,0.0,1008.7208333333333,1964.2866666666669,21.1875,15.308333333333332,70.45833333333333,112.0,7.245833333333334,2.25,16.9,25.2
2021-12-04,0.0,1009.0,1906.513333333333,23.075,16.808333333333334,69.66666666666667,106.625,6.341666666666666,1.8708333333333333,18.6,28.8
2021-12-05,0.0,1009.4625,1089.0400000000002,23.10833333333333,18.775000000000002,77.33333333333333,122.41666666666667,6.916666666666667,2.204166666666667,20.3,26.1
2021-12-06,2.5,1010.7333333333332,1324.3933333333334,21.691666666666666,18.2,81.70833333333333,121.45833333333333,9.083333333333334,2.7791666666666663,18.9,24.6
2021-12-07,0.016666666666666666,1014.6333333333333,1597.3733333333332,20.8125,14.516666666666667,68.70833333333333,113.29166666666667,7.579166666666667,2.283333333333333,16.9,23.9
2021-12-08,0.0,1013.5791666666668,1634.9333333333334,20.758333333333333,13.558333333333332,65.375,117.5,6.454166666666667,1.9666666666666668,16.5,25.2
2021-12-09,0.05833333333333333,1011.8583333333332,1601.0266666666669,20.616666666666667,15.729166666666666,74.75,119.29166666666667,6.420833333333332,1.9583333333333333,17.5,24.6
2021-12-10,0.0,1007.9416666666667,2113.02,21.0625,13.549999999999999,64.29166666666667,124.75,6.008333333333333,1.9249999999999998,15.8,25.7
2021-12-11,0.0,1002.0708333333332,1619.7533333333333,21.71666666666667,15.445833333333333,68.83333333333333,124.83333333333333,5.1625000000000005,1.5833333333333333,17.8,26.7
2021-12-12,0.0,1001.0375,1993.4199999999998,24.22083333333333,17.566666666666666,68.79166666666667,123.33333333333333,5.5,1.8083333333333333,19.1,31.2
2021-12-13,0.0,1002.9499999999999,1286.0066666666667,25.933333333333334,20.383333333333336,73.83333333333333,111.625,5.304166666666666,1.6583333333333334,21.4,32.2
2021-12-14,0.5666666666666667,1004.5625,280.06,23.058333333333334,21.433333333333334,90.625,111.08333333333333,7.5,2.2624999999999997,21.3,24.4
2021-12-15,0.041666666666666664,1004.5583333333334,909.0,23.45,20.908333333333335,85.95833333333333,115.45833333333333,7.566666666666666,2.35,21.1,26.3
2021-12-16,0.0,1004.7583333333332,964.44,23.691666666666666,20.7625,84.08333333333333,156.66666666666666,4.620833333333334,1.3458333333333334,21.6,26.1
2021-12-17,0.008333333333333333,1008.85,1667.4733333333331,22.991666666666664,18.34166666666667,75.91666666666667,195.375,5.5625,1.8374999999999997,19.9,26.5
2021-12-18,0.0,1011.1791666666667,1425.82,22.3125,17.712500000000002,75.54166666666667,113.08333333333333,8.904166666666667,2.6333333333333333,19.8,24.7
2021-12-19,0.0,1008.5374999999999,2093.7533333333336,24.025000000000002,17.466666666666665,68.41666666666667,107.83333333333333,7.091666666666666,2.0416666666666665,19.3,29.8
2021-12-20,0.0,1004.3874999999999,2075.0,25.77916666666667,18.133333333333336,64.95833333333333,180.70833333333334,4.7250000000000005,1.5333333333333332,20.0,32.8
2021-12-21,0.008333333333333333,1002.5500000000001,1542.5866666666668,24.775000000000002,19.8,75.41666666666667,159.0,3.954166666666667,1.1500000000000001,21.3,29.3
2021-12-22,0.041666666666666664,1003.5666666666666,1792.9333333333334,24.545833333333334,18.7625,71.79166666666667,144.33333333333334,5.745833333333333,1.4541666666666666,22.6,26.8
2021-12-23,0.0,1008.5625,1883.5266666666669,22.891666666666666,16.183333333333334,67.29166666666667,140.16666666666666,5.045833333333333,1.5416666666666667,18.6,26.4
2021-12-24,0.0,1007.5333333333333,1899.7333333333333,23.04583333333333,15.816666666666668,66.33333333333333,111.875,6.0375000000000005,1.758333333333333,18.4,27.4
2021-12-25,0.0,1004.3291666666668,2104.3933333333334,24.087500000000002,16.458333333333332,65.75,169.875,5.0375000000000005,1.6791666666666665,18.2,31.1
2021-12-26,0.0,1003.5500000000001,1271.7666666666667,24.008333333333336,18.712500000000002,73.875,150.5,4.2124999999999995,1.2458333333333333,19.7,28.3
2021-12-27,0.0,1003.7791666666666,1965.9333333333334,24.941666666666666,16.900000000000002,66.33333333333333,207.20833333333334,4.029166666666667,1.4458333333333335,19.1,32.2
2021-12-28,0.0,1006.2791666666668,2058.3066666666664,25.212499999999995,18.329166666666666,68.125,118.0,5.974999999999999,1.8833333333333335,20.8,30.1
2021-12-29,0.0,1009.2958333333332,1950.6,23.995833333333334,17.658333333333335,68.95833333333333,117.95833333333333,7.283333333333334,2.35,19.4,29.0
2021-12-30,0.0,1005.1166666666667,2010.5466666666669,25.675,18.929166666666664,68.33333333333333,109.79166666666667,6.695833333333334,2.108333333333333,20.9,31.9
2021-12-31,0.0,1001.3125,1909.3133333333333,27.09166666666667,17.795833333333334,59.541666666666664,155.29166666666666,4.941666666666666,1.625,22.3,33.2
2022-01-01,0.0,999.8375,2011.8733333333332,27.379166666666666,19.837500000000002,66.25,152.75,4.2,1.4041666666666668,21.5,34.2
2022-01-02,0.525,1000.8208333333333,1370.7733333333333,26.350000000000005,20.32916666666667,72.125,131.95833333333334,5.666666666666667,1.5458333333333334,21.8,34.8
2022-01-03,0.0,1002.4625,1688.9733333333331,27.479166666666668,21.337500000000002,70.95833333333333,133.04166666666666,4.258333333333333,1.2541666666666667,23.2,33.1
2022-01-04,0.025000000000000005,1000.1833333333334,727.98,26.183333333333334,21.7375,77.375,200.79166666666666,3.5749999999999997,1.1125,24.5,28.8
2022-01-05,2.225,1000.375,333.5466666666667,23.191666666666666,21.72083333333333,91.58333333333333,172.20833333333334,5.587500000000001,1.3124999999999998,21.1,25.4
2022-01-06,0.0,1007.7583333333333,1419.6333333333334,22.245833333333334,15.699999999999998,67.83333333333333,125.25,6.675,1.9333333333333336,17.9,25.3
2022-01-07,0.0,1009.5166666666668,1596.986666666667,22.05416666666667,15.304166666666665,66.91666666666667,115.04166666666667,6.779166666666666,2.1458333333333335,17.9,25.1
2022-01-08,0.0,1009.8833333333332,1865.7666666666667,22.620833333333334,15.879166666666668,66.58333333333333,107.33333333333333,8.612499999999999,2.6166666666666667,19.1,25.6
2022-01-09,0.0,1010.5124999999998,1819.1733333333332,23.058333333333337,16.375,66.95833333333333,101.875,8.741666666666665,2.5625,19.2,27.1
2022-01-10,0.0,1007.6583333333333,1823.1933333333334,24.383333333333336,17.929166666666664,69.16666666666667,124.375,5.908333333333334,1.7791666666666668,19.1,28.9
2022-01-11,0.0,1004.6,2078.6266666666666,25.65416666666667,18.741666666666667,68.83333333333333,184.70833333333334,4.716666666666668,1.5374999999999999,20.0,32.2
2022-01-12,0.0,1005.9541666666668,2058.5266666666666,25.583333333333332,19.25,71.33333333333333,146.95833333333334,4.995833333333333,1.6500000000000001,20.8,32.6
2022-01-13,0.0,1008.1833333333334,2060.3533333333335,26.120833333333334,19.5625,69.91666666666667,146.25,4.8999999999999995,1.6833333333333336,20.1,33.5
2022-01-14,0.0,1009.0260869565217,1910.5357142857142,28.008695652173916,19.508695652173913,63.34782608695652,164.95652173913044,5.086956521739131,1.6130434782608696,21.8,36.0
2022-01-15,0.0,1007.4666666666667,1714.5866666666664,29.658333333333335,21.45,62.666666666666664,253.33333333333334,4.891666666666667,1.6458333333333333,25.3,35.7
2022-01-16,0.7416666666666667,1002.125,1826.4133333333332,30.979166666666668,21.629166666666666,60.041666666666664,256.4166666666667,6.075,1.8666666666666665,26.1,38.6
2022-01-17,0.7833333333333333,1002.2333333333332,1381.6,26.649999999999995,21.945833333333336,77.375,162.5,5.9375,1.575,22.2,34.2
2022-01-18,0.6166666666666667,1006.7875,400.4875,24.42083333333333,22.15833333333333,87.5,140.125,4.3500000000000005,1.175,21.9,26.9
2022-01-19,0.0,1008.5521739130435,1885.54,28.686956521739127,22.304347826086957,71.65217391304348,167.7826086956522,3.534782608695652,1.1478260869565218,22.9,36.5
2022-01-20,0.0,1007.3041666666667,1514.7933333333335,29.5,23.166666666666668,70.20833333333333,157.54166666666666,3.9916666666666667,1.2833333333333334,24.4,35.7
2022-01-21,0.0,1005.6124999999998,1892.0600000000002,28.891666666666666,23.099999999999998,72.75,88.875,5.379166666666666,1.6583333333333332,24.1,34.5
2022-01-22,0.0,1003.275,1910.4799999999998,30.72083333333333,22.92916666666667,66.20833333333333,183.41666666666666,4.779166666666667,1.4916666666666665,24.7,38.5
2022-01-23,0.19166666666666665,1003.2291666666666,901.14,30.070833333333336,22.73333333333333,66.33333333333333,175.08333333333334,3.404166666666667,1.0250000000000001,24.9,35.1
2022-01-24,0.016666666666666666,1004.5,1903.0866666666666,29.258333333333336,24.57916666666667,77.625,192.41666666666666,3.7375000000000003,1.1458333333333333,25.0,34.4
2022-01-25,0.0,1003.6583333333334,1753.0266666666669,29.554166666666664,22.962499999999995,69.41666666666667,155.66666666666666,5.3374999999999995,1.4625000000000001,24.3,35.5
2022-01-26,2.3666666666666667,1000.3708333333334,1570.3733333333332,27.625,22.495833333333334,75.95833333333333,184.375,5.104166666666667,1.55,23.2,35.5
2022-01-27,0.5416666666666666,1004.4499999999999,410.07500000000005,23.641666666666666,21.05,85.75,163.66666666666666,6.779166666666666,1.9749999999999999,22.9,24.5
2022-01-28,0.0,1008.1208333333334,1392.9733333333331,21.837499999999995,16.1375,71.0,124.04166666666667,6.2625,1.95,18.9,24.4
2022-01-29,0.0,1007.2166666666667,1709.2285714285715,22.15416666666667,15.245833333333332,66.54166666666667,120.70833333333333,6.2375,2.0458333333333334,18.3,25.3
2022-01-30,0.0,1005.5958333333334,1552.8666666666666,23.804166666666664,16.9375,66.375,105.70833333333333,6.179166666666667,1.8333333333333333,20.1,27.8
2022-01-31,0.09999999999999999,1002.1083333333332,1772.3285714285714,24.866666666666664,18.504166666666666,68.625,173.0,4.1375,1.2583333333333335,20.5,31.2
2022-02-01,0.008333333333333333,1006.1333333333333,1814.685714285714,24.754166666666663,19.616666666666664,73.91666666666667,130.375,5.575,1.6833333333333336,21.8,28.1
2022-02-02,0.0,1006.75,1940.6000000000001,25.695833333333336,19.529166666666665,70.95833333333333,120.08333333333333,4.879166666666666,1.4666666666666668,19.9,32.5
2022-02-03,0.0,1004.1958333333333,1807.8857142857144,28.116666666666664,21.054166666666664,68.66666666666667,161.875,4.895833333333333,1.6416666666666668,22.5,34.9
2022-02-04,0.0,1001.2875,1117.0714285714287,27.350000000000005,22.266666666666662,74.375,228.79166666666666,4.545833333333333,1.5458333333333332,24.7,29.9
2022-02-05,0.24166666666666667,999.6166666666667,1065.5571428571427,25.1875,21.92083333333333,82.5,222.04166666666666,4.170833333333333,1.3166666666666667,23.3,30.2
2022-02-06,0.0,1004.2130434782609,1744.3642857142856,24.178260869565214,18.92608695652174,74.69565217391305,266.9130434782609,5.865217391304348,1.973913043478261,22.2,26.7
2022-02-07,0.0,1008.1,1947.3999999999999,22.4875,13.620833333333332,58.166666666666664,258.1666666666667,5.558333333333333,1.8166666666666664,18.8,25.0
2022-02-08,0.0,1008.6875,1737.642857142857,22.679166666666664,15.804166666666667,65.66666666666667,207.41666666666666,5.45,1.6333333333333335,18.9,25.4
2022-02-09,0.0,1008.7083333333334,1692.4071428571428,22.566666666666663,17.070833333333336,72.91666666666667,114.75,4.4624999999999995,1.3708333333333336,18.8,27.1
2022-02-10,0.0,1006.3291666666668,1990.95,24.445833333333336,17.962500000000002,68.75,114.5,6.108333333333333,1.9041666666666668,20.0,30.5
2022-02-11,0.0,1005.5333333333333,1827.0285714285715,26.21666666666667,19.508333333333336,68.75,130.75,5.208333333333333,1.5958333333333332,21.5,32.4
2022-02-12,0.0,1005.4333333333334,1890.853846153846,26.929166666666664,19.4875,65.375,142.29166666666666,4.391666666666667,1.4083333333333332,21.9,33.1
2022-02-13,0.09999999999999999,1004.8333333333334,422.5142857142857,22.650000000000002,20.054166666666667,85.375,201.70833333333334,3.733333333333333,1.0541666666666667,21.5,25.4
2022-02-14,0.016666666666666666,1005.9,2073.9928571428572,22.766666666666666,15.154166666666669,66.16666666666667,244.08333333333334,4.0625,1.3499999999999999,19.0,27.7
2022-02-15,0.0,1008.2958333333332,2059.9857142857145,24.0625,14.829166666666666,59.041666666666664,176.29166666666666,3.5125000000000006,1.2666666666666666,18.7,30.4
2022-02-16,0.0,1008.4416666666666,2039.292857142857,24.833333333333332,16.408333333333335,63.541666666666664,107.5,5.529166666666666,1.7041666666666666,19.6,32.5
2022-02-17,0.0,1005.9291666666667,1844.0153846153844,24.60833333333333,18.529166666666665,71.625,121.875,5.1625000000000005,1.6333333333333335,19.6,31.0
2022-02-18,0.0,1005.2958333333332,1883.8153846153846,24.958333333333332,19.079166666666666,72.29166666666667,110.95833333333333,6.445833333333333,2.091666666666667,22.0,28.8
2022-02-19,0.0,1003.4416666666666,2114.992307692308,24.754166666666663,16.920833333333334,65.54166666666667,116.70833333333333,4.929166666666666,1.4291666666666665,19.5,31.0
2022-02-20,0.0,1002.3458333333333,1823.9384615384615,26.258333333333336,18.22083333333333,64.41666666666667,170.0,4.191666666666666,1.4375,20.4,32.9
2022-02-21,0.27499999999999997,1006.5,1133.0461538461539,24.65833333333333,20.64166666666667,79.41666666666667,200.08333333333334,4.175000000000001,1.2,21.4,29.2
2022-02-22,0.016666666666666666,1008.0583333333333,1217.7357142857143,25.600000000000005,21.525000000000002,78.58333333333333,150.75,4.3374999999999995,1.2708333333333333,24.1,27.8
2022-02-23,0.0,1008.5208333333334,1638.215384615385,24.504166666666666,19.087500000000002,73.54166666666667,130.91666666666666,3.870833333333333,1.1291666666666667,20.3,28.7
2022-02-24,0.008333333333333333,1007.5333333333333,2053.138461538462,25.287500000000005,19.75,74.04166666666667,104.375,4.933333333333334,1.6375,20.4,32.1
2022-02-25,0.008333333333333333,1008.0124999999999,1900.4538461538464,27.28333333333333,21.075,71.41666666666667,188.04166666666666,5.441666666666667,1.5833333333333333,22.8,33.5
2022-02-26,0.0,1009.025,1948.4692307692308,28.704166666666662,21.7,67.79166666666667,118.66666666666667,4.2875000000000005,1.4375,24.6,34.2
2022-02-27,0.0,1004.5916666666667,1580.746153846154,28.912499999999998,21.825,67.83333333333333,165.16666666666666,4.266666666666667,1.2333333333333334,24.3,34.8
2022-02-28,0.5565217391304348,1003.4434782608695,703.9615384615385,25.069565217391304,21.930434782608696,82.95652173913044,160.04347826086956,5.634782608695653,1.2956521739130438,22.1,27.6
2022-03-01,0.008695652173913044,1007.0347826086957,572.6533333333333,23.256521739130434,20.030434782608697,82.6086956521739,171.52173913043478,4.630434782608695,1.3130434782608698,21.9,25.0
2022-03-02,0.0,1006.0666666666666,1509.1307692307694,25.320833333333336,20.058333333333334,73.79166666666667,135.0,4.75,1.4208333333333334,21.6,30.8
2022-03-03,0.0,1006.7666666666668,1630.6384615384616,25.733333333333334,20.995833333333334,77.20833333333333,169.375,3.6916666666666664,1.1624999999999999,21.1,30.9
2022-03-04,0.0,1006.5625,1748.6230769230767,26.075,20.179166666666667,72.04166666666667,128.95833333333334,3.795833333333333,1.2291666666666667,19.8,32.2
2022-03-05,0.025000000000000005,1003.7583333333332,1872.5923076923077,27.883333333333336,21.925,73.33333333333333,162.25,4.141666666666667,1.2458333333333333,23.1,35.1
2022-03-06,2.35,1003.2583333333333,853.9923076923077,25.208333333333332,22.34166666666667,84.875,211.08333333333334,5.583333333333333,1.3458333333333332,22.2,28.9
2022-03-07,0.20833333333333334,1003.0541666666667,1284.3461538461538,25.175,21.566666666666666,82.66666666666667,213.25,4.995833333333334,1.4791666666666667,21.7,32.6
2022-03-08,0.008333333333333333,1007.7166666666666,1086.723076923077,23.883333333333336,20.233333333333334,80.79166666666667,173.54166666666666,4.133333333333334,1.3166666666666667,21.3,26.9
2022-03-09,0.0,1008.1208333333334,1540.6846153846154,25.141666666666666,21.112499999999997,78.70833333333333,118.16666666666667,6.179166666666667,2.0,22.3,28.9
2022-03-10,0.325,1004.0541666666667,1129.9846153846154,25.616666666666664,22.104166666666668,81.79166666666667,202.0,4.6625000000000005,1.5166666666666668,22.9,28.3
2022-03-11,0.8833333333333333,1005.8333333333334,392.63846153846146,21.366666666666664,20.2,93.0,184.70833333333334,4.804166666666667,1.1458333333333333,20.0,22.3
2022-03-12,0.0,1011.0125000000002,1034.192857142857,19.758333333333333,15.429166666666665,76.79166666666667,137.33333333333334,4.1625000000000005,1.1458333333333333,15.8,22.6
2022-03-13,0.075,1010.8791666666666,557.1307692307693,19.416666666666668,16.733333333333334,84.83333333333333,129.625,5.983333333333334,1.8791666666666664,18.7,20.1
2022-03-14,0.11666666666666665,1007.8625000000001,550.3230769230769,20.845833333333335,18.7625,88.04166666666667,126.0,4.7124999999999995,1.3666666666666665,19.0,22.9
2022-03-15,0.016666666666666666,1008.6583333333334,967.1999999999999,22.520833333333332,20.22083333333333,87.125,134.66666666666666,4.483333333333333,1.2958333333333334,20.2,25.4
2022-03-16,0.0,1009.6791666666667,783.7615384615384,23.020833333333332,19.158333333333335,79.16666666666667,110.08333333333333,5.954166666666667,1.6833333333333336,21.5,25.8
2022-03-17,0.0,1006.1125000000001,1786.3846153846155,23.087499999999995,16.691666666666666,69.0,197.33333333333334,2.8625000000000003,0.9458333333333332,17.9,29.3
2022-03-18,0.008333333333333333,1004.8333333333334,1488.0416666666667,25.9375,20.8875,75.5,206.08333333333334,3.029166666666667,1.0166666666666666,20.5,31.7
2022-03-19,0.125,1010.5,508.88461538461536,20.84583333333333,17.525,81.91666666666667,200.75,6.979166666666667,1.8291666666666666,17.8,27.2
2022-03-20,0.008333333333333333,1016.8583333333335,781.4000000000001,18.958333333333332,13.741666666666667,73.125,161.79166666666666,6.216666666666668,1.620833333333333,17.1,20.7
2022-03-21,0.0,1016.9041666666667,1367.5153846153846,19.541666666666668,13.641666666666666,69.16666666666667,111.625,6.3,1.9458333333333335,15.5,23.8
2022-03-22,0.0,1011.4916666666668,1546.3076923076924,22.72083333333333,15.941666666666665,66.625,94.54166666666667,5.433333333333334,1.6624999999999999,18.2,28.4
2022-03-23,0.18333333333333335,1006.5583333333334,723.8583333333332,22.90416666666667,17.99166666666667,74.75,115.875,3.9958333333333336,1.1333333333333335,19.8,25.7
2022-03-24,1.1833333333333333,1000.8958333333334,826.0769230769231,22.354166666666668,20.004166666666666,87.125,169.375,5.1000000000000005,1.5166666666666666,20.2,25.3
2022-03-25,0.0,1001.9375,1106.8384615384616,21.7,15.233333333333334,67.875,269.7083333333333,6.175,1.9666666666666668,18.4,24.2
2022-03-26,0.0,1003.8708333333334,746.9000000000001,19.379166666666666,13.5375,69.125,284.9583333333333,6.479166666666667,1.9291666666666665,16.9,21.4
2022-03-27,0.0,1008.2166666666667,1688.4076923076923,21.441666666666666,15.475,69.83333333333333,284.625,4.754166666666666,1.45,17.8,25.9
2022-03-28,0.0,1011.5208333333334,1717.4384615384615,22.241666666666664,16.383333333333333,71.54166666666667,163.79166666666666,3.116666666666667,1.0416666666666667,17.1,27.9
2022-03-29,0.0,1006.725,1659.284615384615,24.229166666666668,17.720833333333335,69.41666666666667,146.41666666666666,4.041666666666667,1.1916666666666667,17.6,32.3
2022-03-30,2.175,1003.3958333333334,186.6076923076923,21.162499999999998,17.849999999999998,82.41666666666667,214.20833333333334,5.295833333333333,1.4624999999999997,17.3,26.0
2022-03-31,0.0,1015.1041666666666,1760.0846153846153,15.9125,7.383333333333333,57.958333333333336,206.95833333333334,5.254166666666666,1.5416666666666667,12.5,19.7
2022-04-01,0.13333333333333333,1019.2374999999998,1503.0384615384614,15.4125,10.608333333333334,74.70833333333333,139.20833333333334,3.516666666666667,1.1333333333333335,11.1,20.7
2022-04-02,0.0,1017.0916666666667,1597.607692307692,19.425,13.729166666666666,70.45833333333333,100.66666666666667,5.25,1.7958333333333332,15.4,24.8
2022-04-03,0.8666666666666667,1011.775,216.39999999999998,19.479166666666668,16.675,84.29166666666667,99.79166666666667,4.483333333333333,1.2875000000000003,18.3,20.2
2022-04-04,1.125,1008.65,396.31538461538463,19.791666666666668,18.837500000000002,94.45833333333333,202.45833333333334,2.7624999999999993,0.725,18.3,21.7
2022-04-05,0.008333333333333333,1011.6791666666667,1034.4538461538461,20.76666666666667,17.76666666666667,83.54166666666667,129.125,3.7416666666666667,1.0083333333333333,19.1,23.0
2022-04-06,0.0,1010.9916666666668,1490.076923076923,20.60833333333333,16.683333333333334,79.25,117.29166666666667,4.675,1.4541666666666666,16.5,25.2
2022-04-07,0.0,1009.0,629.825,20.224999999999998,17.849999999999998,86.625,134.16666666666666,3.341666666666667,1.0541666666666667,17.2,23.5
2022-04-08,0.18333333333333335,1007.7958333333332,442.3538461538462,21.070833333333333,19.066666666666666,88.5,124.125,3.7208333333333337,1.0041666666666667,19.9,22.5
2022-04-09,0.008333333333333333,1008.9749999999999,645.6538461538462,20.870833333333334,18.491666666666667,86.33333333333333,120.5,5.479166666666667,1.5166666666666666,19.0,23.0
2022-04-10,0.0,1007.9958333333334,1407.6416666666667,22.554166666666664,19.40416666666667,83.375,111.83333333333333,5.1375,1.4708333333333332,19.3,26.8
2022-04-11,0.03333333333333333,1003.975,507.0333333333333,22.333333333333332,18.504166666666666,79.08333333333333,94.20833333333333,4.483333333333333,1.0833333333333333,21.1,24.3
2022-04-12,0.016666666666666666,1003.3583333333332,569.0846153846154,21.837499999999995,19.2,85.45833333333333,199.33333333333334,2.8958333333333335,0.9291666666666666,20.0,24.8
2022-04-13,0.025000000000000005,1006.9708333333333,1079.3583333333333,21.170833333333334,17.375,80.04166666666667,151.54166666666666,4.7250000000000005,1.0999999999999999,20.3,23.2
2022-04-14,0.008333333333333333,1011.8291666666668,1569.3916666666667,18.95416666666667,11.025,61.75,166.0,5.220833333333333,1.3375000000000001,16.9,21.0
2022-04-15,0.016666666666666666,1013.7583333333333,1096.9666666666667,16.279166666666665,11.6,74.20833333333333,227.91666666666666,4.0125,1.2249999999999999,13.7,19.9
2022-04-16,0.0,1015.025,826.6416666666668,16.908333333333335,12.725,77.29166666666667,196.54166666666666,2.9375,0.9583333333333334,14.4,20.9
2022-04-17,0.0,1015.3041666666667,937.5166666666668,18.233333333333334,14.25,78.66666666666667,130.25,3.3125,1.0583333333333333,14.8,22.5
2022-04-18,0.0,1013.8916666666668,1232.7916666666667,20.0125,14.708333333333334,73.79166666666667,119.33333333333333,3.7166666666666663,1.1333333333333335,16.9,25.1
2022-04-19,0.0,1012.4916666666667,1402.2166666666665,20.483333333333334,14.387500000000001,69.95833333333333,118.33333333333333,3.375,1.0666666666666667,14.8,25.4
2022-04-20,0.0,1012.1374999999998,1488.283333333333,19.804166666666664,15.4125,78.08333333333333,131.58333333333334,3.4166666666666665,1.1500000000000001,14.9,25.9
2022-04-21,0.008333333333333333,1007.5166666666668,1317.2583333333334,19.904166666666665,15.604166666666666,78.625,174.5,3.3375,1.0708333333333333,15.0,25.8
2022-04-22,0.0,1001.5124999999999,1171.8666666666668,21.037499999999998,15.995833333333332,75.20833333333333,217.66666666666666,2.375,0.9499999999999998,16.6,26.7
2022-04-23,0.025000000000000005,1001.0708333333333,1327.7636363636364,19.016666666666666,13.608333333333334,72.45833333333333,266.0833333333333,6.954166666666666,2.2291666666666665,17.2,22.3
2022-04-24,0.0,1009.5,1439.6666666666667,17.875,11.708333333333334,70.91666666666667,127.58333333333333,2.695833333333333,0.8333333333333334,11.4,25.9
2022-04-25,0.0,1006.7000000000002,727.4166666666666,21.7625,16.166666666666668,71.5,130.58333333333334,4.341666666666666,1.3291666666666668,17.5,27.5
2022-04-26,1.0333333333333332,1006.9166666666666,626.4636363636364,21.370833333333334,19.599999999999998,90.20833333333333,127.75,4.0874999999999995,1.05,19.3,24.8
2022-04-27,0.0,1002.2041666666668,1118.3999999999999,25.541666666666668,19.854166666666668,73.16666666666667,197.41666666666666,4.958333333333333,1.5041666666666667,20.9,33.3
2022-04-28,1.3083333333333333,1007.2791666666667,166.8230769230769,19.150000000000002,17.8875,92.54166666666667,142.91666666666666,6.166666666666667,1.5208333333333333,16.8,21.4
2022-04-29,0.041666666666666664,1017.3041666666667,1196.475,16.479166666666668,12.945833333333335,81.375,161.625,3.3875000000000006,0.8875000000000001,14.2,19.7
2022-04-30,0.0,1014.6625,984.1363636363636,15.570833333333331,11.295833333333334,76.25,107.625,4.304166666666667,1.5541666666666665,12.0,19.9
2022-05-01,0.5416666666666666,1008.6041666666666,769.5636363636364,17.683333333333334,15.833333333333334,89.29166666666667,169.83333333333334,3.1,0.9291666666666667,16.1,20.3
2022-05-02,0.6916666666666668,1011.625,161.04545454545453,15.483333333333334,13.424999999999999,87.875,118.16666666666667,4.4375,1.2958333333333332,13.5,17.6
2022-05-03,0.16666666666666666,1008.8041666666668,289.1909090909091,16.645833333333332,15.412500000000001,92.54166666666667,145.91666666666666,5.55,1.5291666666666668,14.2,18.5
2022-05-04,1.4166666666666667,1008.75,540.5,18.258333333333333,17.154166666666665,93.41666666666667,137.625,7.954166666666667,2.516666666666667,17.3,19.2
2022-05-05,0.025000000000000005,1013.8666666666667,1143.9363636363635,17.9625,14.516666666666666,81.83333333333333,145.08333333333334,3.7416666666666667,0.9291666666666667,15.6,20.7
2022-05-06,0.0,1016.9249999999998,1249.2545454545455,17.2375,13.345833333333331,79.04166666666667,165.125,2.6999999999999997,0.8583333333333334,14.1,20.5
2022-05-07,0.0,1017.9416666666666,1180.5636363636365,16.212500000000002,12.8375,81.45833333333333,128.45833333333334,2.8833333333333333,0.9958333333333332,12.2,20.9
2022-05-08,0.008333333333333333,1015.8541666666666,1370.3727272727274,16.562500000000004,12.858333333333334,80.41666666666667,120.125,2.9125,0.9375,11.8,22.8
2022-05-09,0.0,1014.2666666666668,1298.0636363636365,18.037499999999998,13.8375,79.04166666666667,124.58333333333333,2.691666666666667,0.8625000000000002,12.8,23.9
2022-05-10,0.19166666666666668,1010.3833333333333,339.43636363636364,17.145833333333332,15.1625,88.58333333333333,188.04166666666666,2.2916666666666665,0.7125,14.3,20.6
2022-05-11,0.3333333333333333,1009.2000000000002,291.6923076923077,16.9875,15.395833333333334,90.875,247.58333333333334,3.670833333333333,1.1875,16.0,18.7
2022-05-12,0.008333333333333333,1012.3458333333333,1256.9363636363635,15.8125,12.541666666666666,82.66666666666667,233.75,2.9375,1.0250000000000001,13.3,19.6
2022-05-13,0.0,1013.4833333333332,1126.3727272727274,14.854166666666666,11.237499999999999,80.75,116.375,2.7083333333333335,0.9250000000000002,10.5,20.3
2022-05-14,0.13333333333333333,1010.875,492.3454545454546,16.258333333333333,13.487499999999999,84.25,147.33333333333334,2.670833333333333,0.9375,13.0,20.4
2022-05-15,0.6083333333333333,1007.9958333333333,303.4818181818182,16.325000000000003,15.4125,94.41666666666667,210.95833333333334,4.1375,1.025,14.8,17.1
2022-05-16,0.0,1011.3499999999999,940.6818181818181,12.662500000000001,7.5625,71.625,262.9583333333333,7.716666666666666,2.2916666666666665,10.0,14.6
2022-05-17,0.13333333333333333,1006.6083333333332,609.9,11.387500000000001,6.841666666666666,74.25,288.2916666666667,11.8375,3.658333333333333,9.4,12.6
2022-05-18,0.9333333333333335,1004.3458333333333,424.30000000000007,13.35,11.420833333333334,88.5,240.875,9.454166666666666,2.8958333333333335,9.4,17.1
2022-05-19,0.0,1012.6999999999999,774.4363636363636,13.370833333333335,10.9625,85.95833333333333,271.7083333333333,4.420833333333333,1.4541666666666664,11.4,16.9
2022-05-20,0.0,1015.35,901.9909090909091,12.733333333333334,10.625,87.54166666666667,267.7916666666667,3.275,1.1166666666666665,10.7,16.0
2022-05-21,0.008333333333333333,1016.5958333333334,1270.0727272727272,12.241666666666667,8.995833333333332,82.58333333333333,187.25,2.141666666666667,0.8041666666666667,7.9,18.7
2022-05-22,0.0,1016.0,831.1909090909089,13.745833333333332,10.658333333333333,83.125,146.16666666666666,1.9041666666666668,0.6958333333333333,10.5,19.5
2022-05-23,0.008333333333333333,1013.5416666666666,1114.3272727272727,15.387500000000001,12.291666666666666,83.75,159.45833333333334,2.1916666666666664,0.7541666666666668,10.9,22.3
2022-05-24,0.0,1012.4250000000001,1164.8545454545454,17.758333333333333,13.329166666666666,77.83333333333333,175.16666666666666,2.3791666666666664,0.9249999999999999,12.0,25.0
2022-05-25,0.008333333333333333,1012.0875,1125.2545454545455,20.025000000000002,14.554166666666665,74.0,140.41666666666666,3.266666666666667,1.1583333333333332,14.1,28.1
2022-05-26,0.06666666666666667,1014.6875,392.3181818181818,17.970833333333335,15.941666666666668,88.16666666666667,182.125,3.5875000000000004,1.0416666666666667,16.5,20.1
2022-05-27,0.6249999999999999,1011.2458333333334,179.62727272727273,16.854166666666668,16.150000000000002,95.66666666666667,211.29166666666666,2.9916666666666667,0.875,15.9,17.9
2022-05-28,0.08333333333333333,1008.3791666666666,396.23636363636365,17.25,16.22083333333333,93.75,139.33333333333334,2.7458333333333336,0.85,16.3,18.8
2022-05-29,0.4083333333333334,1003.2708333333334,166.45454545454547,16.7,15.783333333333333,94.375,175.0,4.370833333333334,1.1583333333333332,14.6,17.8
2022-05-30,0.008333333333333333,1009.3583333333332,780.7,13.208333333333334,9.191666666666668,77.25,201.125,3.454166666666667,0.9624999999999999,11.4,15.3
2022-05-31,0.0,1015.2999999999998,1199.7454545454545,8.754166666666666,3.795833333333334,72.5,213.5,3.470833333333333,1.0999999999999999,5.8,12.5
2022-06-01,0.0,1014.2333333333332,259.8363636363636,8.616666666666667,5.666666666666667,82.08333333333333,123.375,2.9916666666666667,0.8208333333333333,4.6,11.7
2022-06-02,0.0,1014.6125000000001,466.3454545454546,11.0625,7.316666666666667,78.16666666666667,193.66666666666666,4.0,0.9500000000000001,9.7,12.9
2022-06-03,0.0,1019.0625,870.8545454545455,10.883333333333333,6.895833333333333,76.95833333333333,195.375,3.533333333333333,0.9500000000000001,6.9,14.2
2022-06-04,0.0,1016.7541666666666,1013.0818181818183,13.875,10.554166666666667,81.83333333333333,108.95833333333333,3.9166666666666665,1.1958333333333333,10.2,19.1
2022-06-05,0.27499999999999997,1011.8291666666668,200.10000000000002,15.704166666666666,13.387499999999998,86.25,146.79166666666666,2.475,0.75,14.5,17.1
2022-06-06,0.9833333333333334,1007.9333333333334,224.2090909090909,16.954166666666666,16.3125,96.04166666666667,186.0,3.1583333333333337,0.9375,15.2,18.7
2022-06-07,0.0,1009.6708333333332,493.1,15.4625,14.183333333333332,92.41666666666667,145.04166666666666,4.204166666666667,1.1583333333333332,14.2,18.1
2022-06-08,0.0,1010.8583333333332,1054.1181818181817,15.766666666666666,13.720833333333333,88.125,163.83333333333334,2.9333333333333336,1.0208333333333333,13.6,19.2
2022-06-09,0.008333333333333333,1011.4375,860.8454545454545,15.666666666666666,13.745833333333335,89.08333333333333,139.41666666666666,2.0208333333333335,0.6916666666666668,12.6,20.5
2022-06-10,0.016666666666666666,1012.5666666666666,387.76363636363635,14.345833333333331,11.450000000000001,84.08333333333333,212.5,4.566666666666666,1.4291666666666665,12.1,15.5
2022-06-11,0.0,1016.2583333333332,1161.4545454545455,8.520833333333334,1.0,60.208333333333336,276.125,7.758333333333333,2.4458333333333333,5.3,11.6
2022-06-12,0.0,1015.7625000000002,1111.6818181818182,9.570833333333333,2.658333333333333,62.916666666666664,277.9166666666667,7.275000000000001,2.1333333333333333,6.0,14.1
2022-06-13,0.0,1018.8333333333334,644.7636363636364,12.225,7.558333333333334,73.375,262.75,2.7125,0.9458333333333334,10.2,14.9
2022-06-14,0.0,1016.1416666666668,1125.7,13.924999999999999,11.225,85.41666666666667,143.79166666666666,2.8541666666666665,0.9,10.4,19.7
2022-06-15,0.008333333333333333,1013.7416666666664,1129.4818181818182,13.795833333333334,10.279166666666667,81.41666666666667,148.66666666666666,2.120833333333333,0.8583333333333334,8.7,20.4
2022-06-16,0.0,1009.7833333333333,978.4,14.891666666666666,10.987499999999999,79.66666666666667,129.08333333333334,1.8666666666666665,0.6541666666666667,8.6,23.3
2022-06-17,1.5083333333333335,1000.9291666666668,123.52727272727272,16.641666666666666,14.700000000000001,89.04166666666667,157.875,5.295833333333333,1.25,14.6,18.9
2022-06-18,0.016666666666666666,1013.1791666666667,1150.0363636363636,10.6875,6.016666666666666,74.45833333333333,271.6666666666667,6.2749999999999995,1.9416666666666664,7.9,14.2
2022-06-19,0.0,1016.0041666666666,1147.8999999999999,9.229166666666666,4.845833333333334,77.125,162.75,1.9875,0.6583333333333333,4.2,17.4
2022-06-20,0.008333333333333333,1013.475,1070.0636363636365,11.804166666666665,8.495833333333334,81.95833333333333,123.20833333333333,2.4583333333333335,0.8208333333333334,6.5,20.1
2022-06-21,0.21666666666666665,1008.6791666666668,124.26363636363637,13.15,12.0375,93.125,178.375,3.8125,1.0458333333333334,10.9,16.3
2022-06-22,0.3166666666666667,1006.75,179.9909090909091,14.391666666666666,13.645833333333334,95.29166666666667,141.58333333333334,3.9,1.0791666666666668,13.6,15.0
2022-06-23,0.10833333333333334,1009.1416666666668,195.45454545454547,14.375,13.824999999999998,96.5,225.25,2.9958333333333336,0.9083333333333332,14.2,14.6
2022-06-24,0.1416666666666667,1013.0416666666666,156.0,14.516666666666666,13.870833333333332,95.83333333333333,125.95833333333333,3.029166666666667,0.8624999999999998,13.8,15.8
2022-06-25,0.05000000000000001,1020.0458333333332,704.5,12.658333333333337,10.329166666666667,86.20833333333333,165.16666666666666,5.108333333333333,1.2249999999999999,11.1,14.4
2022-06-26,0.0,1019.7125,649.1636363636363,10.691666666666668,8.058333333333332,84.25,132.20833333333334,3.779166666666667,1.1083333333333334,8.4,13.8
2022-06-27,0.0,1013.7478260869564,528.7099999999999,13.22608695652174,11.321739130434782,88.69565217391305,112.69565217391305,2.3304347826086955,0.7391304347826086,10.1,19.2
2022-06-28,0.075,1008.1166666666668,671.5454545454545,16.991666666666667,14.4625,85.875,167.54166666666666,2.1999999999999997,0.7583333333333334,13.7,22.0
2022-06-29,0.40869565217391296,1010.1869565217391,824.1666666666666,12.169565217391305,9.31304347826087,83.52173913043478,266.4782608695652,7.352173913043478,2.0826086956521737,10.3,17.1
2022-06-30,0.0,1012.7304347826087,1219.2,11.213043478260868,8.247826086956522,83.26086956521739,237.17391304347825,2.7913043478260864,0.9478260869565216,7.4,16.8
2022-07-01,0.008333333333333333,1010.9458333333333,1116.6454545454546,12.941666666666668,9.1625,79.625,109.33333333333333,3.85,1.2375,8.8,19.6
2022-07-02,0.0,1006.275,748.2727272727273,17.604166666666668,12.85,75.125,135.0,4.1000000000000005,1.2416666666666667,13.0,25.1
2022-07-03,0.041666666666666664,1014.6166666666668,201.6,13.9625,11.983333333333333,87.875,137.70833333333334,5.083333333333333,1.55,12.8,15.2
2022-07-04,0.15833333333333335,1011.375,379.0142857142857,17.104166666666668,15.870833333333335,92.625,133.16666666666666,3.625,0.9666666666666668,14.7,20.8
2022-07-05,0.0,1008.9333333333334,936.9,16.94583333333333,15.608333333333333,91.95833333333333,129.08333333333334,3.475,1.2583333333333333,15.2,19.5
2022-07-06,0.0,1008.725,806.8636363636364,17.316666666666666,15.254166666666668,88.54166666666667,119.25,3.1625,1.0208333333333333,14.3,23.8
2022-07-07,0.0,1007.9791666666666,331.97272727272724,18.670833333333334,14.870833333333332,79.625,156.66666666666666,3.3166666666666664,0.8708333333333332,16.4,21.8
2022-07-08,0.21666666666666665,1017.5458333333332,223.96470588235297,14.258333333333333,11.700000000000001,84.875,121.04166666666667,5.029166666666666,1.4666666666666668,13.7,15.1
2022-07-09,0.0,1013.2166666666666,1036.5,18.0,14.129166666666668,78.875,117.41666666666667,3.9875000000000003,1.2708333333333333,13.6,24.3
2022-07-10,0.0,1007.75,622.1909090909091,19.245833333333334,15.508333333333335,80.08333333333333,126.04166666666667,2.5708333333333333,0.7625000000000001,15.1,24.1
2022-07-11,0.0,999.2833333333333,899.5454545454545,23.104166666666668,15.320833333333335,63.625,194.375,4.266666666666667,1.5083333333333335,18.6,29.0
2022-07-12,1.0583333333333336,1008.025,654.1090909090909,13.7875,9.987499999999999,78.83333333333333,243.79166666666666,8.066666666666668,2.375,11.5,23.3
2022-07-13,0.0,1016.7333333333332,1196.7545454545455,11.375,7.554166666666667,78.54166666666667,107.66666666666667,3.8208333333333333,1.2,7.2,16.1
2022-07-14,1.2916666666666667,1010.9375,117.5909090909091,13.716666666666667,12.325000000000001,91.375,127.75,3.516666666666667,1.0166666666666666,11.7,16.3
2022-07-15,1.0083333333333335,1003.375,106.88181818181819,16.825,16.1375,95.75,111.25,3.9125,1.1458333333333333,16.0,17.6
2022-07-16,0.8000000000000002,998.3875000000002,156.17333333333332,18.491666666666664,17.3875,93.5,121.25,4.3875,1.2874999999999999,17.2,20.6
2022-07-17,0.024999999999999998,1013.7541666666667,630.6272727272727,11.875,7.537499999999999,74.95833333333333,273.9166666666667,9.025,2.704166666666667,10.3,15.9
2022-07-18,0.0,1018.3541666666666,1207.5454545454545,10.545833333333333,7.695833333333333,83.70833333333333,152.45833333333334,2.6875,0.9083333333333333,6.1,17.3
2022-07-19,0.0,1019.4083333333333,671.5272727272727,13.033333333333331,10.470833333333333,85.20833333333333,155.875,3.604166666666666,0.9,11.3,15.6
2022-07-20,0.008333333333333333,1014.6333333333333,1059.8636363636363,15.65,12.916666666666666,85.33333333333333,101.16666666666667,2.725,0.9041666666666667,12.1,23.1
2022-07-21,0.0,1008.5583333333334,869.8818181818183,19.40833333333333,15.929166666666665,81.66666666666667,159.625,3.295833333333333,1.1458333333333333,15.1,25.1
2022-07-22,0.0,1008.8041666666668,749.6909090909089,19.875,16.9875,84.375,165.20833333333334,2.6125000000000003,0.8333333333333334,16.2,25.2
2022-07-23,0.625,1010.2083333333334,613.5999999999999,19.495833333333334,17.758333333333333,89.95833333333333,164.08333333333334,3.9791666666666665,1.0041666666666667,17.6,22.6
2022-07-24,0.0,1010.35,953.1454545454544,20.412499999999998,17.220833333333335,83.79166666666667,136.66666666666666,1.8,0.6833333333333332,15.8,26.8
2022-07-25,0.0,1012.7041666666668,1131.8818181818183,20.3625,17.32083333333333,83.75,135.79166666666666,3.016666666666667,0.9249999999999999,16.9,25.9
2022-07-26,0.0,1014.2958333333335,1005.8363636363636,18.566666666666666,16.412499999999998,88.0,112.79166666666667,3.483333333333333,1.125,16.3,24.3
2022-07-27,0.0,1010.7695652173913,1046.1363636363637,18.917391304347827,15.695652173913043,83.52173913043478,138.3913043478261,2.0521739130434784,0.7000000000000001,14.9,24.6
2022-07-28,0.6086956521739131,1002.6695652173913,399.5,18.400000000000002,16.434782608695652,88.91304347826087,192.17391304347825,3.130434782608696,0.917391304347826,16.6,23.5
2022-07-29,0.47272727272727266,1008.4545454545455,483.43999999999994,12.259090909090908,8.845454545454546,79.86363636363636,262.1363636363636,8.327272727272726,2.5863636363636364,10.5,16.4
2022-07-30,0.0,1013.75,1184.6636363636364,11.737499999999999,8.5375,82.0,234.5,3.1958333333333333,1.0291666666666666,9.4,15.4
2022-07-31,0.0,1012.9434782608696,1124.5454545454545,13.073913043478262,9.860869565217392,82.43478260869566,163.69565217391303,2.821739130434783,1.0,8.5,19.7
2022-08-01,0.008333333333333333,1011.5499999999998,1008.3545454545455,13.708333333333334,11.641666666666667,88.04166666666667,136.25,2.404166666666667,0.7625000000000001,10.2,18.6
2022-08-02,0.016666666666666666,1012.6708333333332,429.54545454545456,14.004166666666668,11.975,87.79166666666667,108.45833333333333,3.641666666666667,1.1833333333333333,12.7,16.3
2022-08-03,0.041666666666666664,1009.4416666666666,1096.6818181818182,17.92916666666667,14.975,84.375,119.16666666666667,5.45,1.4875,13.9,24.1
2022-08-04,0.3833333333333333,1001.7333333333332,749.6272727272727,18.504166666666666,15.854166666666666,85.58333333333333,225.875,5.466666666666666,1.5708333333333335,16.3,23.9
2022-08-05,0.425,1009.5083333333333,804.0454545454545,14.379166666666668,11.329166666666667,82.875,237.70833333333334,6.491666666666667,1.8708333333333333,13.3,15.9
2022-08-06,0.0,1014.7624999999999,1083.4,11.300000000000002,7.858333333333334,80.70833333333333,117.70833333333333,4.254166666666666,1.3541666666666667,7.3,15.5
2022-08-07,0.0,1011.7541666666666,376.7818181818182,14.041666666666666,11.2875,83.54166666666667,121.5,6.2,1.8166666666666667,12.6,16.1
2022-08-08,0.125,1014.7083333333334,532.5636363636364,14.299999999999999,12.762500000000001,90.66666666666667,137.58333333333334,7.8625,2.4916666666666667,13.6,16.0
2022-08-09,0.6583333333333333,1017.7166666666666,291.8818181818182,13.325000000000001,12.341666666666669,93.79166666666667,133.75,7.175000000000001,2.1750000000000003,12.4,13.9
2022-08-10,0.4333333333333333,1017.475,1124.4,13.554166666666665,10.716666666666667,84.16666666666667,146.58333333333334,6.0375000000000005,1.6291666666666667,11.4,16.9
2022-08-11,0.025000000000000005,1018.9333333333334,824.3916666666668,13.791666666666666,11.550000000000002,87.41666666666667,167.75,3.120833333333333,1.0583333333333333,11.3,18.6
2022-08-12,0.0,1016.5916666666667,1315.1636363636362,15.912500000000001,11.362499999999999,77.0,91.66666666666667,3.5833333333333335,1.1791666666666667,11.4,22.3
2022-08-13,0.0,1014.35,754.7090909090908,16.895833333333332,11.804166666666669,72.95833333333333,157.41666666666666,2.966666666666667,0.9666666666666668,13.1,20.5
2022-08-14,0.0,1011.0958333333333,1161.290909090909,17.766666666666666,13.424999999999999,78.41666666666667,79.08333333333333,2.3375,0.7958333333333334,11.9,24.8
2022-08-15,0.9583333333333334,1000.3958333333334,273.54545454545456,18.037499999999998,16.462500000000002,90.66666666666667,108.75,5.166666666666667,1.4708333333333332,17.6,19.1
2022-08-16,0.4333333333333333,1004.6875,372.04285714285714,15.208333333333334,12.741666666666667,85.45833333333333,147.375,4.708333333333333,1.2583333333333335,13.3,17.1
2022-08-17,0.0,1003.8833333333332,1306.6916666666666,16.483333333333334,13.283333333333333,82.875,113.29166666666667,3.1166666666666667,0.9,12.2,24.2
2022-08-18,0.27499999999999997,1006.6999999999999,382.5583333333334,13.741666666666667,10.370833333333334,80.875,203.0,6.483333333333333,1.8625,10.5,18.8
2022-08-19,0.0,1024.1541666666665,1542.2181818181818,9.466666666666667,2.8791666666666664,64.375,259.625,4.770833333333333,1.5458333333333334,5.8,13.2
2022-08-20,0.0,1025.3958333333333,1586.6272727272728,10.583333333333334,4.683333333333334,68.29166666666667,97.79166666666667,3.4916666666666667,1.3041666666666667,5.2,16.6
2022-08-21,0.0,1021.5500000000001,1559.4818181818182,12.683333333333332,7.866666666666667,75.41666666666667,148.5,3.1291666666666664,0.9458333333333334,7.3,19.5
2022-08-22,0.0,1019.6541666666667,1028.2916666666667,13.254166666666668,10.3375,83.25,151.125,3.283333333333333,1.1125,9.7,17.2
2022-08-23,0.0,1017.5124999999999,1434.0666666666666,16.3875,12.016666666666666,78.08333333333333,117.25,3.3625000000000003,1.0291666666666668,12.4,23.3
2022-08-24,0.0,1014.7375000000001,1311.8416666666667,18.162499999999998,12.970833333333333,74.70833333333333,165.33333333333334,2.4125,0.9249999999999999,12.1,25.3
2022-08-25,0.0,1013.2833333333333,1372.2666666666667,20.6625,13.945833333333335,67.875,152.83333333333334,3.095833333333333,1.0291666666666666,14.3,28.0
2022-08-26,0.0,1012.1958333333332,1299.825,21.037499999999998,14.895833333333334,69.58333333333333,171.58333333333334,3.0666666666666664,1.075,16.3,27.2
2022-08-27,0.0,1006.5833333333334,1459.7,22.662499999999994,13.8125,60.958333333333336,192.41666666666666,4.3500000000000005,1.5333333333333332,16.2,31.3
2022-08-28,0.5333333333333333,1017.9250000000001,464.54615384615386,13.225,7.779166666666666,70.45833333333333,166.5,7.95,1.9208333333333332,10.7,21.5
2022-08-29,0.0,1027.0791666666667,877.2166666666667,10.5,4.120833333333333,65.125,188.08333333333334,5.129166666666666,1.5374999999999999,8.3,13.3
2022-08-30,0.0,1023.5875,1474.0166666666667,12.362499999999999,8.441666666666668,78.83333333333333,101.54166666666667,4.575,1.5374999999999999,7.3,19.1
2022-08-31,0.0,1016.725,1543.6166666666668,15.85,8.995833333333332,66.54166666666667,122.21739130434783,3.4826086956521736,1.0043478260869565,10.7,22.0
2022-09-01,0.0,1008.6208333333334,1493.4416666666668,18.345833333333335,11.945833333333335,69.70833333333333,88.70833333333333,3.279166666666667,1.1083333333333334,11.8,26.7
2022-09-02,0.49166666666666664,1007.6750000000001,316.6583333333333,16.70416666666667,13.970833333333333,84.5,181.125,5.991666666666667,1.4791666666666667,15.8,19.3
2022-09-03,0.0,1018.8250000000002,1383.4461538461542,12.270833333333334,6.445833333333333,68.54166666666667,188.45833333333334,6.233333333333334,1.6624999999999999,9.3,14.6
2022-09-04,0.0,1021.3708333333334,1391.3461538461538,11.4125,7.479166666666667,78.45833333333333,150.875,3.3333333333333335,1.1166666666666667,6.8,17.2
2022-09-05,0.0,1019.5583333333334,1544.792307692308,14.733333333333334,10.183333333333332,76.83333333333333,122.625,4.625,1.5291666666666668,8.9,21.2
2022-09-06,0.008333333333333333,1016.9,494.7692307692308,17.125,13.554166666666669,79.91666666666667,100.91666666666667,3.7916666666666665,1.0583333333333333,14.9,21.1
2022-09-07,0.008333333333333333,1009.15,1098.246153846154,19.579166666666666,14.512500000000001,74.08333333333333,152.16666666666666,3.470833333333333,1.1875,16.2,24.5
2022-09-08,0.0,1004.1999999999999,1421.353846153846,20.224999999999998,14.4625,71.79166666666667,93.375,3.108333333333333,1.1208333333333333,14.2,26.6
2022-09-09,0.8083333333333332,999.9208333333332,773.7916666666666,22.366666666666664,17.8625,76.91666666666667,174.125,5.645833333333333,1.4666666666666668,14.8,27.6
2022-09-10,0.041666666666666664,1014.5541666666667,1551.0214285714285,12.608333333333334,6.458333333333333,67.91666666666667,233.20833333333334,8.316666666666668,2.2583333333333333,9.5,16.3
2022-09-11,0.0,1016.0416666666666,1621.7307692307693,12.362499999999999,7.633333333333333,75.0,116.16666666666667,3.508333333333333,1.2666666666666666,7.4,17.6
2022-09-12,0.0,1009.0416666666666,681.4384615384616,15.604166666666666,11.0625,75.04166666666667,123.125,4.470833333333332,1.325,11.7,20.5
2022-09-13,0.0,1008.0458333333335,1298.7615384615385,17.554166666666667,13.429166666666665,77.91666666666667,229.75,3.6291666666666664,1.1375,15.2,20.6
2022-09-14,0.008333333333333333,1013.775,1127.1692307692308,16.462500000000002,12.945833333333333,80.25,169.16666666666666,5.516666666666667,1.4916666666666665,14.7,19.5
2022-09-15,0.15,1017.3249999999999,629.6307692307693,16.620833333333334,13.775,84.29166666666667,141.08333333333334,5.529166666666666,1.6083333333333334,14.7,19.3
2022-09-16,0.008333333333333333,1018.8375,1537.546153846154,17.008333333333333,12.429166666666667,75.95833333333333,116.625,6.7749999999999995,2.275,13.8,21.1
2022-09-17,0.0,1017.7249999999999,1732.6999999999998,17.366666666666667,11.700000000000001,71.20833333333333,96.5,7.016666666666666,2.1333333333333333,13.2,22.4
2022-09-18,0.0,1012.1083333333332,1748.0,17.654166666666665,10.65,65.625,100.08333333333333,5.645833333333333,1.6500000000000004,12.7,23.1
2022-09-19,0.31666666666666665,1007.8375,355.5846153846154,17.058333333333334,13.708333333333334,81.08333333333333,175.95833333333334,3.975,1.2541666666666667,16.1,18.5
2022-09-20,0.5750000000000001,1008.2416666666667,1448.2769230769231,17.525000000000002,14.654166666666667,84.625,201.45833333333334,4.5249999999999995,1.3166666666666667,14.9,21.3
2022-09-21,0.016666666666666666,1008.2875,709.75,16.337500000000002,13.654166666666669,84.29166666666667,138.875,5.195833333333333,1.5041666666666667,14.8,18.1
2022-09-22,0.3333333333333333,1005.0749999999999,754.1923076923077,15.654166666666667,13.170833333333334,85.79166666666667,202.75,7.4875,2.125,12.3,18.4
2022-09-23,0.008333333333333333,1011.975,1731.6000000000001,13.129166666666665,6.566666666666666,66.54166666666667,254.33333333333334,8.575000000000001,2.6458333333333335,8.8,18.7
2022-09-24,0.0,1015.5541666666667,1899.0153846153846,14.054166666666667,7.295833333333333,67.125,183.66666666666666,4.233333333333333,1.3500000000000003,8.9,20.0
2022-09-25,0.0,1011.6916666666666,1242.0615384615385,16.616666666666667,12.433333333333332,77.70833333333333,123.79166666666667,5.4624999999999995,1.695833333333333,12.6,22.1
2022-09-26,0.0,1008.5791666666668,1399.1692307692306,19.683333333333334,14.870833333333332,75.04166666666667,193.41666666666666,3.016666666666666,1.0,16.0,23.5
2022-09-27,0.0,1011.4250000000001,1620.1538461538462,19.45416666666667,13.6,71.83333333333333,191.04166666666666,4.129166666666666,1.2541666666666667,15.8,24.4
2022-09-28,0.0,1018.4541666666668,1459.9846153846156,17.2,12.450000000000001,74.45833333333333,133.95833333333334,6.741666666666667,2.0333333333333337,14.8,20.3
2022-09-29,0.0,1019.0958333333334,1397.4538461538464,15.979166666666666,10.329166666666667,71.04166666666667,121.79166666666667,6.204166666666667,2.0749999999999997,12.5,19.4
2022-09-30,0.275,1015.4000000000001,793.8769230769232,16.9875,12.3375,75.20833333333333,100.54166666666667,5.395833333333333,1.695833333333333,14.9,21.1
2022-10-01,0.008333333333333333,1013.3541666666666,1105.5076923076922,17.258333333333333,14.670833333333334,85.66666666666667,217.20833333333334,3.5625,1.0250000000000001,15.1,20.5
2022-10-02,0.008333333333333333,1015.0625,1044.876923076923,16.67916666666667,13.5375,82.16666666666667,212.0,3.525,1.1208333333333333,14.6,19.9
2022-10-03,0.0,1013.2791666666667,1227.0857142857144,16.191666666666666,12.6625,81.04166666666667,158.79166666666666,4.020833333333333,1.2375,13.7,19.2
2022-10-04,0.0,1011.1458333333334,1549.9615384615386,15.050000000000002,9.808333333333334,72.45833333333333,157.33333333333334,3.658333333333333,1.2,10.9,19.9
2022-10-05,0.0,1009.0791666666668,1981.8153846153846,17.383333333333333,11.141666666666667,70.20833333333333,114.75,6.3125,2.095833333333333,12.9,23.7
2022-10-06,0.5083333333333333,1001.725,520.8,18.337500000000002,16.224999999999998,87.625,110.25,3.975,1.1624999999999999,16.9,20.7
2022-10-07,0.20833333333333334,1000.6999999999999,1396.857142857143,19.224999999999998,14.1875,75.125,246.66666666666666,7.3625,2.329166666666667,16.2,22.6
2022-10-08,0.0,1003.6791666666667,1960.0076923076922,19.991666666666667,11.858333333333334,62.708333333333336,222.29166666666666,4.2749999999999995,1.4375,12.8,26.5
2022-10-09,0.008333333333333333,1011.5666666666667,735.8384615384616,14.520833333333334,7.966666666666666,65.20833333333333,191.625,5.416666666666667,1.5333333333333332,12.8,19.9
2022-10-10,0.03333333333333333,1017.6458333333334,617.9923076923077,13.233333333333334,7.258333333333333,68.0,120.58333333333333,5.954166666666667,1.9875,10.3,16.0
2022-10-11,0.32499999999999996,1010.625,309.34375,16.191666666666666,14.9125,92.29166666666667,148.5,4.808333333333333,1.4666666666666668,13.2,19.3
2022-10-12,0.13333333333333333,1009.225,819.8,17.474999999999998,15.612499999999999,89.33333333333333,190.79166666666666,3.3375,1.0083333333333333,15.9,20.9
2022-10-13,0.0,1010.3625000000001,1708.3428571428574,19.033333333333335,14.795833333333334,79.04166666666667,176.0,3.766666666666667,1.1624999999999999,15.1,25.3
2022-10-14,0.0,1019.6708333333332,726.3714285714285,17.0125,12.104166666666666,73.25,141.625,8.862499999999999,2.6333333333333333,15.5,19.9
2022-10-15,0.0,1020.4304347826086,1138.7384615384615,17.41304347826087,12.565217391304348,73.3913043478261,120.73913043478261,8.934782608695652,2.973913043478261,15.1,20.1
2022-10-16,0.06666666666666667,1012.2875,1388.2538461538463,19.766666666666666,16.162499999999998,80.41666666666667,161.58333333333334,5.304166666666666,1.5291666666666668,17.1,24.0
2022-10-17,0.0,1012.3681818181817,1618.1666666666667,18.913636363636364,14.436363636363637,76.54545454545455,186.42857142857142,4.26,1.4571428571428573,16.1,22.9
2022-10-18,0.0,1014.9416666666666,702.3714285714286,19.2,16.224999999999998,83.08333333333333,114.20833333333333,8.645833333333334,2.5,17.5,20.8
2022-10-19,0.0,1011.2833333333334,1098.2499999999998,20.462500000000002,16.954166666666666,81.20833333333333,122.33333333333333,5.8999999999999995,1.8791666666666664,17.8,24.3
2022-10-20,0.0,1004.9916666666667,885.2571428571429,19.929166666666667,17.058333333333334,83.95833333333333,121.58333333333333,5.195833333333334,1.5416666666666667,17.2,23.5
2022-10-21,0.025000000000000005,1000.2916666666666,1542.5714285714287,21.67083333333333,17.920833333333334,80.95833333333333,209.70833333333334,5.791666666666667,1.6458333333333333,18.0,26.7
2022-10-22,0.024999999999999998,1009.0833333333334,1455.1928571428568,19.833333333333332,14.762500000000001,74.5,148.83333333333334,4.45,1.2291666666666667,17.2,23.7
2022-10-23,0.0,1011.3250000000002,1749.2428571428572,18.920833333333334,14.341666666666667,76.54166666666667,175.41666666666666,4.8875,1.5083333333333335,15.8,23.6
2022-10-24,0.0,1013.2333333333332,1191.0142857142855,18.8,13.987499999999999,74.875,178.25,4.0625,1.3291666666666666,15.2,22.5
2022-10-25,0.0,1010.7416666666668,2006.542857142857,20.054166666666664,14.358333333333334,72.125,109.375,5.920833333333333,1.8333333333333333,15.1,25.7
2022-10-26,0.375,1003.125,1543.9066666666665,23.441666666666666,16.3625,67.91666666666667,121.54166666666667,5.291666666666667,1.5583333333333333,17.3,32.8
2022-10-27,0.08333333333333333,1002.9083333333333,1975.542857142857,23.204166666666666,15.566666666666668,65.66666666666667,269.4166666666667,7.320833333333333,2.1708333333333334,19.3,27.4
2022-10-28,0.0,1005.5291666666667,2051.1142857142854,23.054166666666664,12.170833333333334,53.083333333333336,222.25,3.6166666666666667,1.0875000000000001,16.8,29.2
2022-10-29,0.0,1001.0916666666667,1624.9142857142854,24.487499999999997,17.15416666666667,65.75,225.5,4.95,1.7750000000000001,17.9,30.0
2022-10-30,0.0,995.9916666666667,1470.4642857142858,26.916666666666668,17.258333333333336,56.541666666666664,249.79166666666666,6.2625,2.1875,21.4,32.3
2022-10-31,2.1999999999999997,1007.7374999999998,179.37857142857143,16.091666666666665,14.820833333333333,92.33333333333333,173.70833333333334,8.895833333333334,2.225,12.3,22.6
2022-11-01,0.0,1021.1625,1597.8529411764705,13.958333333333334,6.479166666666667,62.291666666666664,193.0,7.354166666666667,2.0083333333333333,10.3,17.9
2022-11-02,0.0,1024.0249999999999,2150.157142857143,15.120833333333332,7.3,62.416666666666664,203.95833333333334,4.2375,1.2708333333333333,10.7,20.5
2022-11-03,0.0,1021.0916666666667,2156.671428571429,16.170833333333334,7.550000000000001,62.291666666666664,157.95833333333334,3.8708333333333336,1.2333333333333334,9.8,22.5
2022-11-04,0.0,1018.4458333333333,1475.9214285714286,17.645833333333332,10.954166666666666,67.04166666666667,122.41666666666667,5.266666666666667,1.7124999999999997,14.2,20.5
2022-11-05,0.008333333333333333,1016.525,1691.0071428571428,18.333333333333332,12.5,70.75,112.41666666666667,6.154166666666666,2.1083333333333334,14.7,22.1
2022-11-06,0.03333333333333333,1017.5625,1558.3785714285714,18.5125,12.791666666666666,70.54166666666667,119.5,7.145833333333333,2.3375,15.0,21.8
2022-11-07,0.4000000000000001,1017.3125,1058.7857142857142,16.879166666666666,13.612500000000002,81.83333333333333,118.75,6.1375,1.7958333333333334,14.7,19.8
2022-11-08,0.034782608695652174,1014.6739130434783,975.7769230769229,16.565217391304348,13.943478260869565,85.30434782608695,121.34782608695652,4.239130434782608,1.4434782608695653,14.3,19.2
2022-11-09,0.049999999999999996,1011.8624999999998,1131.4214285714286,17.583333333333332,14.15,81.66666666666667,156.45833333333334,4.0125,1.2541666666666667,14.0,21.9
2022-11-10,0.0,1010.0478260869564,1823.7642857142855,19.656521739130437,14.656521739130437,75.17391304347827,114.34782608695652,4.452173913043478,1.4434782608695653,14.2,25.4
2022-11-11,0.0,1008.3249999999999,1160.5499999999997,20.675,16.429166666666667,77.66666666666667,129.25,5.512499999999999,1.6541666666666668,17.4,25.1
2022-11-12,0.0,1005.8291666666668,1559.357142857143,23.408333333333335,18.09583333333333,74.25,128.54166666666666,4.404166666666667,1.2708333333333333,19.4,29.1
2022-11-13,0.15,1001.8916666666665,532.5357142857143,22.766666666666666,19.783333333333335,83.625,118.45833333333333,3.929166666666667,1.125,21.2,26.0
2022-11-14,0.6083333333333334,999.3833333333333,1383.8857142857144,23.1125,18.32916666666667,77.125,224.70833333333334,6.875,1.8958333333333333,20.3,28.1
2022-11-15,0.0,1005.9043478260871,2157.421428571429,22.778260869565212,12.069565217391306,53.69565217391305,283.1304347826087,8.191304347826087,2.3304347826086955,17.9,27.7
2022-11-16,0.0,1011.125,2157.6214285714286,23.395833333333332,11.491666666666665,51.583333333333336,169.375,3.529166666666667,1.0708333333333333,16.7,29.0
2022-11-17,0.0,1012.3666666666667,2038.792857142857,22.829166666666666,11.329166666666666,50.291666666666664,153.83333333333334,3.85,1.1708333333333334,17.2,28.7
2022-11-18,0.0,1011.25,2142.4,22.9875,15.433333333333332,65.54166666666667,110.125,5.2375,1.6333333333333335,17.2,29.8
2022-11-19,0.0,1008.65,2125.335714285714,23.837500000000002,15.25,62.0,108.29166666666667,5.545833333333334,1.7208333333333332,18.6,30.6
2022-11-20,0.0,1006.2166666666667,2022.7285714285713,24.679166666666664,16.483333333333334,62.5,122.70833333333333,4.795833333333333,1.4791666666666667,19.7,31.3
2022-11-21,0.0,1004.5681818181819,1105.5785714285714,24.986363636363638,18.586363636363636,69.0909090909091,219.4090909090909,4.427272727272728,1.5909090909090908,21.0,28.8
2022-11-22,0.8583333333333334,1005.4000000000001,484.59999999999997,21.3,18.89166666666667,87.04166666666667,196.16666666666666,3.9708333333333337,1.0666666666666667,19.4,25.9
2022-11-23,0.0,1007.047619047619,1551.392857142857,21.847619047619045,16.73333333333333,74.0952380952381,138.66666666666666,4.080952380952381,1.119047619047619,18.9,24.7
2022-11-24,0.0,1008.7083333333334,2123.8076923076924,21.791666666666668,15.466666666666669,69.70833333333333,116.54166666666667,4.5875,1.4333333333333333,17.1,27.0
2022-11-25,0.0,1012.0375,2211.4357142857143,21.854166666666668,14.4125,65.41666666666667,123.29166666666667,5.0249999999999995,1.75,16.6,27.4
2022-11-26,0.008695652173913044,1013.2347826086957,1656.1571428571426,22.786956521739132,17.821739130434782,74.56521739130434,118.6086956521739,6.71304347826087,2.0478260869565217,18.5,27.4
2022-11-27,0.0,1012.8291666666665,1959.5733333333335,23.958333333333332,19.045833333333334,75.04166666666667,113.29166666666667,9.975,3.1124999999999994,21.4,27.3
2022-11-28,0.024999999999999998,1009.7833333333334,1606.8533333333332,22.787499999999998,18.166666666666668,76.08333333333333,106.58333333333333,8.666666666666666,2.65,20.3,26.5
2022-11-29,0.0,1004.8416666666667,1735.7799999999997,23.34583333333333,18.654166666666665,75.75,111.95833333333333,8.674999999999999,2.5875,19.8,26.4
2022-11-30,0.0,1001.3916666666668,1774.74,24.2625,19.150000000000002,74.375,110.29166666666667,7.779166666666666,2.2458333333333336,20.5,28.3
2022-12-01,0.016666666666666666,999.7333333333332,1435.4466666666667,25.849999999999998,20.533333333333335,74.125,118.54166666666667,6.066666666666667,1.6666666666666667,22.2,30.2
2022-12-02,0.0,1002.4416666666666,2120.342857142857,27.09583333333333,20.991666666666667,71.20833333333333,188.29166666666666,4.745833333333334,1.5583333333333333,23.1,32.1
2022-12-03,0.09166666666666667,1004.7458333333334,1435.5200000000002,25.537499999999998,21.84166666666667,80.95833333333333,157.375,4.625,1.2583333333333335,22.9,28.3
2022-12-04,0.22727272727272727,1002.9045454545455,907.4857142857143,25.15909090909091,22.154545454545453,84.22727272727273,128.36363636363637,4.4,1.1409090909090909,23.2,27.7
2022-12-05,0.008333333333333333,1005.7708333333334,1273.2266666666667,24.74166666666667,21.120833333333334,81.25,126.75,5.408333333333334,1.5,22.7,28.0
2022-12-06,0.0,1007.5749999999999,1373.5466666666666,24.225000000000005,20.083333333333332,78.54166666666667,125.75,5.658333333333334,1.75,20.4,27.9
2022-12-07,0.0,1006.9583333333334,1894.6714285714284,24.599999999999994,18.2625,69.375,123.95833333333333,4.904166666666667,1.6041666666666667,20.8,30.1
2022-12-08,0.0,1002.0875,2007.4733333333331,25.837500000000002,17.970833333333335,65.25,158.70833333333334,5.333333333333333,1.679166666666667,19.1,34.5
2022-12-09,0.0,1002.0521739130435,2096.6666666666665,26.426086956521736,18.991304347826087,67.6086956521739,121.17391304347827,4.71304347826087,1.5782608695652172,20.6,33.4
2022-12-10,0.0,1002.6916666666666,1714.686666666667,26.099999999999998,21.120833333333334,75.83333333333333,143.0,4.670833333333333,1.3625,21.1,31.5
2022-12-11,0.0,1003.15,1795.5466666666664,27.108333333333334,21.120833333333334,71.375,133.29166666666666,5.245833333333334,1.6416666666666666,23.5,32.8
2022-12-12,0.7999999999999999,997.3458333333333,1675.9466666666665,25.25,20.670833333333334,78.20833333333333,170.29166666666666,6.029166666666666,1.7708333333333333,18.7,34.3
2022-12-13,0.10000000000000002,1004.0416666666666,2024.7733333333333,21.25,14.554166666666665,68.25,199.875,5.2,1.4416666666666664,17.8,24.5
2022-12-14,0.0,1007.1916666666666,2126.08,22.195833333333336,13.020833333333334,59.75,98.58333333333333,4.366666666666666,1.3499999999999999,15.9,28.6
2022-12-15,0.0,1004.6708333333335,1824.5066666666667,24.15833333333333,16.091666666666665,62.0,181.95833333333334,5.520833333333333,1.7375,18.8,31.0
2022-12-16,0.0,1005.5041666666666,1809.9066666666665,22.970833333333335,15.845833333333331,65.375,174.5,7.483333333333333,2.0,20.4,24.4
2022-12-17,0.0,1006.3833333333333,1856.46,21.475000000000005,13.487500000000002,61.75,116.70833333333333,6.579166666666666,2.004166666666667,16.7,25.5
2022-12-18,0.0,1008.6043478260871,690.2933333333334,21.169565217391302,16.13478260869565,73.08695652173913,109.73913043478261,8.191304347826087,2.347826086956522,19.8,22.9
2022-12-19,0.3083333333333333,1010.0625,1320.88,20.270833333333332,17.016666666666666,82.125,105.58333333333333,9.887500000000001,3.016666666666667,18.0,23.5
2022-12-20,0.0,1008.9958333333334,1592.2733333333335,22.854166666666668,17.42083333333333,72.41666666666667,115.25,7.9750000000000005,2.375,19.2,26.6
2022-12-21,0.0,1010.0833333333334,1929.0200000000002,23.2,16.808333333333334,69.16666666666667,115.08333333333333,7.729166666666667,2.404166666666667,19.2,27.7
2022-12-22,0.0,1009.6,1827.1066666666666,23.09166666666667,16.070833333333333,66.5,106.0,7.620833333333334,2.3874999999999997,19.2,27.6
2022-12-23,0.0,1006.9083333333332,2097.94,24.266666666666666,16.304166666666664,63.416666666666664,124.79166666666667,5.4875,1.7166666666666668,19.2,31.1
2022-12-24,0.0,1005.8249999999999,2000.3214285714287,25.820833333333336,16.191666666666666,59.416666666666664,179.91666666666666,5.129166666666666,1.6624999999999999,19.3,33.5
2022-12-25,0.0,1007.1333333333332,1648.4133333333332,24.60833333333333,18.78333333333333,70.58333333333333,150.45833333333334,5.329166666666667,1.5041666666666667,21.1,28.8
2022-12-26,0.0,1008.0166666666668,506.93333333333334,22.295833333333334,18.170833333333334,77.875,168.41666666666666,5.6499999999999995,1.4583333333333333,21.2,23.1
2022-12-27,0.0,1007.2708333333334,1590.6733333333332,22.929166666666664,14.608333333333334,61.0,114.58333333333333,5.066666666666667,1.620833333333333,19.0,27.1
2022-12-28,1.1166666666666667,1003.6208333333333,1410.34,21.525000000000002,16.833333333333332,77.16666666666667,174.25,5.8374999999999995,1.5458333333333334,18.8,26.4
2022-12-29,0.0,1006.4083333333333,1894.8866666666668,23.266666666666666,15.1875,62.166666666666664,192.41666666666666,4.904166666666668,1.379166666666667,19.7,27.3
2022-12-30,0.0,1008.6208333333333,2123.96,23.912499999999998,13.583333333333334,55.708333333333336,172.16666666666666,4.358333333333333,1.3833333333333335,17.3,31.7
2022-12-31,0.0,1006.9043478260869,2104.7533333333336,27.41304347826087,17.069565217391304,57.391304347826086,166.43478260869566,4.143478260869564,1.4782608695652173,20.1,35.3
2023-01-01,0.0,1005.375,1932.0066666666667,28.145833333333332,18.250000000000004,58.041666666666664,127.5,5.183333333333334,1.5250000000000001,21.1,35.2
2023-01-02,0.4166666666666667,1001.0541666666667,1289.2200000000003,27.962499999999995,21.099999999999998,67.25,229.375,4.833333333333333,1.5250000000000001,24.7,32.5
2023-01-03,0.008333333333333333,1002.1833333333334,1791.93125,25.0625,19.0625,71.0,167.6086956521739,5.569565217391304,1.4739130434782608,21.9,28.4
2023-01-04,0.0,1004.9208333333332,1969.0733333333335,24.899999999999995,16.4375,63.833333333333336,128.625,4.425,1.4000000000000001,20.2,30.8
2023-01-05,0.0,1008.125,2050.0933333333332,25.129166666666663,15.708333333333334,60.416666666666664,139.45833333333334,5.3999999999999995,1.5833333333333333,19.6,31.1
2023-01-06,0.0,1012.5208333333334,2080.1933333333336,24.275000000000002,16.650000000000002,64.54166666666667,108.58333333333333,7.129166666666666,2.158333333333333,19.8,28.7
2023-01-07,0.0,1015.2583333333333,1707.1599999999999,23.8625,16.516666666666666,65.0,116.375,7.204166666666666,2.275,19.2,27.8
2023-01-08,0.0,1013.4625,1850.32,24.03333333333333,16.995833333333334,66.33333333333333,109.41666666666667,6.8500000000000005,2.1333333333333333,20.1,28.0
2023-01-09,0.0,1009.5043478260869,1630.6133333333337,24.269565217391307,17.469565217391306,67.69565217391305,130.65217391304347,6.3304347826086955,1.965217391304348,19.9,29.2
2023-01-10,0.024999999999999998,1006.9500000000002,1155.3133333333333,24.591666666666665,18.462500000000002,70.375,147.54166666666666,4.433333333333334,1.3791666666666664,20.2,29.8
2023-01-11,0.008333333333333333,1005.125,2085.233333333333,25.724999999999998,17.0625,63.708333333333336,204.375,3.8416666666666663,1.2208333333333332,19.5,34.0
2023-01-12,0.0,1001.4499999999999,1949.486666666667,28.318181818181817,17.740909090909092,55.09090909090909,178.5,4.945454545454546,1.55,21.6,35.5
2023-01-13,0.6083333333333333,1000.4625000000001,1318.7066666666665,26.929166666666664,20.208333333333332,67.95833333333333,171.375,3.7916666666666665,1.1083333333333334,24.1,31.3
2023-01-14,0.0,1003.1125000000001,1301.5266666666669,24.791666666666668,19.970833333333335,75.625,236.79166666666666,5.429166666666667,1.7208333333333332,22.4,27.2
2023-01-15,0.0,1008.1,722.5200000000001,24.02916666666667,20.05,78.625,126.70833333333333,5.791666666666667,1.8208333333333335,22.5,25.6
2023-01-16,0.0,1008.3583333333332,1525.5266666666669,26.208333333333332,20.616666666666667,72.45833333333333,122.41666666666667,5.495833333333334,1.7208333333333334,21.8,30.7
2023-01-17,0.0,1009.5304347826087,1650.3466666666666,26.02173913043478,20.469565217391306,72.26086956521739,113.6086956521739,6.97391304347826,2.28695652173913,22.3,29.4
2023-01-18,0.008695652173913044,1012.308695652174,633.1800000000001,24.05652173913043,21.043478260869566,83.3913043478261,125.43478260869566,7.2565217391304335,2.347826086956522,22.5,25.4
2023-01-19,0.0,1011.013043478261,1489.5533333333335,25.747826086956525,21.617391304347827,78.65217391304348,120.30434782608695,7.430434782608696,2.4434782608695653,23.4,28.3
2023-01-20,0.0,1006.0291666666667,1548.9399999999998,26.51666666666667,20.787499999999998,72.875,110.79166666666667,6.345833333333334,1.9041666666666668,22.5,30.7
2023-01-21,0.40833333333333327,1000.7791666666666,1445.7466666666664,26.391666666666666,21.0,75.20833333333333,161.54166666666666,5.25,1.3875,22.3,34.6
2023-01-22,0.0,999.7304347826087,1938.935714285714,26.62173913043478,21.37391304347826,74.65217391304348,224.47826086956522,4.6,1.4217391304347828,22.5,32.1
2023-01-23,0.0,1002.6999999999999,1582.9866666666667,27.04583333333333,19.412499999999998,65.75,148.04166666666666,3.9,1.0875000000000001,22.7,33.6
2023-01-24,0.0,1002.6250000000001,2000.3600000000001,27.179166666666664,20.3,69.33333333333333,174.16666666666666,4.5874999999999995,1.5583333333333336,21.8,33.3
2023-01-25,0.0,1003.8666666666667,1807.32,28.09166666666667,21.6875,70.95833333333333,147.29166666666666,5.291666666666667,1.6958333333333335,23.1,34.3
2023-01-26,0.21666666666666667,1004.5291666666666,1885.3153846153846,28.09583333333333,21.399999999999995,70.95833333333333,137.79166666666666,5.770833333333333,1.7166666666666668,22.8,35.5
2023-01-27,0.06956521739130435,1004.5130434782608,1908.4933333333333,27.44347826086957,19.682608695652174,66.95652173913044,167.8695652173913,4.156521739130435,1.3478260869565217,22.1,35.0
2023-01-28,0.45,1004.8416666666667,1718.9785714285715,27.92083333333333,20.920833333333334,68.66666666666667,162.54166666666666,4.383333333333333,1.2,22.2,35.6
2023-01-29,0.0,1006.0208333333334,1670.6466666666668,26.0,21.666666666666668,78.54166666666667,192.79166666666666,4.879166666666666,1.3416666666666668,22.3,29.5
2023-01-30,0.0,1003.3708333333333,1890.2333333333333,26.5625,20.775000000000002,72.33333333333333,131.08333333333334,3.8708333333333336,1.2541666666666667,22.1,31.3
2023-01-31,0.0,1001.8954545454545,1870.4533333333336,27.722727272727273,20.14090909090909,65.5909090909091,153.3181818181818,3.977272727272727,1.2545454545454546,22.4,33.6
2023-02-01,0.0,1004.5750000000002,1679.7066666666667,27.912499999999994,21.3625,69.125,120.625,4.029166666666667,1.3875000000000002,23.5,32.9
2023-02-02,0.0,1005.5875,1708.1714285714286,27.183333333333334,21.679166666666664,73.625,112.25,5.670833333333333,1.875,23.3,31.4
2023-02-03,0.225,1002.2583333333333,980.9714285714284,25.675,22.3125,82.125,140.79166666666666,4.858333333333333,1.4666666666666668,24.5,28.1
2023-02-04,0.3416666666666666,1003.7041666666668,1196.65,24.2375,20.070833333333336,78.70833333333333,245.83333333333334,5.754166666666667,1.7958333333333334,22.2,27.0
2023-02-05,0.0,1005.2583333333333,1735.45,23.729166666666668,17.508333333333336,69.79166666666667,236.04166666666666,5.629166666666667,1.7250000000000003,20.1,27.3
2023-02-06,0.0,1006.0791666666665,1735.392857142857,26.308333333333334,17.933333333333334,63.625,161.20833333333334,3.470833333333333,1.0166666666666666,21.8,30.8
2023-02-07,0.0,1006.9739130434783,1678.5785714285714,26.721739130434784,15.830434782608695,52.869565217391305,101.56521739130434,4.452173913043478,1.4217391304347828,21.4,33.0
2023-02-08,0.0,1006.0166666666665,2053.4357142857143,27.2375,19.599999999999998,66.29166666666667,150.25,4.645833333333333,1.4833333333333334,21.6,34.3
2023-02-09,0.008333333333333333,1005.6291666666666,1361.2000000000003,26.737499999999997,21.045833333333334,72.375,188.95833333333334,5.2250000000000005,1.55,24.0,30.7
2023-02-10,0.0,1006.0583333333334,1793.3071428571425,27.883333333333336,20.058333333333334,65.08333333333333,121.625,4.441666666666666,1.3916666666666666,22.8,33.9
2023-02-11,0.0,1006.65,2089.9285714285716,27.075000000000003,18.695833333333333,64.79166666666667,156.70833333333334,4.804166666666667,1.5499999999999998,20.4,33.7
2023-02-12,0.0,1005.2045454545455,2074.9142857142856,27.35909090909091,17.686363636363634,62.09090909090909,166.0909090909091,4.163636363636364,1.3636363636363635,21.0,34.7
2023-02-13,0.0,1002.5478260869564,2039.7857142857142,29.334782608695654,19.18695652173913,59.0,172.2608695652174,4.821739130434783,1.5391304347826087,22.9,37.6
2023-02-14,1.8,1000.4521739130436,1564.146153846154,28.508695652173916,20.847826086956523,65.69565217391305,159.6086956521739,6.443478260869565,1.7826086956521738,22.4,34.8
2023-02-15,1.0666666666666667,1000.25,736.86,23.733333333333334,20.787499999999998,84.04166666666667,197.33333333333334,4.291666666666667,1.133333333333333,21.5,25.8
2023-02-16,0.0,997.3041666666668,1879.353846153846,25.29583333333333,20.900000000000002,78.83333333333333,114.16666666666667,4.0,1.2458333333333333,21.6,30.7
2023-02-17,0.2833333333333334,998.0666666666666,1088.1923076923076,22.708333333333332,18.25,77.16666666666667,234.29166666666666,7.183333333333333,2.0124999999999997,21.0,24.8
2023-02-18,0.0,1012.9739130434782,2250.223076923077,18.05217391304348,7.656521739130435,51.56521739130435,251.47826086956522,6.07391304347826,1.9956521739130435,14.1,22.0
2023-02-19,0.0,1016.0791666666668,2195.6615384615384,19.47083333333333,10.041666666666666,56.291666666666664,100.625,5.179166666666666,1.6499999999999997,12.8,25.5
2023-02-20,0.5583333333333332,1011.6125000000001,392.7357142857143,20.433333333333334,17.025000000000002,81.41666666666667,100.75,4.05,1.0999999999999999,19.0,24.3
2023-02-21,0.225,1009.3791666666666,1495.0285714285715,22.308333333333334,18.858333333333334,82.54166666666667,169.58333333333334,3.9124999999999996,1.0958333333333334,19.9,27.1
2023-02-22,0.0,1011.6083333333332,1740.4769230769232,23.14166666666667,18.416666666666668,76.25,124.83333333333333,4.375,1.4874999999999998,19.4,27.1
2023-02-23,0.0,1009.6958333333332,1258.1307692307694,24.391666666666666,19.087500000000002,73.58333333333333,158.20833333333334,4.8875,1.5041666666666667,20.7,28.5
2023-02-24,0.03333333333333333,1005.6541666666667,675.9384615384616,23.09166666666667,20.079166666666666,83.625,157.83333333333334,3.491666666666667,1.05,21.6,25.8
2023-02-25,0.3833333333333333,1002.2374999999998,725.657142857143,21.8,19.858333333333334,89.0,266.2083333333333,4.745833333333334,1.375,20.8,24.5
2023-02-26,0.0,1006.1750000000001,1055.823076923077,22.22083333333333,18.575,82.0,210.83333333333334,2.245833333333333,0.7333333333333334,18.6,29.3
2023-02-27,0.0,1012.4583333333334,1651.0615384615385,24.704166666666666,20.130434782608695,78.21739130434783,130.625,3.625,1.1166666666666665,21.1,30.0
2023-02-28,0.0,1012.4833333333332,1819.0461538461536,25.537499999999994,18.1875,67.75,162.20833333333334,3.670833333333333,1.1083333333333334,19.8,31.9
2023-03-01,0.0,1008.3458333333333,1822.5846153846153,26.149999999999995,19.775000000000002,69.54166666666667,125.75,4.629166666666666,1.3958333333333333,21.9,31.5
2023-03-02,0.0,1005.7333333333332,1395.7153846153847,25.900000000000002,20.529166666666665,73.66666666666667,204.33333333333334,3.6458333333333335,1.2249999999999999,21.6,30.9
2023-03-03,0.008695652173913044,1005.3826086956522,591.5500000000001,25.04782608695652,20.969565217391306,78.43478260869566,162.65217391304347,2.460869565217391,0.8043478260869565,22.8,27.6
2023-03-04,0.39999999999999997,1003.6375000000002,1115.3076923076924,24.662499999999998,22.204166666666666,87.04166666666667,190.70833333333334,4.070833333333333,1.0291666666666666,22.5,28.9
2023-03-05,0.17500000000000002,1005.2374999999998,1170.1857142857143,24.045833333333334,20.966666666666665,83.5,191.375,5.520833333333333,1.429166666666667,21.7,26.2
2023-03-06,0.3,1004.6916666666666,624.4461538461538,23.608333333333334,20.979166666666668,85.45833333333333,144.20833333333334,6.016666666666667,1.7041666666666666,22.4,25.7
2023-03-07,0.20833333333333334,1001.5083333333333,933.3733333333333,24.299999999999997,21.854166666666668,86.79166666666667,166.54166666666666,4.604166666666667,1.3958333333333333,21.8,26.9
2023-03-08,0.0,1003.182608695652,1828.4250000000002,26.434782608695652,21.5,75.95652173913044,218.30434782608697,3.9782608695652173,1.1434782608695653,22.2,31.7
2023-03-09,0.13333333333333333,1007.0,1444.1076923076923,26.462500000000002,21.591666666666665,75.45833333333333,199.83333333333334,3.516666666666666,1.2125000000000001,23.3,31.9
2023-03-10,0.0,1008.4958333333334,1256.1769230769232,26.575,22.370833333333334,79.04166666666667,117.20833333333333,4.966666666666667,1.5083333333333335,23.6,30.8
2023-03-11,0.0,1008.7739130434783,1641.0153846153846,26.734782608695657,22.217391304347824,77.65217391304348,135.65217391304347,4.560869565217391,1.4217391304347828,23.9,31.0
2023-03-12,0.0,1010.3874999999999,1768.5692307692307,26.445833333333336,21.895833333333332,77.33333333333333,111.54166666666667,6.537499999999999,2.004166666666667,23.1,30.1
2023-03-13,0.0,1010.0090909090908,1745.5923076923077,26.827272727272728,21.686363636363634,74.81818181818181,107.63636363636364,6.104545454545455,1.8272727272727274,23.1,31.2
2023-03-14,0.0,1009.2666666666668,1464.5384615384614,27.15416666666667,21.26666666666667,71.625,108.5,5.075,1.5250000000000001,23.7,32.2
2023-03-15,0.0,1008.75,1730.0461538461536,27.8,21.079166666666666,67.95833333333333,84.70833333333333,4.7625,1.3583333333333334,23.9,32.0
2023-03-16,0.0,1008.0291666666667,1722.2692307692307,27.387500000000003,19.825,65.16666666666667,124.91666666666667,5.075,1.4958333333333333,22.9,32.7
2023-03-17,0.0,1007.9666666666667,1724.5923076923075,27.22083333333333,20.470833333333335,69.45833333333333,130.20833333333334,4.079166666666667,1.2833333333333334,22.2,33.5
2023-03-18,0.0,1007.9650000000001,1717.276923076923,27.805,20.669999999999998,67.25,177.8,4.21,1.5050000000000001,22.2,33.5
2023-03-19,0.0,1006.8791666666667,1706.1615384615384,26.3,18.8125,66.95833333333333,143.16666666666666,3.391666666666667,1.0875000000000001,19.9,32.6
2023-03-20,0.9666666666666667,1006.5250000000001,1174.9076923076923,25.73333333333333,20.158333333333335,72.83333333333333,184.375,3.766666666666667,1.1916666666666667,23.2,32.2
2023-03-21,0.0,1010.2041666666668,886.9307692307691,24.766666666666666,21.504347826086956,82.95652173913044,122.16666666666667,4.075,1.1791666666666667,22.2,27.2
2023-03-22,0.0,1012.0739130434783,1093.7923076923075,24.839130434782607,20.269565217391307,76.17391304347827,124.47826086956522,6.826086956521739,2.230434782608696,22.8,27.8
2023-03-23,0.0,1010.0708333333333,1627.2230769230769,26.316666666666663,20.55,71.70833333333333,138.45833333333334,6.175,1.8583333333333334,22.6,32.1
2023-03-24,0.0,1010.1416666666665,1264.5153846153846,25.520833333333332,21.104166666666668,77.5,156.125,4.0625,1.1458333333333333,23.3,28.4
2023-03-25,0.19166666666666668,1007.2375000000001,702.2692307692307,24.05,20.604166666666668,82.0,102.29166666666667,3.8249999999999997,1.2291666666666667,21.2,27.8
2023-03-26,0.025000000000000005,1006.6541666666666,934.5999999999999,23.608333333333334,19.295833333333334,77.54166666666667,261.0833333333333,6.883333333333333,1.9749999999999999,21.6,25.9
2023-03-27,0.0,1011.9833333333332,1400.2538461538463,22.258333333333336,15.966666666666667,69.0,165.66666666666666,4.441666666666666,1.2125,19.3,25.7
2023-03-28,0.0,1008.5833333333334,1695.0538461538463,23.229166666666668,15.950000000000001,64.91666666666667,120.20833333333333,3.8708333333333336,1.2208333333333334,18.2,30.5
2023-03-29,0.26666666666666666,1005.0166666666668,1157.4384615384615,25.245833333333337,19.97083333333333,74.16666666666667,164.54166666666666,3.8791666666666664,1.1166666666666667,20.9,33.2
2023-03-30,1.0583333333333333,1007.8333333333334,742.575,22.858333333333334,19.791666666666668,83.95833333333333,227.20833333333334,4.216666666666667,1.0458333333333334,20.4,26.9
2023-03-31,0.008333333333333333,1008.1208333333334,1399.0461538461536,24.47083333333333,20.6125,80.95833333333333,199.08333333333334,4.466666666666666,1.6166666666666665,20.8,30.0
2023-04-01,0.0,1011.3916666666668,1726.2076923076925,19.616666666666667,11.4125,59.875,209.45833333333334,7.154166666666668,1.9208333333333332,15.1,23.6
2023-04-02,0.0,1011.8541666666666,1361.0538461538463,19.662499999999998,14.133333333333333,71.83333333333333,203.66666666666666,3.320833333333333,1.0541666666666667,16.2,24.1
2023-04-03,0.0,1008.6458333333334,1573.9615384615386,21.337500000000002,14.887500000000001,68.95833333333333,137.16666666666666,3.9375,1.2375,15.7,28.0
2023-04-04,0.0,1007.7458333333333,977.5846153846154,21.724999999999998,17.9125,79.66666666666667,162.54166666666666,3.516666666666667,1.0250000000000001,18.0,24.8
2023-04-05,0.0,1011.0666666666666,1025.6615384615384,22.120833333333334,17.316666666666666,75.29166666666667,103.66666666666667,5.166666666666666,1.5125,19.3,24.9
2023-04-06,0.0,1012.0541666666664,495.9416666666666,21.3125,15.241666666666665,68.66666666666667,106.70833333333333,6.45,1.9041666666666668,18.8,23.0
2023-04-07,0.0,1011.2374999999998,900.4461538461538,20.420833333333334,16.454166666666666,78.58333333333333,120.375,5.9875,1.9375,18.5,23.2
2023-04-08,0.0,1012.2708333333334,773.1615384615385,21.083333333333332,16.454166666666666,75.125,109.625,4.9624999999999995,1.45,19.2,23.4
2023-04-09,0.0,1012.0666666666667,1430.9692307692308,22.608333333333334,17.20416666666667,73.04166666666667,121.45833333333333,4.0874999999999995,1.3416666666666668,18.2,28.0
2023-04-10,0.0,1011.3624999999998,1476.5153846153844,24.3,18.45,71.875,198.95833333333334,4.2124999999999995,1.3541666666666667,19.5,30.8
2023-04-11,0.0,1008.6374999999999,1611.8083333333332,25.225000000000005,17.766666666666666,65.625,191.83333333333334,3.8083333333333336,1.2083333333333335,19.5,31.8
2023-04-12,0.0,1004.7166666666667,1393.925,25.15833333333333,18.808333333333334,69.29166666666667,205.375,4.241666666666666,1.3458333333333334,22.0,30.7
2023-04-13,0.43333333333333335,1006.2041666666668,291.79090909090905,20.420833333333334,17.40833333333333,83.20833333333333,148.08333333333334,4.595833333333334,1.1208333333333333,19.0,23.2
2023-04-14,0.0,1010.75,658.8000000000001,19.016666666666666,13.308333333333332,70.16666666666667,136.83333333333334,5.3875,1.5583333333333333,17.5,20.8
2023-04-15,0.0,1011.7708333333334,962.4083333333333,20.5,16.15416666666667,76.54166666666667,114.04166666666667,4.779166666666666,1.6041666666666667,17.3,23.9
2023-04-16,0.5416666666666666,1007.7875,703.0333333333334,20.929166666666667,18.3,85.66666666666667,166.83333333333334,4.420833333333333,1.1375,19.0,25.0
2023-04-17,0.008333333333333333,1002.6416666666668,354.82666666666665,19.650000000000002,16.733333333333334,83.70833333333333,192.25,4.1875,1.075,18.6,20.6
2023-04-18,0.0,999.7541666666666,1357.3833333333334,19.1875,13.674999999999999,73.125,239.45833333333334,3.0583333333333336,1.0583333333333333,15.9,22.7
2023-04-19,0.016666666666666666,1000.5625,730.7583333333333,16.25,6.8875,54.916666666666664,280.2916666666667,7.325,2.1958333333333333,13.9,19.2
2023-04-20,0.0,1010.9000000000001,1495.1499999999999,14.720833333333333,9.475,72.5,258.8333333333333,5.395833333333333,1.6958333333333335,10.8,20.2
2023-04-21,0.0,1014.3499999999999,1420.1333333333332,17.258333333333336,11.933333333333332,73.08333333333333,127.20833333333333,3.2833333333333337,1.1208333333333333,12.1,23.8
2023-04-22,0.0,1013.8458333333333,1319.6499999999999,20.099999999999998,13.920833333333334,69.41666666666667,165.54166666666666,3.6333333333333333,1.0666666666666667,14.5,25.6
2023-04-23,0.008333333333333333,1014.7375000000001,1208.2583333333332,20.416666666666668,14.958333333333334,72.79166666666667,149.75,3.7625000000000006,1.1624999999999999,15.8,25.7
2023-04-24,0.0,1014.0208333333334,1245.3416666666667,22.15833333333333,16.966666666666665,73.875,141.29166666666666,3.929166666666667,1.0666666666666667,18.1,26.6
2023-04-25,0.0,1011.4041666666666,734.65,22.325,16.541666666666668,71.375,99.25,3.491666666666667,1.05,18.8,26.1
2023-04-26,0.4583333333333333,1007.7624999999999,886.2,20.383333333333333,17.03333333333333,81.79166666666667,232.20833333333334,3.891666666666667,1.0333333333333334,17.6,23.3
2023-04-27,0.0,1008.4208333333332,913.2166666666666,19.720833333333335,16.008333333333336,80.125,262.9166666666667,3.8041666666666667,1.3208333333333335,16.9,22.8
2023-04-28,0.0,1011.4958333333333,1391.0272727272727,18.983333333333334,14.025,75.83333333333333,148.54166666666666,2.4999999999999996,0.9208333333333334,15.2,24.2
2023-04-29,0.0,1011.4,1440.1181818181817,19.916666666666668,13.795833333333334,70.04166666666667,120.75,3.7916666666666665,1.3125,13.9,26.7
2023-04-30,0.0,1009.3583333333332,1423.1454545454544,21.633333333333336,15.375,70.5,186.95833333333334,3.795833333333333,1.4583333333333333,15.7,28.4
2023-05-01,0.0,1009.1041666666666,902.8818181818183,20.849999999999998,16.416666666666668,76.04166666666667,165.625,4.008333333333334,1.1583333333333332,18.6,22.9
2023-05-02,0.325,1010.3000000000001,165.76363636363635,18.766666666666666,17.279166666666665,91.33333333333333,137.04166666666666,6.05,1.4791666666666667,17.6,19.6
2023-05-03,0.3764705882352941,1009.8470588235296,156.78,17.77058823529412,16.870588235294118,94.41176470588235,127.41176470588235,6.858823529411765,2.011764705882353,16.4,19.3
2023-05-04,0.2333333333333333,1009.5375,272.2,20.629166666666666,19.724999999999998,94.66666666666667,142.25,3.0499999999999994,0.8249999999999998,19.6,22.3
2023-05-05,1.1916666666666667,1012.5375,132.25454545454545,20.308333333333334,19.745833333333334,96.75,128.95833333333334,2.75,0.7541666666666668,20.1,20.9
2023-05-06,1.2166666666666666,1011.35,260.87272727272733,20.758333333333336,19.8875,94.70833333333333,108.125,3.670833333333334,1.0458333333333334,19.5,22.5
2023-05-07,0.5583333333333332,1008.1,925.0272727272727,22.3625,20.6875,90.75,143.04166666666666,3.4500000000000006,0.9833333333333334,19.8,26.6
2023-05-08,0.4583333333333333,1010.0791666666668,964.0307692307692,19.804166666666667,16.541666666666664,82.625,274.1578947368421,5.9411764705882355,1.8631578947368421,18.8,21.6
2023-05-09,0.008333333333333333,1013.4666666666667,1335.381818181818,17.420833333333334,13.291666666666666,78.16666666666667,247.875,3.6875,1.175,13.7,22.0
2023-05-10,0.0,1013.0708333333333,1042.2181818181818,16.029166666666665,12.620833333333332,81.75,225.41666666666666,3.225,1.0583333333333333,13.0,20.1
2023-05-11,0.008333333333333333,1012.8791666666666,1269.5727272727272,15.216666666666667,10.908333333333333,76.79166666666667,224.5,4.108333333333333,1.2708333333333333,13.1,18.5
2023-05-12,0.034782608695652174,1015.2782608695651,1170.1272727272726,15.68695652173913,11.891304347826088,79.78260869565217,187.2173913043478,3.1608695652173915,0.9782608695652174,13.2,18.8
2023-05-13,0.0,1014.0416666666666,1312.1363636363637,14.541666666666666,10.362499999999999,78.375,187.33333333333334,2.4291666666666667,0.9416666666666668,10.6,20.2
2023-05-14,0.0,1013.8041666666668,1277.6545454545455,16.295833333333334,11.283333333333331,74.33333333333333,236.54166666666666,2.8166666666666664,1.0,12.1,22.3
2023-05-15,0.008333333333333333,1013.975,1297.1545454545455,17.325,12.858333333333334,76.95833333333333,225.20833333333334,3.2708333333333335,1.1166666666666667,13.1,23.8
2023-05-16,0.0,1014.7791666666667,1110.2727272727273,16.729166666666668,13.258333333333333,81.45833333333333,150.16666666666666,2.1125000000000003,0.7541666666666668,12.5,21.9
2023-05-17,0.0,1013.5041666666666,1330.7727272727273,17.275000000000002,12.633333333333333,76.5,109.5,3.1208333333333336,1.0416666666666667,12.5,23.8
2023-05-18,0.008333333333333333,1013.3416666666666,1301.8636363636363,17.504166666666666,12.858333333333334,77.08333333333333,176.29166666666666,2.45,0.8291666666666666,11.9,24.2
2023-05-19,0.0,1012.2791666666667,1057.4181818181817,17.079166666666666,13.179166666666665,79.625,139.41666666666666,2.0166666666666666,0.7541666666666665,12.3,23.7
2023-05-20,0.008333333333333333,1011.35,1014.35,17.754166666666666,14.074999999999998,81.20833333333333,152.58333333333334,2.283333333333333,0.8250000000000001,13.8,23.2
2023-05-21,0.0,1010.2874999999999,434.39090909090913,19.070833333333336,17.041666666666668,88.41666666666667,118.75,3.1750000000000003,0.9500000000000001,17.5,21.0
2023-05-22,0.016666666666666666,1010.5583333333334,363.8636363636364,18.7,16.2,85.75,142.70833333333334,2.5166666666666666,0.75,17.0,21.0
2023-05-23,0.0,1012.35,1167.8636363636363,20.345833333333335,16.266666666666666,79.75,173.95833333333334,2.0416666666666665,0.725,15.5,26.8
2023-05-24,0.0,1011.6083333333332,1083.890909090909,21.587499999999995,15.495833333333332,71.125,163.20833333333334,2.5875,0.8333333333333334,15.8,28.5
2023-05-25,0.0,1011.3708333333334,1187.3454545454545,21.458333333333332,15.5,71.0,154.625,2.6833333333333336,0.9458333333333334,16.7,28.4
2023-05-26,0.0,1008.1999999999999,922.8363636363636,21.954166666666666,15.454166666666666,68.41666666666667,126.20833333333333,3.466666666666667,1.2208333333333334,16.7,27.7
2023-05-27,0.48,1007.5600000000001,,21.98,17.520000000000003,76.4,189.4,4.92,1.28,21.7,22.8
2023-05-28,0.0,1017.8333333333334,924.4428571428571,16.700000000000003,9.133333333333333,61.333333333333336,150.11111111111111,5.477777777777778,1.4777777777777779,15.8,17.4
2023-05-29,0.0,1017.525,898.8909090909092,14.516666666666666,10.4875,77.54166666666667,121.54166666666667,3.3874999999999997,1.05,11.5,18.5
2023-05-30,0.0,1015.6625,784.2090909090908,16.954166666666666,12.3375,75.04166666666667,113.04166666666667,3.704166666666667,1.1708333333333334,13.7,21.4
2023-05-31,0.008333333333333333,1014.1916666666666,1175.6545454545455,16.775000000000002,13.554166666666665,82.83333333333333,184.66666666666666,2.3291666666666666,0.8541666666666666,13.1,21.7
2023-06-01,0.0,1015.0583333333334,1162.3545454545456,16.641666666666666,13.695833333333333,84.16666666666667,192.04166666666666,2.504166666666667,0.8375,12.6,22.7
2023-06-02,0.008333333333333333,1013.4083333333334,1140.118181818182,18.45,13.995833333333332,78.25,130.54166666666666,2.0416666666666665,0.7000000000000001,13.4,25.5
2023-06-03,0.0,1011.3166666666666,1145.8272727272727,18.520833333333332,13.050000000000002,73.125,203.70833333333334,3.375,1.1666666666666667,13.1,24.8
2023-06-04,0.0,1013.1166666666667,1000.3363636363637,18.570833333333333,14.691666666666668,79.375,199.5,2.058333333333333,0.7125,14.6,24.4
2023-06-05,0.0,1016.375,501.98181818181814,18.2375,14.741666666666667,80.5,158.875,3.9249999999999994,1.1125,16.0,19.3
2023-06-06,0.0,1014.975,1114.9272727272728,16.545833333333334,12.375,77.625,112.70833333333333,2.7125,0.8375,12.0,22.8
2023-06-07,0.0,1012.8249999999999,1010.9090909090909,18.462500000000002,14.579166666666666,79.58333333333333,170.625,2.6958333333333333,0.9291666666666667,14.1,25.0
2023-06-08,0.008333333333333333,1012.0708333333333,1051.4636363636364,19.854166666666668,15.654166666666667,78.875,192.70833333333334,2.254166666666667,0.9208333333333334,15.6,26.5
2023-06-09,0.0,1007.6708333333332,1113.1363636363637,21.2625,14.504166666666668,68.04166666666667,217.29166666666666,3.7249999999999996,1.2249999999999999,16.6,27.5
2023-06-10,1.25,1005.1083333333332,519.5000000000001,20.9,15.016666666666666,70.54166666666667,209.7826086956522,3.340909090909091,0.9565217391304348,18.2,24.8
2023-06-11,1.4833333333333334,1010.6041666666666,383.3833333333334,12.791666666666666,10.295833333333333,85.41666666666667,200.54166666666666,5.3875,1.2916666666666667,10.9,16.6
2023-06-12,0.0,1018.1583333333334,1064.9636363636362,10.070833333333333,3.9916666666666667,66.70833333333333,210.375,3.9125,1.1375,7.9,12.4
2023-06-13,0.0,1023.3791666666666,909.3454545454545,9.895833333333334,5.395833333333333,74.20833333333333,186.5,3.2708333333333335,0.9958333333333332,5.8,14.5
2023-06-14,0.05000000000000001,1020.8875000000002,392.30909090909086,13.658333333333333,10.5,81.54166666666667,135.625,5.8500000000000005,1.8041666666666665,11.5,15.9
2023-06-15,1.7166666666666668,1014.7041666666668,87.12727272727274,14.708333333333334,13.674999999999999,93.66666666666667,132.29166666666666,7.3,2.525,13.6,15.5
2023-06-16,5.108333333333333,1008.4916666666667,177.76153846153846,14.629166666666668,13.770833333333334,94.58333333333333,208.08695652173913,12.130434782608695,3.4869565217391307,14.2,15.2
2023-06-17,0.016666666666666666,1017.3375,750.0083333333333,13.491666666666667,9.7375,79.375,269.9583333333333,4.729166666666666,1.45,11.3,15.2
2023-06-18,0.0,1018.75,1156.3636363636363,11.195833333333335,7.591666666666666,80.29166666666667,204.83333333333334,2.7083333333333335,0.9416666666666668,8.1,15.0
2023-06-19,0.008333333333333333,1018.8375000000001,1154.0636363636365,10.970833333333333,6.883333333333333,77.75,97.33333333333333,2.966666666666667,1.1125,5.7,17.3
2023-06-20,0.0,1015.5541666666667,965.8090909090909,13.625,10.495833333333334,82.75,200.20833333333334,2.625,0.9416666666666665,10.3,18.8
2023-06-21,0.16666666666666666,1011.9083333333334,321.37272727272733,14.495833333333332,12.658333333333333,88.875,153.45833333333334,1.9041666666666668,0.6916666666666668,12.7,17.1
2023-06-22,0.125,1008.5708333333333,454.4153846153846,16.333333333333332,14.5625,89.58333333333333,214.58333333333334,4.004166666666667,1.1916666666666667,14.8,18.9
2023-06-23,0.15833333333333333,1007.7666666666665,450.8636363636364,16.812500000000004,15.279166666666667,90.66666666666667,128.83333333333334,2.883333333333333,0.8458333333333333,15.1,20.3
2023-06-24,0.0,1006.525,873.7,19.833333333333332,16.85,84.66666666666667,148.45833333333334,2.1125000000000003,0.875,15.7,26.8
2023-06-25,0.05833333333333333,1008.5625,433.1818181818182,20.108333333333334,17.6375,86.125,175.04166666666666,2.4541666666666666,0.7375000000000002,18.2,23.2
2023-06-26,0.0,1009.6750000000001,1006.5909090909091,21.175,17.45,81.58333333333333,166.125,2.795833333333334,0.8791666666666668,17.3,27.8
2023-06-27,0.0,1008.25,1010.5636363636363,22.766666666666666,15.245833333333332,63.25,301.9583333333333,4.229166666666667,1.4083333333333332,18.7,26.9
2023-06-28,0.15833333333333333,1011.0458333333332,224.56363636363633,18.458333333333332,13.966666666666667,75.91666666666667,235.16666666666666,4.7,1.1875,15.5,22.0
2023-06-29,0.0,1020.6374999999999,982.2090909090908,12.445833333333333,8.2875,77.75,145.125,2.9666666666666663,0.975,8.8,15.8
2023-06-30,0.0,1018.3541666666666,694.4454545454545,13.879166666666668,10.095833333333333,78.375,121.5,3.608333333333333,1.0333333333333332,9.7,17.7
2023-07-01,0.008333333333333333,1016.5,522.5545454545455,14.729166666666666,13.070833333333335,90.08333333333333,125.20833333333333,2.6500000000000004,0.85,11.6,17.0
2023-07-02,0.0,1014.7166666666668,363.8818181818182,16.0625,14.445833333333333,90.45833333333333,118.875,2.4625,0.7833333333333332,14.6,19.4
2023-07-03,0.0,1014.6124999999998,1093.3,17.891666666666666,14.241666666666665,80.91666666666667,100.04166666666667,3.6208333333333336,1.0916666666666666,14.4,23.6
2023-07-04,0.0,1013.7458333333334,1108.409090909091,18.379166666666666,13.666666666666666,76.41666666666667,184.29166666666666,2.725,0.9166666666666666,13.9,24.6
2023-07-05,0.0,1012.1833333333334,367.17272727272723,17.125,12.15,72.875,201.375,3.2833333333333337,0.9416666666666668,15.3,19.3
2023-07-06,0.0,1008.5791666666668,1078.9818181818182,18.045833333333334,13.475000000000001,77.0,158.70833333333334,3.4916666666666667,1.1916666666666667,13.0,25.9
2023-07-07,1.0333333333333334,1008.3958333333334,100.75454545454545,16.904166666666665,15.891666666666667,93.875,125.91666666666667,4.329166666666667,1.2291666666666667,16.5,17.4
2023-07-08,0.8416666666666667,1008.2083333333334,828.4909090909092,16.754166666666666,14.762500000000001,88.66666666666667,122.125,6.054166666666666,1.7708333333333333,15.2,18.9
2023-07-09,0.0,1010.4041666666666,1117.6454545454544,16.958333333333332,13.987499999999999,83.79166666666667,137.70833333333334,3.5958333333333337,1.1541666666666668,14.1,21.8
2023-07-10,0.0,1009.2708333333334,569.4909090909091,16.445833333333336,14.445833333333335,88.125,128.375,2.8000000000000003,0.875,15.3,18.1
2023-07-11,0.075,1011.4458333333332,345.1363636363636,15.725,12.883333333333333,83.375,124.20833333333333,5.454166666666666,1.7041666666666666,14.5,17.7
2023-07-12,2.3333333333333335,1002.3249999999999,45.1,16.158333333333335,15.35,95.04166666666667,108.66666666666667,8.733333333333333,2.6458333333333335,15.1,16.9
2023-07-13,0.8250000000000001,998.2666666666668,208.14615384615385,13.920833333333334,11.954166666666666,88.25,253.79166666666666,10.858333333333334,3.2583333333333333,10.7,16.8
2023-07-14,0.6666666666666666,1015.5208333333334,742.9866666666666,10.529166666666667,7.037499999999999,80.08333333333333,272.9583333333333,5.858333333333333,1.8416666666666668,9.3,12.4
2023-07-15,0.0,1015.2541666666666,1147.8181818181818,10.225,6.5125,79.70833333333333,137.95833333333334,2.1125000000000003,0.6958333333333332,5.3,16.3
2023-07-16,0.0,1012.9625,1196.5272727272727,12.524999999999999,9.387500000000001,82.0,226.29166666666666,2.7916666666666665,0.9833333333333334,10.2,15.8
2023-07-17,0.0,1016.7458333333334,1273.7727272727273,10.458333333333334,5.720833333333334,73.66666666666667,188.08333333333334,3.658333333333333,1.1791666666666667,8.7,13.1
2023-07-18,0.0,1022.6666666666666,969.1090909090909,9.2875,5.070833333333333,75.29166666666667,154.83333333333334,4.045833333333333,1.0791666666666666,6.8,12.1
2023-07-19,0.0,1026.075,1213.209090909091,10.9625,6.091666666666668,73.04166666666667,99.95833333333333,5.283333333333333,1.7958333333333334,7.1,16.5
2023-07-20,0.0,1020.6375000000002,1061.3181818181818,16.775000000000002,11.237499999999999,70.54166666666667,104.625,4.125,1.1875,13.2,22.8
2023-07-21,0.425,1015.9625,1172.1909090909091,20.070833333333333,15.495833333333332,77.29166666666667,83.91666666666667,3.7875,1.1624999999999999,15.4,26.9
2023-07-22,0.0,1011.9791666666666,1186.8727272727274,21.2375,14.716666666666667,70.70833333333333,133.33333333333334,3.0583333333333336,1.1375000000000002,15.6,29.0
2023-07-23,0.0,1012.4458333333333,956.9818181818181,22.09166666666667,15.137500000000001,65.625,172.83333333333334,5.254166666666666,1.55,17.3,27.8
2023-07-24,0.0,1016.9375,246.45454545454547,16.520833333333332,14.141666666666666,85.95833333333333,133.58333333333334,5.466666666666668,1.5999999999999999,15.5,18.2
2023-07-25,1.3416666666666668,1011.8458333333333,121.3,16.575,15.9125,95.91666666666667,164.625,3.704166666666666,1.05,15.7,17.1
2023-07-26,0.016666666666666666,1007.5749999999998,793.0454545454545,18.295833333333334,16.308333333333334,88.66666666666667,179.75,4.804166666666666,1.5458333333333334,16.7,21.8
2023-07-27,0.0,1016.2958333333332,1227.6181818181817,14.095833333333333,9.745833333333332,76.79166666666667,223.29166666666666,4.508333333333333,1.5125,10.9,17.0
2023-07-28,1.2166666666666668,1018.8874999999999,1054.6181818181817,12.616666666666667,9.804166666666667,83.83333333333333,152.70833333333334,4.658333333333334,1.1666666666666667,11.1,15.2
2023-07-29,0.0,1021.3083333333334,1154.0181818181818,11.754166666666668,8.033333333333333,79.25,120.625,3.1291666666666664,0.9125,7.5,16.4
2023-07-30,0.0,1016.8000000000001,1344.290909090909,13.691666666666668,9.65,79.25,183.95833333333334,2.3791666666666664,0.8791666666666668,7.7,21.2
2023-07-31,0.0,1016.3250000000002,1269.7272727272727,16.474999999999998,13.104166666666666,82.04166666666667,186.58333333333334,2.3541666666666665,0.8541666666666666,12.2,23.4
2023-08-01,0.0,1014.7999999999998,1279.3818181818183,18.379166666666666,13.9125,77.16666666666667,194.29166666666666,2.6374999999999997,0.9708333333333333,12.4,25.7
2023-08-02,0.0,1011.5833333333334,1286.8818181818183,20.041666666666668,16.041666666666668,80.0,194.5,2.8624999999999994,0.9916666666666667,14.7,27.1
2023-08-03,0.008333333333333333,1013.5083333333333,616.4272727272728,17.704166666666666,14.979166666666666,84.29166666666667,162.375,4.4625,1.1791666666666665,15.2,19.8
2023-08-04,0.0,1012.0208333333334,789.3272727272728,17.691666666666666,14.383333333333335,81.33333333333333,133.25,3.141666666666667,0.9625,14.9,21.4
2023-08-05,0.0,1013.9125,496.24545454545455,17.529166666666665,15.179166666666665,86.25,133.54166666666666,4.304166666666666,1.3458333333333334,16.3,19.1
2023-08-06,0.0,1009.3333333333334,1345.1363636363637,21.108333333333334,15.487499999999999,75.375,148.91666666666666,3.204166666666667,1.0250000000000001,16.0,29.9
2023-08-07,0.44999999999999996,1011.8958333333334,130.85454545454547,17.466666666666665,13.554166666666665,79.16666666666667,191.16666666666666,4.795833333333333,1.1041666666666667,13.5,22.3
2023-08-08,0.0,1021.7416666666667,1348.3454545454547,15.279166666666667,9.295833333333333,69.04166666666667,121.16666666666667,7.175,2.3833333333333333,12.3,18.8
2023-08-09,0.6083333333333334,1015.5749999999999,284.57272727272726,15.829166666666666,12.245833333333332,79.83333333333333,101.5,6.175,1.8708333333333336,15.0,17.1
2023-08-10,0.2416666666666667,1008.6625,1291.8545454545454,19.441666666666666,16.120833333333334,82.79166666666667,101.41666666666667,3.5833333333333335,1.1458333333333333,16.0,25.6
2023-08-11,1.2916666666666667,1004.9416666666666,1069.0363636363638,20.366666666666664,17.095833333333335,82.20833333333333,194.83333333333334,5.141666666666667,1.425,16.9,24.0
2023-08-12,0.0,1014.5749999999999,1351.9818181818182,15.966666666666669,7.016666666666667,57.416666666666664,171.95833333333334,5.241666666666666,1.3333333333333333,13.0,19.3
2023-08-13,0.0,1020.0124999999999,1446.1636363636362,10.924999999999999,1.0083333333333335,52.041666666666664,231.91666666666666,4.1499999999999995,1.3291666666666668,7.1,14.6
2023-08-14,0.0,1016.2958333333332,1446.1545454545455,12.416666666666666,6.099999999999999,67.83333333333333,190.25,2.5875,0.875,6.6,19.8
2023-08-15,0.0,1012.8791666666666,1465.5272727272727,16.504166666666666,10.945833333333333,73.625,129.66666666666666,2.4541666666666666,0.8249999999999998,10.0,25.8
2023-08-16,0.0,1010.4416666666666,1449.1545454545455,20.070833333333333,12.891666666666666,67.75,133.33333333333334,2.6624999999999996,0.9791666666666666,12.8,29.9
2023-08-17,0.0,1005.9916666666668,1414.0727272727274,23.712500000000002,16.604166666666668,66.625,211.875,3.3666666666666667,1.125,17.9,32.0
2023-08-18,0.225,1001.0291666666666,650.0083333333333,18.962500000000002,16.3875,85.58333333333333,175.58333333333334,5.5249999999999995,1.6708333333333336,16.9,22.4
2023-08-19,0.05833333333333333,1005.0375,1592.3818181818183,15.620833333333332,8.008333333333333,63.375,268.2083333333333,6.2250000000000005,1.9708333333333332,12.5,18.6
2023-08-20,0.0,1003.7791666666667,1313.2272727272727,15.737499999999999,10.366666666666665,71.20833333333333,228.08333333333334,3.8458333333333337,1.2541666666666667,10.7,21.0
2023-08-21,0.0,1004.5416666666666,1541.9181818181817,17.766666666666666,13.866666666666667,79.5,179.16666666666666,2.9083333333333337,1.0374999999999999,13.5,23.4
2023-08-22,0.016666666666666666,996.2833333333334,726.3083333333334,22.337499999999995,16.433333333333334,71.04166666666667,198.875,5.470833333333334,1.9416666666666667,16.6,30.9
2023-08-23,0.27499999999999997,996.3499999999999,396.4818181818182,18.587500000000002,16.3625,87.58333333333333,145.66666666666666,6.404166666666666,1.5249999999999997,16.3,26.9
2023-08-24,0.03333333333333333,1005.1166666666668,1481.1000000000001,15.6875,11.545833333333334,77.91666666666667,158.33333333333334,5.041666666666667,1.4208333333333332,13.5,17.3
2023-08-25,0.0,1012.0583333333334,1438.0,12.129166666666665,5.854166666666667,68.875,110.08333333333333,3.0541666666666667,1.0041666666666667,7.5,16.8
2023-08-26,0.0,1016.2583333333333,1600.2,10.679166666666665,3.9333333333333336,66.04166666666667,172.54166666666666,3.670833333333333,1.1,7.5,15.3
2023-08-27,0.0,1020.0458333333332,1469.4583333333333,9.766666666666666,3.7083333333333335,68.20833333333333,148.79166666666666,3.7625000000000006,1.1125,5.3,14.3
2023-08-28,0.0,1019.9125,1655.2666666666667,10.158333333333333,4.6875,71.04166666666667,122.20833333333333,3.375,1.1875,4.4,16.8
2023-08-29,0.0,1016.6208333333334,1619.05,14.145833333333334,8.341666666666667,71.125,109.95833333333333,4.145833333333333,1.3458333333333332,8.2,21.0
2023-08-30,0.0,1011.5916666666667,1572.2250000000001,17.195833333333336,10.979166666666666,71.625,176.70833333333334,2.795833333333333,0.9250000000000002,11.1,25.4
2023-08-31,0.0,1011.5250000000001,1452.569230769231,18.3875,12.737500000000002,72.375,179.66666666666666,3.620833333333333,1.1833333333333333,13.3,26.2
2023-09-01,0.0,1010.9208333333332,1065.7833333333335,18.458333333333332,14.137500000000003,77.5,98.33333333333333,4.608333333333333,1.2833333333333332,15.0,24.1
2023-09-02,0.03333333333333333,1004.5666666666666,892.1833333333334,20.954166666666666,16.425,76.20833333333333,177.45833333333334,3.6333333333333333,1.1333333333333333,18.3,24.3
2023-09-03,0.7999999999999999,1004.3833333333333,180.725,19.154166666666665,17.520833333333332,90.5,149.29166666666666,3.445833333333333,0.9625,18.1,20.7
2023-09-04,2.6166666666666667,1001.0916666666666,137.93076923076922,18.270833333333332,17.72083333333333,96.625,144.27777777777777,6.252941176470588,1.5277777777777777,16.2,19.3
2023-09-05,0.5916666666666667,1015.5583333333334,849.6117647058824,13.929166666666667,10.5875,81.125,180.375,7.529166666666668,2.0,11.8,16.1
2023-09-06,0.0,1020.2291666666666,1550.4692307692308,14.450000000000001,10.366666666666667,77.875,110.5,6.729166666666667,2.0833333333333335,9.6,20.5
2023-09-07,0.06666666666666667,1010.9208333333332,636.6538461538462,17.629166666666666,13.895833333333334,78.83333333333333,103.91666666666667,6.058333333333334,1.7875000000000003,15.7,20.4
2023-09-08,1.1083333333333332,1007.1791666666668,454.7857142857143,19.241666666666664,17.304166666666667,88.70833333333333,169.3913043478261,4.547826086956522,1.2826086956521738,17.0,22.2
2023-09-09,0.36666666666666664,1011.4458333333333,404.2769230769231,15.329166666666667,13.65,89.95833333333333,150.47826086956522,5.054166666666666,1.452173913043478,14.2,16.3
2023-09-10,0.0,1012.0166666666668,1246.0,18.429166666666664,14.970833333333333,81.29166666666667,107.125,4.141666666666667,1.2416666666666667,14.5,24.1
2023-09-11,0.0,1004.8958333333334,1375.223076923077,24.479166666666668,18.179166666666667,71.58333333333333,167.875,3.4916666666666667,1.1791666666666667,18.3,33.3
2023-09-12,0.5583333333333333,1007.7416666666667,153.31428571428572,18.7,16.258333333333333,86.375,137.75,6.570833333333333,1.625,14.9,25.7
2023-09-13,2.7583333333333333,1005.7375000000001,104.87857142857142,14.016666666666666,13.316666666666668,95.54166666666667,154.41666666666666,9.966666666666667,2.404166666666667,12.2,15.3
2023-09-14,1.0166666666666666,1011.6583333333333,609.44375,12.733333333333334,9.945833333333333,83.79166666666667,223.125,7.808333333333333,2.1958333333333333,10.6,15.2
2023-09-15,0.025000000000000005,1013.8541666666666,1718.5615384615385,13.675000000000002,8.299999999999999,74.375,164.58333333333334,2.6625,0.9791666666666666,8.7,19.8
2023-09-16,0.0,1006.1083333333332,1762.2384615384615,18.84166666666667,10.195833333333335,62.666666666666664,186.83333333333334,3.554166666666667,1.3291666666666666,10.7,29.3
2023-09-17,0.0,1004.025,1590.776923076923,24.1375,15.620833333333335,62.75,141.20833333333334,3.1,1.0999999999999999,15.3,34.6
2023-09-18,0.6333333333333333,1005.1791666666668,786.1785714285714,22.77916666666667,18.087500000000002,75.75,133.45833333333334,6.070833333333333,1.7249999999999999,19.0,26.1
2023-09-19,0.3666666666666667,1009.7083333333334,508.5692307692308,19.483333333333334,18.004166666666666,91.20833333333333,121.95833333333333,5.8875,1.5791666666666668,18.0,22.0
2023-09-20,0.0,1009.9833333333332,1462.4384615384613,22.03333333333333,19.216666666666665,85.375,132.70833333333334,3.9249999999999994,1.2083333333333333,18.7,27.8
2023-09-21,0.0,1006.75,816.3923076923077,22.475000000000005,19.691666666666666,84.79166666666667,136.91666666666666,4.5625,1.2416666666666665,20.0,25.5
2023-09-22,1.6083333333333332,1005.7708333333334,420.5166666666667,20.8875,18.925,89.04166666666667,130.0,4.708333333333333,1.2739130434782608,17.8,23.5
2023-09-23,0.9166666666666666,1005.5625,274.17692307692306,19.279166666666665,18.308333333333334,94.33333333333333,114.95833333333333,5.220833333333334,1.3708333333333333,16.9,22.5
2023-09-24,0.375,1004.4083333333333,196.5,19.087500000000002,17.8875,92.66666666666667,141.375,4.320833333333333,1.2375,17.6,20.0
2023-09-25,0.3333333333333333,1008.6416666666665,243.6,16.270833333333332,14.641666666666666,90.20833333333333,137.375,6.808333333333334,2.208333333333333,15.6,17.3
2023-09-26,1.9666666666666668,1002.6166666666667,50.96,15.683333333333332,14.916666666666666,95.25,123.125,9.775,3.1750000000000003,14.6,16.7
2023-09-27,0.30833333333333335,1006.6124999999998,628.7285714285715,15.883333333333333,13.658333333333331,87.08333333333333,168.625,7.820833333333333,2.0,14.5,17.0
2023-09-28,0.0,1013.625,1545.546153846154,15.729166666666666,11.604166666666666,77.625,147.54166666666666,5.908333333333334,1.6791666666666665,12.0,20.3
2023-09-29,0.0,1012.3375,1403.5307692307692,19.358333333333334,14.1875,73.66666666666667,106.75,5.6875,1.6333333333333335,14.8,24.3
2023-09-30,0.0,1011.475,829.7461538461539,18.066666666666666,15.091666666666667,83.04166666666667,135.79166666666666,4.8,1.3541666666666667,16.3,19.9
2023-10-01,0.0,1011.3375,1201.6615384615384,16.145833333333332,10.841666666666669,71.70833333333333,147.95833333333334,4.370833333333334,1.1958333333333333,14.2,19.1
2023-10-02,0.0,1008.9956521739131,1550.4076923076923,14.960869565217392,8.76086956521739,68.65217391304348,119.8695652173913,4.017391304347826,1.3391304347826085,9.4,19.1
2023-10-03,0.0,1005.3000000000001,1878.2166666666665,16.708333333333332,10.670833333333334,70.08333333333333,114.29166666666667,4.708333333333333,1.5,11.2,24.6
2023-10-04,0.4916666666666667,1000.5708333333332,455.73333333333335,17.59583333333333,15.833333333333334,89.70833333333333,191.04166666666666,6.5125,1.6583333333333332,16.6,19.5
2023-10-05,0.008333333333333333,1004.8833333333333,1631.8230769230768,17.704166666666666,12.508333333333335,73.79166666666667,188.16666666666666,4.0874999999999995,1.1875,15.3,21.7
2023-10-06,0.0,1005.3875000000002,1177.530769230769,18.537499999999998,14.491666666666667,78.20833333333333,131.79166666666666,4.383333333333333,1.4125000000000003,14.0,23.3
2023-10-07,0.2583333333333333,1007.8625000000001,505.68461538461537,18.945833333333336,17.26666666666667,90.08333333333333,124.16666666666667,7.037499999999999,1.95,18.5,20.4
2023-10-08,0.075,1011.7291666666666,302.0153846153846,17.537499999999998,15.229166666666666,86.33333333333333,131.66666666666666,5.395833333333333,1.7041666666666664,16.6,18.3
2023-10-09,0.10833333333333334,1012.6208333333334,1237.9214285714286,18.36666666666667,14.9,81.375,136.45833333333334,4.870833333333334,1.5458333333333334,15.9,21.5
2023-10-10,0.0,1010.6791666666668,1836.2071428571428,19.766666666666666,14.491666666666667,73.875,102.66666666666667,4.720833333333333,1.4541666666666666,13.8,26.8
2023-10-11,0.6347826086956521,1005.1652173913043,233.09285714285716,19.52608695652174,16.821739130434782,84.78260869565217,145.2173913043478,4.321739130434783,1.3434782608695652,17.1,22.8
2023-10-12,0.525,1011.1125000000001,525.4769230769232,14.75,11.945833333333333,84.125,162.75,6.820833333333333,1.6208333333333333,13.4,16.1
2023-10-13,0.0,1016.4875000000001,1472.3285714285716,15.15,9.95,71.95833333333333,159.125,4.979166666666667,1.5416666666666667,12.3,17.9
2023-10-14,0.0,1016.7833333333333,1769.2285714285715,16.729166666666668,11.512499999999998,72.83333333333333,115.83333333333333,5.883333333333333,1.9375,11.8,21.7
2023-10-15,0.0,1013.4416666666666,1800.4642857142858,19.941666666666666,14.125,70.45833333333333,113.0,6.045833333333333,1.8666666666666665,16.0,25.5
2023-10-16,1.9913043478260872,1007.1913043478262,83.66153846153846,19.317391304347826,17.882608695652173,91.52173913043478,132.3913043478261,5.673913043478261,1.6347826086956523,18.4,20.6
2023-10-17,0.008695652173913044,1007.9173913043478,196.54666666666665,19.13478260869565,16.98695652173913,87.6086956521739,194.8695652173913,4.28695652173913,1.047826086956522,17.2,20.4
2023-10-18,0.0,1015.4958333333334,1099.4642857142858,16.662499999999998,11.525,72.125,132.54166666666666,5.483333333333333,1.6083333333333332,13.9,19.3
2023-10-19,0.0,1014.9458333333333,1573.5714285714287,17.791666666666668,12.016666666666666,69.54166666666667,120.25,8.112499999999999,2.4291666666666667,15.1,20.7
2023-10-20,0.0,1012.725,1707.6785714285713,19.395833333333332,14.183333333333332,72.66666666666667,120.83333333333333,6.449999999999999,2.1166666666666667,16.4,23.6
2023-10-21,0.0,1011.6416666666668,1379.5285714285715,20.3,16.416666666666668,79.29166666666667,128.75,5.8500000000000005,2.0083333333333333,16.7,25.2
2023-10-22,0.27499999999999997,1008.9416666666666,1097.0928571428572,21.475000000000005,17.504166666666666,79.33333333333333,119.45833333333333,4.104166666666667,1.2416666666666667,17.2,26.7
2023-10-23,0.19166666666666668,1006.2625000000002,354.61428571428576,20.458333333333332,18.933333333333334,90.91666666666667,197.625,3.6166666666666667,1.0958333333333334,18.9,22.6
2023-10-24,0.008333333333333333,1003.35,1042.542857142857,22.0125,19.670833333333334,86.875,166.58333333333334,4.254166666666666,1.2125000000000001,20.6,24.6
2023-10-25,0.0,1005.8416666666668,1175.4714285714288,19.224999999999998,14.049999999999999,72.79166666666667,220.29166666666666,5.270833333333333,1.4624999999999997,16.6,21.4
2023-10-26,0.0,1005.4041666666666,1677.7857142857142,18.587500000000002,12.4,68.20833333333333,173.41666666666666,4.512499999999999,1.2666666666666666,15.8,21.7
2023-10-27,0.0,1003.4666666666666,1825.9214285714286,19.683333333333334,13.574999999999998,70.04166666666667,100.75,4.933333333333333,1.6000000000000003,13.2,27.5
2023-10-28,0.0,998.7000000000002,955.2928571428572,23.03333333333333,17.991666666666667,74.16666666666667,164.83333333333334,4.295833333333333,1.2791666666666666,19.9,28.5
2023-10-29,0.0,997.6791666666667,1929.142857142857,25.208333333333332,19.595833333333335,72.5,244.79166666666666,4.470833333333333,1.4291666666666665,20.8,31.0
2023-10-30,0.06666666666666667,1002.1416666666668,395.5571428571429,22.57916666666667,19.425,82.625,114.83333333333333,3.6749999999999994,1.0541666666666667,21.2,24.0
2023-10-31,0.049999999999999996,1007.3125,967.1785714285714,20.5,17.516666666666666,83.45833333333333,133.0,7.320833333333334,2.3916666666666666,18.8,22.3
2023-11-01,0.0,1009.375,939.55,19.841666666666665,16.529166666666665,81.5,118.5,7.954166666666667,2.470833333333333,18.9,21.6
2023-11-02,1.182608695652174,1006.3869565217392,859.4714285714284,18.569565217391304,16.243478260869566,86.82608695652173,107.04347826086956,10.969565217391304,3.3956521739130436,16.7,21.9
2023-11-03,1.5739130434782609,998.5521739130435,378.0142857142857,19.0,17.069565217391304,88.78260869565217,194.43478260869566,6.178260869565217,1.817391304347826,18.4,19.9
2023-11-04,0.008333333333333333,1005.8625000000001,1422.2428571428572,16.391666666666666,10.045833333333333,67.16666666666667,277.75,10.954166666666666,3.258333333333333,14.1,19.3
2023-11-05,0.0,1011.2458333333334,2021.0214285714285,17.604166666666668,10.9625,66.91666666666667,183.54166666666666,4.1125,1.3500000000000003,11.1,22.8
2023-11-06,0.0,1012.0666666666666,2113.5642857142857,20.1375,14.470833333333331,71.41666666666667,122.625,6.870833333333334,2.3666666666666667,15.8,25.8
2023-11-07,0.0,1008.4416666666666,2083.9928571428572,22.599999999999998,14.891666666666666,65.04166666666667,96.54166666666667,5.191666666666666,1.6875,16.3,30.9
2023-11-08,0.0,1005.1041666666666,752.3857142857144,23.212500000000002,17.5,71.0,177.375,3.858333333333333,1.1958333333333333,19.4,27.5
2023-11-09,0.016666666666666666,1007.8208333333333,601.4428571428572,20.962500000000002,17.150000000000002,79.54166666666667,133.875,4.583333333333333,1.2916666666666667,19.6,22.8
2023-11-10,0.0,1007.5041666666667,1693.2571428571428,21.587499999999995,17.041666666666668,76.41666666666667,115.95833333333333,7.054166666666667,2.2708333333333335,18.0,26.1
2023-11-11,2.4250000000000003,1000.15,455.52857142857147,22.2625,19.695833333333336,85.95833333333333,118.21739130434783,5.908695652173913,1.534782608695652,20.8,26.5
2023-11-12,2.7583333333333333,1002.4708333333334,235.12142857142857,21.216666666666665,20.308333333333334,94.625,162.375,5.145833333333333,1.382608695652174,18.7,23.2
2023-11-13,0.9304347826086956,1003.2260869565217,445.19999999999993,21.517391304347825,20.08695652173913,91.91304347826087,177.52173913043478,4.804347826086956,1.2434782608695654,18.4,23.7
2023-11-14,0.0,1004.1208333333334,552.6,21.8875,19.825,88.375,128.45833333333334,2.6208333333333336,0.7416666666666667,20.1,24.3
2023-11-15,1.0416666666666667,1001.4791666666666,385.31428571428575,21.75,20.125,90.75,145.41666666666666,3.970833333333333,1.125,20.5,23.8
2023-11-16,0.025000000000000005,998.8249999999999,770.06,22.991666666666664,20.5125,87.04166666666667,192.33333333333334,2.6166666666666667,0.8125,21.5,26.5
2023-11-17,0.5083333333333334,998.6374999999999,598.2285714285715,21.5,19.266666666666666,87.5,92.16666666666667,5.816666666666667,1.7083333333333333,19.2,24.6
2023-11-18,1.925,997.1999999999999,594.2642857142857,21.487499999999997,19.695833333333336,90.08333333333333,231.875,6.333333333333333,1.7041666666666666,20.5,22.1
2023-11-19,0.0,1007.9958333333333,1968.95,20.941666666666666,14.575000000000001,68.95833333333333,166.20833333333334,4.316666666666666,1.1583333333333332,17.9,24.6
2023-11-20,0.0,1008.8208333333333,2139.2714285714283,21.2625,10.766666666666666,57.333333333333336,127.79166666666667,4.3,1.3499999999999999,14.0,27.7
2023-11-21,0.0,1003.5041666666666,2120.5285714285715,24.383333333333336,16.982608695652175,66.91304347826087,183.95833333333334,3.920833333333333,1.3416666666666668,15.8,33.3
2023-11-22,0.8083333333333332,1001.3625000000001,583.3,22.491666666666664,17.875,77.20833333333333,127.25,6.270833333333333,1.6875,19.4,26.9
2023-11-23,0.008333333333333333,1009.4041666666667,1702.5600000000002,21.591666666666665,16.525000000000002,74.625,146.16666666666666,4.816666666666666,1.3,18.5,25.2
2023-11-24,0.0,1015.8454545454545,2163.0071428571428,20.62727272727273,14.009090909090911,68.54545454545455,144.5,4.04090909090909,1.3409090909090908,15.2,25.7
2023-11-25,0.0,1014.9739130434783,2207.842857142857,19.347826086956523,12.41304347826087,65.56521739130434,116.91304347826087,4.852173913043478,1.608695652173913,13.6,24.4
2023-11-26,0.0,1010.4041666666666,2000.7357142857145,22.304166666666664,15.808333333333332,68.5,115.29166666666667,5.537499999999999,1.8083333333333333,17.3,28.3
2023-11-27,0.0,1009.2761904761904,1457.7142857142858,24.5,18.428571428571427,70.42857142857143,117.52380952380952,4.338095238095238,1.342857142857143,19.3,28.8
2023-11-28,1.2347826086956522,1007.204347826087,430.03333333333336,21.26521739130435,19.839130434782607,91.6086956521739,107.65217391304348,7.756521739130435,2.3,19.2,22.8
2023-11-29,0.043478260869565216,1003.6391304347826,1319.0600000000002,23.12608695652174,19.58695652173913,81.21739130434783,99.0,7.334782608695652,2.182608695652174,19.3,27.1
2023-11-30,0.0,1004.5347826086954,1539.98,23.7,20.191304347826087,81.78260869565217,138.69565217391303,3.9478260869565216,1.2130434782608694,19.5,28.9
2023-12-01,0.0,1004.2208333333334,1956.0333333333333,26.045833333333334,21.208333333333332,76.375,101.5,5.541666666666667,1.6041666666666667,21.7,32.7
2023-12-02,0.5333333333333333,1002.6041666666666,1240.3428571428574,25.22083333333333,21.84166666666667,82.08333333333333,128.25,5.125,1.2375,22.6,30.5
2023-12-03,0.008333333333333333,1005.1125000000001,1572.8428571428572,23.833333333333332,20.0125,79.875,127.125,4.783333333333334,1.3458333333333334,20.5,26.7
2023-12-04,0.3166666666666667,1011.4375,418.95,19.575000000000003,18.05,90.91666666666667,137.375,7.266666666666667,2.220833333333333,18.8,21.1
2023-12-05,0.025000000000000005,1012.5583333333333,1011.3399999999999,20.820833333333336,17.537499999999998,81.83333333333333,114.91666666666667,7.849999999999999,2.358333333333333,18.8,22.4
2023-12-06,0.17391304347826086,1005.1695652173913,646.3333333333334,24.330434782608698,21.03913043478261,82.47826086956522,157.52173913043478,3.869565217391304,1.1434782608695653,21.1,29.1
2023-12-07,0.07500000000000001,1002.8125,659.7733333333333,23.95416666666667,21.8875,88.5,265.2083333333333,5.445833333333333,1.575,22.7,26.0
2023-12-08,0.0,1011.6625,1955.4799999999998,20.979166666666668,14.862500000000002,69.20833333333333,167.29166666666666,5.991666666666667,1.5958333333333334,17.5,23.7
2023-12-09,0.0,1012.1750000000001,1747.2866666666664,20.162499999999998,14.625,71.79166666666667,115.58333333333333,7.283333333333334,2.2875,16.1,24.1
2023-12-10,0.0,1007.8083333333334,1119.6733333333332,22.066666666666666,17.270833333333332,75.04166666666667,103.70833333333333,5.766666666666666,1.55,18.8,26.0
2023-12-11,0.0,1007.5708333333332,1617.4399999999998,22.991666666666664,18.270833333333332,76.125,118.20833333333333,6.483333333333334,1.9083333333333332,20.0,26.5
2023-12-12,0.0,1008.8916666666668,1959.6571428571428,24.84583333333333,18.066666666666666,67.79166666666667,99.33333333333333,5.504166666666666,1.6541666666666668,19.6,31.1
2023-12-13,0.0,1004.65,1745.2333333333333,26.870833333333334,19.625,67.04166666666667,191.70833333333334,4.391666666666667,1.3875000000000002,20.7,33.1
2023-12-14,0.0,1002.3916666666668,1633.2785714285712,28.45416666666667,22.14166666666667,70.125,232.45833333333334,4.816666666666666,1.5666666666666667,23.9,34.0
2023-12-15,0.1565217391304348,1004.008695652174,1536.3285714285714,28.039130434782606,22.213043478260868,72.69565217391305,156.34782608695653,5.147826086956522,1.2086956521739132,23.6,35.1
2023-12-16,0.225,1005.3583333333332,1662.2733333333333,27.71666666666667,22.350000000000005,75.375,182.5,4.370833333333334,1.2041666666666666,23.3,34.6
2023-12-17,0.0,1002.3083333333334,1934.3466666666668,31.004166666666666,22.691666666666663,64.29166666666667,158.16666666666666,3.7916666666666665,1.175,24.9,36.9
2023-12-18,0.0,1002.0750000000002,1731.9,29.395833333333332,24.4875,75.66666666666667,165.20833333333334,4.225,1.1833333333333333,25.5,33.6
2023-12-19,0.2833333333333333,1004.1749999999998,1025.4,24.304166666666664,22.158333333333335,88.04166666666667,186.25,6.654166666666666,1.7958333333333334,22.0,26.3
2023-12-20,0.008695652173913044,1006.4217391304346,1082.2133333333334,24.156521739130437,20.830434782608698,82.52173913043478,160.65217391304347,6.673913043478261,1.9304347826086958,21.8,27.0
2023-12-21,0.0,1005.8909090909091,1634.8799999999999,26.9,20.327272727272724,69.13636363636364,169.0,4.6863636363636365,1.3681818181818182,22.7,31.6
2023-12-22,0.0,1005.3416666666667,1993.8642857142856,26.5,21.816666666666666,76.04166666666667,132.41666666666666,4.616666666666667,1.4041666666666668,23.1,30.0
2023-12-23,0.1272727272727273,1004.781818181818,1721.5733333333335,25.886363636363637,21.327272727272728,77.54545454545455,176.4090909090909,4.454545454545454,1.190909090909091,22.5,29.5
2023-12-24,0.0,1006.0833333333334,1538.9200000000003,25.641666666666666,20.92083333333333,76.0,124.0,5.008333333333333,1.55,23.1,28.0
2023-12-25,0.43478260869565216,1002.7652173913043,1026.4066666666668,24.08695652173913,20.52173913043478,81.1304347826087,187.8695652173913,6.213043478260871,2.0043478260869567,21.6,28.4
2023-12-26,0.0,1008.7874999999999,1970.2666666666667,21.658333333333335,14.245833333333332,63.875,195.125,7.020833333333333,1.7708333333333333,18.3,24.6
2023-12-27,0.0,1010.9409090909091,2085.96,22.227272727272727,15.263636363636364,66.63636363636364,90.27272727272727,4.045454545454546,1.1727272727272726,16.7,27.2
2023-12-28,0.0,1004.3347826086957,2079.3733333333334,26.221739130434784,17.01304347826087,58.608695652173914,196.08695652173913,4.934782608695652,1.5260869565217392,18.7,34.2
2023-12-29,1.3666666666666665,1001.2750000000001,679.7785714285716,24.775000000000002,20.545833333333334,78.04166666666667,199.875,5.5125,1.4583333333333333,21.6,29.0
2023-12-30,0.0,1010.5869565217391,1723.6357142857144,21.582608695652173,14.530434782608696,64.78260869565217,172.1304347826087,5.5086956521739125,1.4565217391304348,19.1,23.6
2023-12-31,0.0,1011.2695652173912,1849.5799999999997,20.78695652173913,12.752173913043478,61.30434782608695,120.04347826086956,4.921739130434783,1.547826086956522,16.1,24.9
2024-01-01,0.0,1008.2208333333333,1682.6285714285714,23.3125,17.166666666666668,69.66666666666667,108.16666666666667,5.270833333333333,1.6791666666666665,18.3,29.5
2024-01-02,1.5666666666666667,1005.4125,1009.5,23.583333333333332,19.9875,81.54166666666667,145.29166666666666,5.412499999999999,1.5583333333333333,20.7,28.1
2024-01-03,0.0,1007.2375000000001,1431.2266666666667,22.666666666666668,19.083333333333332,81.0,109.0,6.608333333333333,1.9749999999999999,20.0,26.3
2024-01-04,0.0,1008.8791666666666,1625.8333333333333,22.741666666666664,18.79583333333333,79.08333333333333,116.70833333333333,7.912499999999999,2.3125,19.8,26.6
2024-01-05,0.0,1007.9791666666666,1954.8733333333332,24.183333333333334,19.445833333333333,76.04166666666667,112.45833333333333,7.558333333333333,2.2875,20.8,27.4
2024-01-06,0.0,1005.2624999999999,1805.06,25.73333333333333,19.741666666666667,71.58333333333333,108.125,5.0375000000000005,1.6583333333333332,20.7,30.9
2024-01-07,0.31666666666666665,1002.125,1725.5866666666666,27.508333333333336,21.691666666666666,72.79166666666667,193.45833333333334,4.5625,1.2375,22.7,34.3
2024-01-08,0.0,1001.3173913043478,1289.84,27.59130434782608,21.81304347826087,72.04347826086956,215.69565217391303,4.639130434782609,1.373913043478261,24.7,29.9
2024-01-09,0.0,1005.6782608695652,1336.3142857142855,26.26086956521739,21.495652173913044,75.65217391304348,116.91304347826087,4.760869565217392,1.4086956521739133,22.8,30.2
2024-01-10,0.0,1004.5541666666668,1477.1666666666667,27.416666666666668,21.383333333333336,71.25,180.79166666666666,3.7458333333333336,1.2166666666666666,22.9,31.9
2024-01-11,1.1333333333333333,1005.1625,485.3133333333333,24.683333333333337,22.254166666666666,86.5,157.20833333333334,5.156521739130435,1.4208333333333332,22.6,27.3
2024-01-12,0.0,1008.5608695652173,1712.7066666666665,23.565217391304348,18.713043478260868,75.73913043478261,125.34782608695652,5.48695652173913,1.5608695652173912,20.5,26.8
2024-01-13,0.0,1009.5272727272727,1990.6000000000001,23.413636363636364,16.63181818181818,67.0,112.18181818181819,6.509090909090909,2.1045454545454545,18.7,27.6
2024-01-14,1.6333333333333335,1005.4708333333333,1930.957142857143,25.825,20.120833333333334,72.625,182.41666666666666,5.295833333333333,1.7625,20.5,34.8
2024-01-15,0.008695652173913044,1004.7913043478261,1841.0928571428574,25.565217391304348,21.431818181818183,80.5909090909091,215.30434782608697,4.034782608695652,1.1869565217391305,21.6,31.5
2024-01-16,0.0,1004.0333333333334,1368.6399999999999,26.858333333333338,22.070833333333336,76.83333333333333,107.33333333333333,4.220833333333333,1.275,22.3,32.6
2024-01-17,2.8666666666666667,1006.6458333333334,629.58125,23.354166666666668,21.2,88.04166666666667,107.83333333333333,9.208333333333334,2.4499999999999997,20.8,26.3
2024-01-18,0.0,1004.9708333333333,1120.5933333333335,25.833333333333332,22.229166666666668,80.83333333333333,101.04166666666667,7.7749999999999995,2.4250000000000003,23.8,28.9
2024-01-19,0.7583333333333333,1002.225,1564.1666666666667,26.441666666666666,23.09166666666667,82.875,155.08333333333334,4.079166666666667,1.2125000000000001,23.1,31.6
2024-01-20,0.8000000000000002,1003.3250000000002,960.8799999999999,24.3125,22.287499999999998,89.125,163.33333333333334,5.283333333333333,1.3291666666666666,22.8,26.3
2024-01-21,0.08333333333333333,1009.75,1700.2066666666665,23.35833333333333,18.21666666666667,74.5,128.08333333333334,6.916666666666667,2.025,20.9,25.2
2024-01-22,0.0,1012.9333333333334,1790.5066666666667,22.587500000000002,16.370833333333334,69.0,118.95833333333333,7.1375,2.2416666666666667,19.6,25.6
2024-01-23,0.0,1012.9249999999998,1581.3357142857142,22.520833333333332,15.829166666666666,66.70833333333333,119.66666666666667,8.0875,2.4791666666666665,19.1,25.6
2024-01-24,0.15,1011.8833333333332,1129.2933333333335,21.46666666666667,16.295833333333334,72.91666666666667,114.625,6.820833333333334,2.066666666666667,19.2,24.9
2024-01-25,0.0,1012.1916666666666,1640.4714285714288,22.537499999999998,15.529166666666669,66.875,121.29166666666667,6.621739130434782,2.0375,18.8,26.4
2024-01-26,0.0,1013.0043478260869,1077.5333333333333,22.02173913043478,16.769565217391307,73.26086956521739,117.18181818181819,5.8999999999999995,1.781818181818182,18.9,25.3
2024-01-27,0.0,1011.3041666666667,1191.38,22.48333333333333,17.079166666666666,72.16666666666667,118.375,5.470833333333334,1.7166666666666666,19.8,25.0
2024-01-28,0.4166666666666667,1008.9291666666668,1051.3357142857144,22.662499999999998,19.275000000000002,82.125,114.66666666666667,5.033333333333334,1.5083333333333335,20.3,27.2
2024-01-29,0.008695652173913044,1007.0,1035.1133333333335,23.273913043478263,19.917391304347827,82.47826086956522,155.34782608695653,3.2086956521739127,0.9347826086956522,20.3,27.1
2024-01-30,0.0,1006.5416666666666,1873.707142857143,24.441666666666666,19.020833333333332,73.91666666666667,155.25,3.4291666666666667,1.0958333333333334,21.5,28.7
2024-01-31,0.0,1008.0083333333333,1898.9466666666665,24.39166666666667,18.479166666666668,71.29166666666667,135.58333333333334,3.5500000000000003,1.1125,19.1,29.9
2024-02-01,0.0,1010.5625,2068.6428571428573,25.020833333333332,18.900000000000002,72.0,120.5,5.0,1.4958333333333333,20.0,31.7
2024-02-02,0.0,1012.1708333333332,2153.5499999999997,25.04583333333333,19.116666666666664,71.33333333333333,115.375,6.370833333333333,1.9375,20.4,30.4
2024-02-03,0.0,1008.9541666666668,2081.3357142857144,26.7,18.966666666666665,65.04166666666667,107.0,4.566666666666667,1.4124999999999999,20.8,34.3
2024-02-04,0.0,1006.9416666666666,1355.1846153846154,27.883333333333336,21.575,69.70833333333333,170.41666666666666,3.295833333333333,1.0125,23.6,32.7
2024-02-05,0.3583333333333332,1009.6166666666668,1225.54375,26.724999999999998,22.84583333333333,80.16666666666667,165.04166666666666,4.845833333333334,1.5041666666666667,23.9,29.6
2024-02-06,0.0,1010.625,1551.2357142857143,26.27916666666667,21.958333333333332,77.95833333333333,121.54166666666667,5.925,1.8916666666666666,23.1,29.7
2024-02-07,0.0,1007.9916666666668,1865.9142857142856,26.50833333333333,22.008333333333336,77.66666666666667,134.58333333333334,5.75,1.7583333333333335,22.6,31.9
2024-02-08,0.0,1006.2875,1903.7714285714285,27.412499999999998,22.441666666666663,76.0,174.0,4.833333333333333,1.4541666666666666,23.9,33.3
2024-02-09,0.0,1006.9416666666666,1725.314285714286,28.633333333333336,23.350000000000005,74.70833333333333,144.75,5.2,1.5166666666666666,24.3,33.4
2024-02-10,0.0,1007.7291666666666,1901.707142857143,29.399999999999995,23.3,71.29166666666667,111.125,5.55,1.5833333333333333,25.6,35.1
2024-02-11,0.0,1007.3874999999999,1474.823076923077,29.575,22.925,68.91666666666667,202.45833333333334,4.116666666666666,1.4000000000000001,26.2,34.1
2024-02-12,0.0,1005.1625,1257.3714285714286,30.287500000000005,22.445833333333336,63.958333333333336,193.95833333333334,3.6041666666666665,1.2375,26.6,35.1
2024-02-13,1.1916666666666667,1007.4583333333334,235.76153846153844,24.058333333333334,21.849999999999998,88.08333333333333,167.29166666666666,5.629166666666666,1.3625,20.2,28.1
2024-02-14,0.0,1013.1166666666664,1278.5235294117647,22.475000000000005,16.183333333333334,68.45833333333333,113.04166666666667,6.270833333333333,1.8666666666666665,20.0,25.6
2024-02-15,0.0,1012.0083333333332,1537.3000000000004,23.40416666666667,16.804166666666664,67.08333333333333,112.91666666666667,7.495833333333334,2.4208333333333334,20.3,27.1
2024-02-16,0.9583333333333334,1009.3583333333332,326.14285714285717,21.77916666666667,18.95,84.25,110.41666666666667,5.825,1.5416666666666667,20.0,23.0
2024-02-17,0.008333333333333333,1006.9791666666666,1128.6357142857144,23.791666666666668,20.254166666666666,81.29166666666667,119.875,5.570833333333333,1.6958333333333335,20.9,27.6
2024-02-18,0.0,1005.5708333333333,1926.276923076923,25.695833333333336,21.825,80.29166666666667,105.29166666666667,5.558333333333334,1.7833333333333332,22.1,29.6
2024-02-19,0.0,1003.2416666666667,1661.6153846153845,25.570833333333336,21.183333333333334,77.75,125.54166666666667,6.520833333333333,2.0375,23.0,28.9
2024-02-20,0.0,1003.9874999999998,1728.5384615384614,24.004166666666666,18.962500000000002,74.375,122.33333333333333,5.225,1.7083333333333333,19.9,26.5
2024-02-21,0.0,1004.5375,1830.6923076923076,23.962499999999995,18.566666666666666,73.08333333333333,124.625,4.7875000000000005,1.4708333333333332,19.4,28.0
2024-02-22,0.0,1003.1166666666667,1558.0076923076922,25.15416666666667,20.858333333333334,78.625,98.625,4.383333333333333,1.4208333333333332,21.5,29.6
2024-02-23,0.0,1004.1916666666666,1992.7846153846153,27.4875,21.429166666666664,72.04166666666667,160.91666666666666,3.4333333333333336,1.125,22.4,33.9
2024-02-24,0.0,1010.0458333333335,1889.5846153846153,27.604166666666668,21.920833333333334,72.0,121.29166666666667,5.166666666666667,1.616666666666667,24.1,31.2
2024-02-25,0.0,1014.6791666666667,1527.823076923077,25.675,21.595833333333335,78.91666666666667,119.25,6.575,2.0625,23.3,28.7
2024-02-26,0.15,1011.7458333333334,738.6846153846153,24.337499999999995,21.1375,82.625,107.66666666666667,8.516666666666667,2.3791666666666664,23.5,25.9
2024-02-27,0.8833333333333333,1003.5583333333333,883.1153846153846,25.20416666666667,22.883333333333336,87.54166666666667,196.41666666666666,4.141666666666667,1.1791666666666665,23.2,29.9
2024-02-28,0.008333333333333333,1005.4166666666666,1000.4933333333335,25.9375,22.537499999999998,82.54166666666667,132.95833333333334,3.1041666666666665,0.9708333333333333,22.8,29.1
2024-02-29,0.0,1007.35,1473.853846153846,26.275000000000002,22.641666666666666,81.83333333333333,148.29166666666666,3.033333333333333,0.9874999999999999,23.3,30.6
2024-03-01,0.0,1008.1565217391304,1329.0666666666666,26.130434782608695,22.41304347826087,80.82608695652173,125.1304347826087,5.465217391304349,1.7739130434782608,24.2,29.1
2024-03-02,0.0,1006.6583333333333,1922.6999999999998,26.912500000000005,21.508333333333336,74.25,134.91666666666666,4.8875,1.5125,22.8,32.7
2024-03-03,0.0,1005.5217391304348,1257.8769230769233,26.247826086956525,22.343478260869563,79.52173913043478,182.04347826086956,4.886956521739131,1.4434782608695653,24.2,28.5
2024-03-04,0.0,1009.85,433.10769230769233,22.54583333333333,17.758333333333336,74.41666666666667,132.0,5.6875,1.5583333333333336,21.8,23.5
2024-03-05,0.0,1010.6291666666666,1789.284615384615,22.01666666666667,14.0375,61.916666666666664,128.54166666666666,4.179166666666666,1.2416666666666665,18.8,26.0
2024-03-06,0.0,1010.7913043478261,1650.9583333333333,21.043478260869566,14.126086956521737,66.08695652173913,131.2608695652174,4.056521739130435,1.3043478260869568,16.3,26.0
2024-03-07,0.0,1010.6782608695652,1485.2833333333335,23.84347826086957,17.59565217391304,68.95652173913044,117.65217391304348,5.07391304347826,1.5260869565217392,19.8,29.7
2024-03-08,2.225,1008.275,201.83076923076925,23.0,21.037499999999998,89.04166666666667,111.75,4.8125,1.2083333333333333,21.5,23.9
2024-03-09,0.0,1004.4125,1224.5615384615385,25.270833333333332,22.537499999999998,85.375,182.83333333333334,3.725,1.1625,22.6,28.9
2024-03-10,0.0,1008.35,1299.353846153846,24.554166666666664,21.183333333333334,82.33333333333333,216.95833333333334,3.4499999999999997,1.1416666666666666,21.7,27.9
2024-03-11,0.0,1011.1333333333333,1896.253846153846,23.850000000000005,18.716666666666665,75.875,105.29166666666667,4.733333333333333,1.4249999999999998,19.6,30.0
2024-03-12,0.0,1009.4833333333332,1682.3923076923077,24.974999999999998,19.141666666666666,72.25,143.91666666666666,4.895652173913043,1.4166666666666667,19.6,32.6
2024-03-13,0.0,1007.0749999999999,1564.0538461538458,26.354166666666668,20.970833333333335,74.54166666666667,189.95833333333334,3.533333333333333,1.0125,21.5,33.0
2024-03-14,0.0,1005.2249999999999,1781.5153846153846,28.320833333333336,20.616666666666664,65.875,170.04166666666666,2.9583333333333335,0.9958333333333335,23.0,34.9
2024-03-15,0.0,1004.2000000000002,628.4,26.366666666666664,21.341666666666665,74.25,183.16666666666666,4.120833333333334,1.2291666666666667,25.1,27.8
2024-03-16,0.125,1002.1124999999998,700.3307692307692,25.416666666666668,22.575,84.79166666666667,153.58333333333334,3.3333333333333335,0.9666666666666668,23.1,28.9
2024-03-17,0.008333333333333333,1004.4583333333334,697.3571428571429,25.020833333333332,22.2,84.83333333333333,181.95833333333334,3.4125,0.9375,23.3,27.2
2024-03-18,0.0,1004.9041666666667,1753.1615384615384,26.90416666666667,22.279166666666665,77.66666666666667,109.08333333333333,3.9500000000000006,1.1541666666666666,22.7,32.9
2024-03-19,0.0,1003.8208333333333,1061.4769230769232,27.354166666666668,23.179166666666664,78.54166666666667,177.66666666666666,3.1958333333333333,1.1375000000000002,25.0,30.4
2024-03-20,0.0,999.9041666666667,1715.569230769231,28.95,23.0125,73.125,159.625,4.0874999999999995,1.3,23.9,35.8
2024-03-21,0.5166666666666666,1000.4791666666666,380.8153846153846,23.604166666666668,20.77916666666667,84.45833333333333,214.625,8.245833333333334,2.1125000000000003,19.5,28.4
2024-03-22,0.016666666666666666,1015.7916666666666,1776.4846153846154,20.28333333333333,14.316666666666668,69.91666666666667,176.125,5.0625,1.3,16.8,23.8
2024-03-23,0.0,1016.7125000000001,1360.246153846154,21.154166666666665,14.770833333333334,67.625,108.375,6.266666666666667,1.929166666666667,18.0,25.5
2024-03-24,0.0,1011.7541666666666,1726.8384615384616,23.441666666666663,15.983333333333334,64.41666666666667,142.20833333333334,3.9958333333333336,1.2125000000000001,18.0,29.1
2024-03-25,0.0,1009.4958333333334,1564.1615384615384,23.116666666666664,18.412499999999998,76.08333333333333,171.875,3.5999999999999996,1.1624999999999999,19.6,26.8
2024-03-26,0.0,1011.5166666666668,1467.5846153846153,21.733333333333334,17.2875,77.25,126.83333333333333,3.9791666666666665,1.2416666666666667,18.1,25.5
2024-03-27,0.0,1010.8916666666668,1392.5846153846153,23.15833333333333,17.575,72.0,116.25,4.875,1.5958333333333332,19.6,27.7
2024-03-28,0.0,1010.5333333333333,1402.7307692307693,24.45,19.724999999999998,76.5,138.70833333333334,4.354166666666667,1.4124999999999999,20.6,29.4
2024-03-29,0.5083333333333333,1009.8000000000001,1514.6499999999999,25.145833333333332,20.283333333333335,76.70833333333333,165.41666666666666,4.4750000000000005,1.175,21.0,31.7
2024-03-30,0.0,1008.2041666666668,1643.676923076923,23.575,18.59583333333333,75.58333333333333,185.58333333333334,3.5583333333333336,1.1458333333333333,18.3,29.8
2024-03-31,0.0,1006.8333333333334,1499.9384615384615,24.90416666666667,20.004166666666666,76.54166666666667,173.75,3.2624999999999997,1.1041666666666667,20.6,30.9
2024-04-01,0.0,1006.2041666666665,1429.5076923076922,25.558333333333337,20.954166666666666,77.25,101.0,4.5874999999999995,1.3333333333333333,22.3,30.6
2024-04-02,0.0,1006.4333333333334,457.7846153846154,22.483333333333334,19.104166666666668,81.29166666666667,201.0,4.729166666666667,1.275,21.0,24.4
2024-04-03,0.0,1006.8458333333333,1510.276923076923,23.145833333333332,18.933333333333334,78.29166666666667,115.04166666666667,4.1375,1.2458333333333333,18.8,29.2
2024-04-04,0.0,1007.6541666666667,503.9230769230769,23.724999999999998,20.775000000000002,83.79166666666667,155.58333333333334,4.854166666666667,1.3,22.5,25.8
2024-04-05,0.0,1011.9208333333335,478.45384615384614,22.683333333333334,19.366666666666664,81.91666666666667,144.375,4.191666666666666,1.1125,21.1,24.0
2024-04-06,0.0,1013.4166666666666,1347.776923076923,20.579166666666666,14.941666666666665,71.33333333333333,111.0,5.608333333333333,1.7458333333333333,17.0,24.5
2024-04-07,0.3,1008.9208333333335,362.3818181818182,20.25,17.083333333333332,82.45833333333333,112.625,4.75,1.2375,19.0,21.4
2024-04-08,0.0,1007.15,1115.876923076923,22.77916666666667,19.916666666666668,84.875,153.04166666666666,2.5541666666666667,0.8083333333333335,19.8,27.2
2024-04-09,0.0,1006.9791666666666,1315.676923076923,24.53333333333333,20.712500000000002,79.91666666666667,166.29166666666666,3.170833333333333,1.1083333333333334,21.2,29.4
2024-04-10,0.0,1007.9874999999998,509.7307692307692,23.058333333333334,20.070833333333336,83.70833333333333,133.41666666666666,4.566666666666666,1.2249999999999999,22.0,24.7
2024-04-11,0.23333333333333336,1013.0333333333333,373.77272727272725,19.891666666666666,17.954166666666666,88.83333333333333,135.20833333333334,6.833333333333333,2.0250000000000004,17.8,21.9
2024-04-12,0.041666666666666664,1014.9375,356.1166666666666,19.654166666666665,17.662499999999998,88.16666666666667,126.75,7.9375,2.4583333333333335,17.9,21.6
2024-04-13,0.3916666666666666,1011.3041666666668,221.9083333333333,20.858333333333334,19.429166666666664,91.58333333333333,117.16666666666667,8.4125,2.2375000000000003,19.9,21.7
2024-04-14,0.24166666666666667,1007.8874999999999,712.875,22.587500000000002,20.275000000000002,87.125,106.66666666666667,7.9375,2.1916666666666664,20.2,26.1
2024-04-15,0.16666666666666666,1006.1458333333334,926.25,25.10833333333333,21.754166666666663,82.20833333333333,90.33333333333333,5.579166666666666,1.6458333333333333,23.0,29.6
2024-04-16,1.2916666666666667,1005.0541666666667,208.90714285714284,23.175,21.53333333333333,90.625,112.25,4.729166666666667,1.1583333333333334,21.5,24.1
2024-04-17,0.0,1009.0541666666668,1291.4384615384613,20.22083333333333,15.383333333333333,75.08333333333333,280.5416666666667,7.204166666666667,2.1750000000000003,17.8,22.5
2024-04-18,0.0,1011.9458333333332,1513.875,19.325,13.229166666666666,69.54166666666667,270.2083333333333,5.191666666666666,1.5625,14.4,25.1
2024-04-19,0.0,1012.4625,1427.325,20.10833333333333,14.654166666666669,73.29166666666667,195.41666666666666,2.2304347826086954,0.8249999999999998,15.5,25.6
2024-04-20,0.0,1012.1833333333334,1508.55,21.041666666666668,14.520833333333334,69.20833333333333,184.58333333333334,3.3625000000000003,1.1666666666666667,15.5,27.6
2024-04-21,0.0,1009.5041666666666,1479.675,21.054166666666667,15.420833333333334,72.5,199.45833333333334,3.1333333333333333,1.0999999999999999,15.6,27.6
2024-04-22,0.0,1007.5043478260869,480.47272727272724,20.495652173913044,17.243478260869566,81.8695652173913,92.43478260869566,2.5863636363636364,0.773913043478261,17.6,23.4
2024-04-23,0.0,1005.6608695652175,905.3454545454545,22.773913043478263,19.330434782608698,82.26086956521739,222.69565217391303,2.0545454545454547,0.7434782608695653,19.2,27.5
2024-04-24,0.34782608695652173,1009.4,716.1083333333335,21.58695652173913,17.517391304347825,78.91304347826087,192.69565217391303,4.1,1.108695652173913,18.8,24.2
2024-04-25,0.008333333333333333,1011.2625000000002,1431.1272727272726,19.408333333333335,13.870833333333332,71.20833333333333,111.0,5.020833333333333,1.508333333333333,16.7,24.0
2024-04-26,0.09166666666666667,1006.3291666666668,324.93333333333334,20.92083333333333,18.8125,87.75,135.54166666666666,2.8541666666666665,0.8624999999999999,19.0,23.8
2024-04-27,1.75,1001.3541666666666,185.18461538461537,23.666666666666668,20.8,84.41666666666667,163.20833333333334,5.1,1.3875,20.5,26.1
2024-04-28,0.24166666666666667,1007.1791666666664,735.6916666666666,18.970833333333335,16.075,84.0,175.33333333333334,4.558333333333334,1.2041666666666666,16.9,21.1
2024-04-29,1.6583333333333332,1005.6625,94.25,19.745833333333334,17.945833333333333,89.66666666666667,104.29166666666667,5.495833333333334,1.3499999999999999,19.0,20.4
2024-04-30,4.541666666666667,1005.1291666666666,22.863636363636363,20.0625,19.4125,95.91666666666667,91.45833333333333,6.983333333333334,1.6291666666666664,19.2,20.7
2024-05-01,2.308333333333333,1003.6541666666667,71.09166666666667,19.791666666666668,19.09166666666667,95.625,168.91666666666666,5.591666666666668,1.4875,19.3,20.5
2024-05-02,3.9333333333333336,999.9083333333334,98.21818181818183,19.537499999999998,18.933333333333334,96.25,182.29166666666666,6.2124999999999995,1.4083333333333334,17.6,20.4
2024-05-03,0.1416666666666667,1007.6666666666666,324.57272727272726,17.133333333333333,16.104166666666668,93.83333333333333,138.875,5.9624999999999995,1.75,16.5,17.7
2024-05-04,0.3916666666666666,1007.25,465.90909090909093,20.129166666666666,18.9875,93.375,161.33333333333334,3.0041666666666664,0.8708333333333332,18.1,22.6
2024-05-05,0.975,1008.8291666666668,942.2727272727273,22.087500000000002,20.041666666666668,89.04166666666667,100.04166666666667,4.2124999999999995,1.2125000000000001,19.4,27.4
2024-05-06,0.0,1004.8916666666668,1315.0454545454545,25.541666666666668,19.783333333333335,73.875,155.0,4.05,1.4166666666666667,21.2,32.3
2024-05-07,0.0,1002.5458333333332,1273.2454545454545,25.724999999999998,19.583333333333332,71.58333333333333,149.375,4.258333333333334,1.45,20.4,32.2
2024-05-08,0.25,1000.1875,686.0416666666666,26.204166666666666,19.566666666666666,68.5,197.08333333333334,7.095833333333334,2.295833333333333,23.1,31.3
2024-05-09,0.0,1012.6333333333333,1203.3181818181818,18.129166666666666,13.491666666666667,75.0,204.33333333333334,4.545833333333333,1.325,15.3,22.8
2024-05-10,1.55,1009.9625,106.69166666666666,15.691666666666668,13.570833333333333,87.375,117.58333333333333,5.091666666666666,1.6624999999999999,12.9,17.7
2024-05-11,0.9499999999999998,1006.3291666666668,125.44166666666668,18.295833333333334,17.795833333333334,97.0,240.66666666666666,2.470833333333333,0.8125,17.2,19.4
2024-05-12,2.8166666666666664,1002.5916666666666,117.26666666666667,19.395833333333332,18.895833333333332,96.875,169.3913043478261,3.4166666666666665,1.034782608695652,18.9,20.2
2024-05-13,0.5583333333333333,1006.3458333333334,359.1571428571429,17.220833333333335,15.629166666666668,90.41666666666667,217.04347826086956,7.3590909090909085,2.0347826086956524,15.6,19.4
2024-05-14,0.0,1015.5333333333334,1186.2,13.245833333333332,7.845833333333334,70.45833333333333,244.33333333333334,6.329166666666666,1.8208333333333335,10.9,15.0
2024-05-15,0.0,1015.3791666666666,1345.0272727272727,11.658333333333333,6.266666666666667,70.875,265.3333333333333,4.108333333333333,1.3541666666666667,8.0,14.7
2024-05-16,0.25833333333333336,1009.4458333333333,195.00833333333335,10.616666666666665,8.862499999999999,89.29166666666667,145.91666666666666,1.9500000000000002,0.7541666666666668,7.3,12.8
2024-05-17,0.2583333333333333,1010.7458333333334,991.0923076923077,13.587499999999999,10.079166666666667,81.04166666666667,271.75,3.4749999999999996,1.0791666666666668,12.2,16.3
2024-05-18,0.0,1014.85,674.709090909091,12.908333333333331,10.279166666666667,84.70833333333333,122.41666666666667,3.3083333333333336,0.8875000000000001,10.4,15.7
2024-05-19,0.09999999999999999,1014.7874999999999,267.7416666666667,14.066666666666668,12.770833333333334,91.91666666666667,243.95833333333334,3.179166666666667,1.0291666666666666,12.9,15.1
2024-05-20,0.008333333333333333,1014.9625,493.3181818181818,14.8125,12.666666666666666,87.25,239.625,4.5874999999999995,1.4083333333333332,14.0,16.6
2024-05-21,0.008333333333333333,1012.7958333333332,1180.0454545454545,16.8375,13.416666666666666,82.75,111.83333333333333,2.845833333333333,0.8666666666666667,13.0,24.0
2024-05-22,0.0,1007.5749999999999,960.9272727272728,20.504166666666666,16.970833333333335,81.125,114.70833333333333,2.9791666666666665,1.0166666666666666,16.3,26.7
2024-05-23,5.258333333333334,1004.75,32.14545454545455,19.0,17.879166666666666,93.29166666666667,138.375,4.466666666666667,1.1583333333333334,17.7,21.1
2024-05-24,0.8666666666666666,1005.7416666666668,227.0533333333333,15.983333333333334,15.108333333333334,94.66666666666667,200.5,6.7250000000000005,1.9416666666666667,12.2,17.4
2024-05-25,0.008333333333333333,1018.1333333333333,450.9416666666666,11.2125,8.245833333333332,82.04166666666667,264.0,5.537499999999999,1.6458333333333333,10.2,12.3
2024-05-26,0.05833333333333333,1021.1291666666666,672.2090909090908,11.641666666666666,8.700000000000001,82.70833333333333,184.29166666666666,4.175000000000001,1.1666666666666667,9.9,14.1
2024-05-27,1.1523809523809523,1014.6380952380953,193.92727272727276,14.609523809523811,13.47142857142857,93.0952380952381,146.61904761904762,4.55,1.361904761904762,12.2,16.1
2024-05-28,0.03333333333333333,1012.0083333333333,255.12142857142857,11.754166666666668,8.9125,83.0,284.8333333333333,8.733333333333333,2.625,10.7,13.8
2024-05-29,0.09999999999999999,1017.7916666666666,893.0545454545453,13.920833333333334,12.333333333333334,90.54166666666667,248.29166666666666,3.2086956521739136,1.0208333333333333,12.1,17.2
2024-05-30,0.0,1018.7916666666666,898.2272727272727,13.1875,10.933333333333332,87.04166666666667,179.45833333333334,2.2833333333333337,0.7083333333333334,11.7,16.4
2024-05-31,0.008333333333333333,1018.3958333333334,1037.090909090909,12.820833333333333,10.475,86.66666666666667,112.54166666666667,2.775,1.0,8.6,18.4
2024-06-01,0.008333333333333333,1014.4083333333333,1038.7636363636366,14.783333333333333,10.716666666666667,79.16666666666667,158.25,2.6458333333333335,1.0,9.7,21.7
2024-06-02,0.0,1011.5708333333333,1134.109090909091,18.516666666666666,13.237499999999999,74.0,165.875,3.0625,1.075,13.7,26.3
2024-06-03,0.6333333333333333,1017.6333333333333,324.38,13.079166666666666,11.179166666666665,88.33333333333333,163.66666666666666,5.204166666666667,1.1791666666666665,10.4,18.1
2024-06-04,0.0,1020.1416666666668,860.2636363636365,12.5875,9.508333333333333,82.20833333333333,116.04166666666667,3.9500000000000006,1.2458333333333333,8.1,16.9
2024-06-05,0.03333333333333333,1014.9500000000002,881.1,15.929166666666665,12.85,82.91666666666667,125.08333333333333,3.216666666666667,0.9958333333333335,12.6,22.3
2024-06-06,0.0,1012.7875,998.0818181818183,18.695833333333333,16.116666666666664,86.0,188.66666666666666,2.4666666666666663,0.8541666666666666,14.8,25.3
2024-06-07,0.0,1013.9333333333334,1078.7,20.25,16.858333333333334,82.91666666666667,164.125,1.8125,0.6666666666666666,16.5,25.9
2024-06-08,0.0,1013.8416666666666,924.7727272727273,20.120833333333334,16.945833333333333,83.75,108.45833333333333,1.8,0.6916666666666668,15.5,25.9
2024-06-09,0.0,1007.5541666666664,1004.3818181818181,21.704166666666666,16.5125,74.83333333333333,147.66666666666666,3.904166666666667,1.3958333333333333,16.2,28.7
2024-06-10,0.0,1007.3333333333334,808.0,21.875,16.983333333333334,74.45833333333333,181.125,4.130434782608695,1.2000000000000002,19.5,25.6
2024-06-11,0.0,1013.3791666666666,301.19090909090914,17.95,16.066666666666666,88.95833333333333,122.5,4.358333333333333,1.3583333333333334,16.4,20.1
2024-06-12,0.0,1010.4375,966.7666666666665,21.333333333333332,17.170833333333334,80.08333333333333,206.41666666666666,2.625,0.9416666666666668,17.5,29.4
2024-06-13,0.0,1006.4125,928.2636363636364,22.529166666666665,15.200000000000001,65.58333333333333,147.70833333333334,3.7708333333333335,1.3416666666666668,17.8,28.4
2024-06-14,0.0,1004.3125,1017.1363636363636,24.770833333333332,14.391666666666666,54.166666666666664,145.58333333333334,4.637499999999999,1.6291666666666667,19.9,31.2
2024-06-15,0.3166666666666667,1008.1124999999998,125.65,21.625,16.333333333333332,74.20833333333333,164.91666666666666,4.5125,1.3208333333333335,17.7,25.5
2024-06-16,1.575,1010.7083333333334,77.31818181818181,17.625,16.8875,95.5,113.375,6.429166666666667,1.879166666666667,17.5,17.8
2024-06-17,0.016666666666666666,1006.4291666666667,307.8181818181818,17.97083333333333,16.925,93.54166666666667,183.0,3.4875000000000003,1.1291666666666667,17.4,19.2
2024-06-18,0.0,1004.6791666666667,680.4818181818181,19.254166666666666,16.875,86.625,142.04166666666666,2.8375,0.9,17.1,22.2
2024-06-19,2.933333333333333,1007.1208333333333,267.3363636363636,18.204166666666666,16.974999999999998,92.58333333333333,99.79166666666667,4.770833333333333,1.2791666666666666,17.5,19.0
2024-06-20,0.0,1012.0416666666666,270.1727272727273,18.254166666666666,16.912499999999998,92.0,156.08333333333334,3.1749999999999994,0.9583333333333334,17.7,19.6
2024-06-21,0.6749999999999999,1011.2458333333333,192.8090909090909,18.15,17.162499999999998,94.04166666666667,140.70833333333334,4.579166666666667,1.325,17.4,19.0
2024-06-22,0.008333333333333333,1004.7291666666666,1023.0363636363636,21.016666666666666,16.454166666666666,77.79166666666667,161.04166666666666,2.15,0.7000000000000001,16.2,29.1
2024-06-23,0.5499999999999999,1001.3291666666668,613.2181818181817,21.6125,17.991666666666667,80.58333333333333,158.79166666666666,3.8791666666666664,1.0416666666666667,18.6,25.2
2024-06-24,0.08333333333333333,1011.15,290.65999999999997,14.579166666666666,12.341666666666667,86.54166666666667,162.375,4.85,1.1875,13.2,17.2
2024-06-25,0.0,1018.1833333333334,804.1909090909091,12.516666666666666,7.879166666666666,74.20833333333333,137.08333333333334,4.3125,1.2875,10.6,14.6
2024-06-26,0.5166666666666667,1011.0708333333332,328.05454545454546,12.291666666666666,11.204166666666666,93.16666666666667,194.0,5.1625,1.3499999999999999,11.0,13.1
2024-06-27,0.008333333333333333,1009.0750000000002,1086.1636363636362,12.350000000000001,8.075000000000001,76.625,280.0,6.2375,2.0083333333333333,10.1,16.3
2024-06-28,0.0,1004.9583333333334,1032.1545454545455,13.458333333333334,9.816666666666666,79.79166666666667,201.29166666666666,4.575,1.5,9.7,18.2
2024-06-29,0.0,1014.1375000000002,1152.9454545454544,10.2625,3.3083333333333336,62.958333333333336,265.0,8.625,2.658333333333333,8.1,13.0
2024-06-30,0.0,1017.6875,1156.209090909091,7.837500000000001,0.6791666666666667,61.541666666666664,273.2083333333333,5.854166666666667,1.8541666666666667,4.9,11.5
2024-07-01,0.0,1016.0499999999998,1154.4454545454546,8.450000000000001,2.6833333333333336,69.75,234.83333333333334,3.016666666666667,1.0374999999999999,4.0,14.8
2024-07-02,0.0,1013.2416666666667,1145.6454545454544,12.120833333333332,6.1375,71.20833333333333,171.54166666666666,1.6291666666666667,0.5791666666666667,6.0,22.3
2024-07-03,0.0,1008.65,484.41538461538465,15.104166666666666,10.145833333333334,73.16666666666667,206.04166666666666,2.204166666666666,0.7375000000000002,11.7,19.4
2024-07-04,0.008333333333333333,1010.7541666666666,165.45999999999998,12.65,8.929166666666667,78.45833333333333,133.20833333333334,4.920833333333333,1.4041666666666668,11.8,14.1
2024-07-05,0.4666666666666666,1015.975,75.68333333333334,10.954166666666666,9.691666666666668,91.95833333333333,166.83333333333334,3.4625000000000004,0.9333333333333332,9.5,12.0
2024-07-06,0.008333333333333333,1020.7875,1142.2272727272727,8.491666666666667,4.029166666666666,74.75,115.25,3.4125,1.0708333333333335,3.5,12.5
2024-07-07,0.016666666666666666,1017.6791666666667,325.71818181818185,10.479166666666666,8.1875,85.79166666666667,139.125,4.679166666666667,1.1333333333333335,8.9,11.8
2024-07-08,0.0,1019.3166666666666,520.6999999999999,9.625,5.716666666666666,76.75,168.70833333333334,4.9750000000000005,1.1791666666666667,8.4,10.9
2024-07-09,0.025000000000000005,1019.0541666666667,555.3363636363637,7.720833333333334,2.9499999999999997,72.08333333333333,158.0,4.1125,1.0166666666666666,6.6,9.5
2024-07-10,0.9500000000000001,1013.65,228.3090909090909,8.6625,7.991666666666667,95.41666666666667,217.41666666666666,2.8249999999999997,0.9208333333333334,8.0,9.8
2024-07-11,0.008333333333333333,1015.9666666666666,255.22727272727272,10.041666666666666,8.691666666666668,91.45833333333333,262.9166666666667,2.2333333333333334,0.7166666666666668,9.1,11.6
2024-07-12,0.008333333333333333,1024.3875,714.5545454545455,10.408333333333333,7.308333333333334,81.45833333333333,210.91666666666666,4.491666666666666,1.1958333333333333,8.7,12.4
2024-07-13,0.03333333333333333,1024.7791666666667,173.03636363636363,10.670833333333333,8.929166666666665,88.83333333333333,172.66666666666666,4.191666666666666,1.0041666666666667,9.4,12.7
2024-07-14,0.45,1020.5166666666665,331.37272727272733,13.604166666666666,12.475,93.0,129.83333333333334,6.358333333333334,1.7124999999999997,12.9,14.5
2024-07-15,0.008333333333333333,1023.2999999999998,679.9363636363636,14.533333333333331,11.637500000000001,83.70833333333333,131.83333333333334,5.075,1.6291666666666664,12.7,17.2
2024-07-16,0.075,1021.1875,434.7818181818182,15.5875,13.608333333333334,88.125,114.91666666666667,5.912499999999999,1.7541666666666667,14.2,17.6
2024-07-17,0.0,1017.6833333333334,754.9545454545455,15.924999999999999,13.529166666666667,85.95833333333333,191.33333333333334,4.029166666666667,1.2791666666666668,13.4,18.0
2024-07-18,0.0,1016.9,1127.2363636363639,15.262500000000001,12.679166666666667,85.41666666666667,144.20833333333334,2.6458333333333335,0.8541666666666666,12.4,19.7
2024-07-19,0.0,1017.625,1209.090909090909,15.879166666666668,12.191666666666668,81.41666666666667,200.125,2.5000000000000004,0.7833333333333335,10.7,25.0
2024-07-20,0.0,1019.6458333333334,466.09090909090907,14.862499999999999,12.933333333333332,88.375,126.66666666666667,3.9791666666666665,1.0625,13.3,17.6
2024-07-21,0.0,1015.025,1065.7272727272727,16.466666666666665,13.116666666666665,81.79166666666667,136.875,3.0749999999999997,0.975,13.3,21.7
2024-07-22,0.0,1015.9583333333334,1123.6545454545455,17.4875,14.708333333333334,84.875,186.08333333333334,2.125,0.7999999999999999,13.8,23.3
2024-07-23,0.008333333333333333,1016.7416666666668,1127.9454545454546,18.8625,14.716666666666667,80.0,126.08333333333333,2.0708333333333333,0.7166666666666668,13.4,27.7
2024-07-24,0.0,1015.25,1185.6818181818182,21.045833333333334,13.254166666666668,64.75,147.29166666666666,3.470833333333333,1.2666666666666666,15.0,28.4
2024-07-25,0.0,1011.375,827.9272727272727,19.479166666666668,13.783333333333331,70.25,154.75,3.2875,1.0374999999999999,16.2,24.3
2024-07-26,0.0,1012.2833333333333,987.9454545454547,17.900000000000002,14.329166666666666,80.41666666666667,111.95833333333333,4.354166666666667,1.4625000000000001,15.6,21.7
2024-07-27,0.025000000000000005,1011.8333333333334,571.7727272727273,16.854166666666668,15.279166666666667,90.58333333333333,161.83333333333334,2.6750000000000003,0.8208333333333334,15.3,19.3
2024-07-28,0.19999999999999998,1014.2625000000002,166.76363636363638,15.449999999999998,14.629166666666668,94.875,140.5,4.470833333333334,1.2333333333333334,14.6,17.1
2024-07-29,0.7833333333333333,1019.4875000000001,294.1727272727273,12.1875,10.333333333333334,88.70833333333333,170.04166666666666,6.629166666666666,1.6208333333333336,10.7,14.2
2024-07-30,0.0,1022.5416666666666,1291.2272727272727,12.699999999999998,8.354166666666666,76.45833333333333,116.70833333333333,5.758333333333333,1.7749999999999997,9.2,17.4
2024-07-31,0.0,1017.1666666666666,1285.1181818181817,16.349999999999998,10.266666666666666,68.70833333333333,88.08333333333333,3.170833333333333,1.1125,11.8,22.4
2024-08-01,0.0,1013.3583333333332,1173.0454545454545,18.791666666666668,13.141666666666667,72.0,101.25,2.6291666666666664,0.9166666666666666,12.6,26.3
2024-08-02,0.0,1010.0875,1235.9909090909093,20.829166666666666,15.329166666666667,73.5,81.20833333333333,2.5458333333333334,0.9250000000000002,14.7,29.1
2024-08-03,0.0,1006.1916666666666,952.6,23.71666666666667,14.120833333333332,57.166666666666664,127.16666666666667,3.9125,1.3083333333333333,17.7,30.7
2024-08-04,0.3833333333333333,1012.4708333333334,55.284615384615385,17.520833333333332,15.1,87.66666666666667,155.83333333333334,5.304166666666666,1.3166666666666667,15.0,26.2
2024-08-05,0.06666666666666667,1012.4708333333333,811.1333333333333,18.212500000000002,16.833333333333332,91.95833333333333,125.58333333333333,3.7583333333333333,1.1541666666666666,16.3,22.0
2024-08-06,0.3666666666666667,1009.7833333333334,175.21818181818182,18.845833333333335,17.6,92.625,110.75,4.520833333333333,1.3083333333333333,17.8,20.3
2024-08-07,0.19166666666666668,1006.5083333333333,100.3090909090909,17.695833333333336,15.787500000000001,88.70833333333333,236.16666666666666,4.725,1.2625,16.1,20.0
2024-08-08,0.09999999999999999,1008.8166666666666,269.94545454545454,14.037500000000001,12.520833333333334,90.66666666666667,202.54166666666666,3.4291666666666667,0.9625,12.6,15.9
2024-08-09,0.0,1014.775,680.1,10.770833333333334,5.808333333333334,71.79166666666667,285.875,8.295833333333333,2.466666666666667,9.3,11.9
2024-08-10,0.0,1015.8916666666668,642.5545454545455,11.120833333333332,7.054166666666667,76.75,278.3333333333333,6.875,2.0541666666666667,9.8,12.8
2024-08-11,0.0,1012.1416666666668,1391.890909090909,12.050000000000002,6.366666666666667,70.66666666666667,293.1666666666667,5.75,1.804166666666667,7.8,17.4
2024-08-12,0.0,1015.525,1375.381818181818,11.25,2.5958333333333337,56.583333333333336,250.54166666666666,6.916666666666667,2.1999999999999997,7.8,13.9
2024-08-13,0.0,1020.0333333333334,1417.5181818181818,9.366666666666667,3.8458333333333337,71.66666666666667,189.20833333333334,2.3041666666666667,0.7541666666666665,4.9,15.3
2024-08-14,0.0,1015.625,1434.2454545454545,12.883333333333333,6.016666666666666,68.54166666666667,162.29166666666666,2.4,0.8250000000000001,5.6,21.4
2024-08-15,0.0,1011.9166666666666,1288.581818181818,15.366666666666667,8.995833333333334,69.625,155.41666666666666,2.125,0.7833333333333333,7.9,24.6
2024-08-16,0.0,1009.8041666666667,1095.1363636363637,16.395833333333332,12.704166666666666,80.16666666666667,106.25,2.6041666666666665,0.8916666666666666,12.2,23.3
2024-08-17,0.0,1010.9208333333332,330.32727272727277,15.741666666666667,14.25,91.125,136.25,5.683333333333334,1.5083333333333335,13.2,18.8
2024-08-18,0.0,1008.8625000000001,947.0727272727272,19.337500000000002,16.633333333333333,85.125,113.70833333333333,3.516666666666667,1.1458333333333333,16.4,24.3
2024-08-19,0.12499999999999999,1007.9666666666666,717.5181818181818,18.708333333333332,16.84583333333333,89.20833333333333,110.625,4.5375000000000005,1.2166666666666668,16.5,22.9
2024-08-20,0.20833333333333334,1014.6458333333334,237.73636363636362,16.366666666666664,15.283333333333331,93.375,136.58333333333334,6.3875,1.9416666666666667,15.4,17.4
2024-08-21,0.008333333333333333,1008.3291666666665,1315.9909090909093,20.7,16.59166666666667,78.58333333333333,114.875,5.925,1.6541666666666666,16.2,27.4
2024-08-22,0.10833333333333334,1005.3000000000001,662.1,19.15416666666667,16.195833333333333,83.5,174.45833333333334,5.591666666666666,1.5375000000000003,16.6,21.9
2024-08-23,0.325,1010.5791666666668,203.06363636363633,13.25,11.866666666666665,91.33333333333333,208.58333333333334,4.129166666666666,1.1375,11.6,16.4
2024-08-24,0.0,1017.1791666666667,1164.409090909091,11.1625,6.366666666666667,73.125,181.66666666666666,4.304166666666666,1.0791666666666666,9.7,12.7
2024-08-25,0.0,1020.7666666666665,1203.2,10.491666666666667,4.641666666666667,68.75,250.79166666666666,6.349999999999999,2.15,7.8,13.4
2024-08-26,0.0,1021.1458333333334,1400.0076923076922,10.637500000000001,5.129166666666666,69.54166666666667,267.0,5.429166666666667,1.7583333333333335,6.4,14.9
2024-08-27,0.0,1021.0749999999999,1417.4916666666668,11.924999999999999,8.358333333333333,80.20833333333333,184.08333333333334,2.6958333333333333,0.9833333333333334,7.3,17.6
2024-08-28,0.0,1019.9083333333334,1075.875,13.833333333333334,10.658333333333333,82.45833333333333,120.45833333333333,5.283333333333333,1.5999999999999999,10.3,20.0
2024-08-29,0.0,1015.6541666666668,512.9666666666667,16.525000000000002,12.449999999999998,77.75,179.41666666666666,3.0,0.9416666666666668,13.9,21.4
2024-08-30,0.0,1015.3791666666667,931.2,17.0125,14.199999999999998,83.875,136.0,4.733333333333333,1.3791666666666667,14.4,20.7
2024-08-31,0.0,1011.3083333333333,897.6333333333333,19.7375,16.0,79.625,112.625,7.7375,2.275,17.0,24.1
2024-09-01,0.03333333333333333,1009.9291666666668,987.8000000000001,16.854166666666668,12.299999999999999,75.25,260.0,8.658333333333333,2.7916666666666665,14.3,19.5
2024-09-02,0.0,1010.9791666666666,1001.5076923076923,14.9625,10.329166666666667,74.29166666666667,261.0416666666667,5.5125,1.7583333333333335,13.0,18.2
2024-09-03,0.0,1007.6791666666667,1194.5538461538463,15.808333333333332,12.275,81.25,173.0,4.2375,1.3125,11.5,23.0
2024-09-04,0.6583333333333333,1011.7291666666666,679.0833333333333,14.933333333333335,12.725,87.125,125.20833333333333,6.491666666666666,1.8625,12.8,19.1
2024-09-05,0.48333333333333334,1016.9166666666666,1458.3615384615382,13.916666666666666,9.604166666666666,77.875,189.25,4.95,1.3625,11.7,17.9
2024-09-06,0.0,1012.8125,1678.6923076923076,14.375,8.595833333333333,70.58333333333333,104.0,4.1875,1.2916666666666667,9.4,20.9
2024-09-07,0.0,1008.0124999999999,722.4833333333335,16.741666666666667,13.191666666666668,80.66666666666667,129.41666666666666,2.3000000000000003,0.7791666666666667,12.1,24.2
2024-09-08,0.0,1011.3916666666665,544.8833333333333,16.704166666666666,14.9375,89.54166666666667,128.875,3.866666666666666,1.1500000000000001,14.7,18.6
2024-09-09,0.0,1009.8416666666666,709.7076923076924,20.7375,17.666666666666668,83.20833333333333,115.04166666666667,7.858333333333333,2.1458333333333335,17.5,23.9
2024-09-10,0.0,1003.6666666666666,978.8692307692309,22.649999999999995,18.116666666666664,76.41666666666667,171.875,3.483333333333333,1.0625,18.8,28.5
2024-09-11,0.0,1002.5083333333332,727.3692307692307,21.249999999999996,16.7375,77.75,140.29166666666666,4.4375,1.2958333333333332,17.5,29.1
2024-09-12,0.08333333333333333,1008.9958333333333,130.27692307692308,17.1,15.791666666666666,92.08333333333333,128.125,6.004166666666666,1.6041666666666667,16.7,17.8
2024-09-13,1.0666666666666667,1005.2833333333332,329.1333333333334,18.395833333333332,16.895833333333332,90.95833333333333,143.83333333333334,3.5416666666666665,0.975,17.2,20.5
2024-09-14,0.041666666666666664,1010.1875,623.9058823529413,17.925,15.6875,87.16666666666667,212.66666666666666,5.833333333333333,1.6041666666666667,16.1,19.3
2024-09-15,0.0,1018.125,854.4230769230769,14.829166666666666,11.054166666666665,79.04166666666667,108.58333333333333,4.266666666666667,1.3875,11.0,18.8
2024-09-16,0.0,1018.0041666666666,928.0076923076923,17.420833333333334,13.741666666666665,79.66666666666667,120.58333333333333,4.758333333333333,1.4791666666666667,15.2,21.0
2024-09-17,0.0,1016.9708333333333,1675.1999999999998,17.833333333333332,13.254166666666668,77.20833333333333,114.91666666666667,4.533333333333333,1.4458333333333335,13.8,24.3
2024-09-18,0.0,1012.5583333333334,1612.5538461538463,19.6375,12.858333333333333,67.04166666666667,107.54166666666667,5.116666666666666,1.5291666666666668,15.2,25.0
2024-09-19,0.0,1006.5,1389.9615384615386,20.883333333333336,15.204166666666666,71.75,83.375,3.5208333333333335,1.1083333333333334,15.2,26.9
2024-09-20,1.3583333333333334,1004.6666666666666,529.8000000000001,20.7375,17.179166666666667,80.91666666666667,150.54166666666666,7.875,2.125,18.7,23.7
2024-09-21,0.025000000000000005,1009.2875,1009.4615384615385,20.7,17.849999999999998,84.66666666666667,170.33333333333334,3.4500000000000006,0.9875000000000002,17.9,24.7
2024-09-22,0.0,1005.0875,1580.646153846154,22.375,18.02916666666667,78.54166666666667,95.0,4.3625,1.2874999999999999,17.1,31.3
2024-09-23,0.0,1004.725,346.9923076923077,22.72083333333333,18.854166666666668,79.0,122.83333333333333,6.533333333333334,1.8041666666666665,20.8,24.2
2024-09-24,1.2916666666666667,1005.875,329.9875,20.979166666666668,18.275000000000002,84.83333333333333,108.41666666666667,10.920833333333334,3.0375,19.6,23.6
2024-09-25,1.1583333333333334,1005.0958333333333,177.46,20.333333333333332,18.904166666666665,91.5,118.08333333333333,9.625,2.529166666666667,19.8,20.6
2024-09-26,2.2583333333333333,1007.1041666666666,161.94615384615386,18.95,18.183333333333334,95.29166666666667,160.45833333333334,6.170833333333333,1.6333333333333335,17.6,19.6
2024-09-27,0.3583333333333334,1011.2875,1569.823076923077,18.708333333333332,15.512500000000001,83.16666666666667,197.375,4.691666666666666,1.3916666666666666,15.9,22.1
2024-09-28,0.008333333333333333,1013.1166666666668,1836.5846153846153,18.816666666666666,13.770833333333334,76.41666666666667,123.16666666666667,3.2624999999999997,1.0583333333333333,14.5,25.1
2024-09-29,0.0,1010.5166666666668,1844.9461538461537,21.104166666666668,14.775,71.20833333333333,132.79166666666666,3.616666666666667,1.0875000000000001,14.3,29.5
2024-09-30,0.0,1004.2958333333335,1687.5153846153846,23.825,14.704166666666666,60.041666666666664,110.33333333333333,3.420833333333333,1.1541666666666666,15.3,33.2
2024-10-01,1.4083333333333334,1001.9916666666667,173.83333333333334,22.195833333333336,18.05,79.0,114.83333333333333,6.3374999999999995,1.6500000000000001,18.7,26.0
2024-10-02,0.026086956521739136,1006.1173913043477,626.68,18.843478260869563,15.717391304347826,83.0,175.95652173913044,5.608695652173913,1.4043478260869564,17.5,20.4
2024-10-03,0.0,1016.4416666666666,1935.776923076923,16.054166666666667,8.966666666666667,63.583333333333336,142.29166666666666,4.833333333333333,1.3,14.0,18.6
2024-10-04,0.0,1017.4250000000001,1873.2307692307693,16.333333333333336,10.6,70.875,101.375,4.841666666666667,1.6208333333333336,10.8,22.1
2024-10-05,0.0,1013.65,1928.9846153846156,19.233333333333334,12.7125,67.91666666666667,118.875,4.2875000000000005,1.3791666666666667,14.4,25.1
2024-10-06,0.0,1011.8583333333332,1649.8230769230768,19.433333333333334,14.920833333333334,76.70833333333333,122.45833333333333,5.304166666666666,1.5791666666666668,15.9,23.6
2024-10-07,0.016666666666666666,1009.2666666666668,590.6214285714286,19.533333333333335,16.279166666666665,81.875,109.29166666666667,6.720833333333332,2.025,17.6,21.9
2024-10-08,0.18333333333333335,1007.1083333333332,237.85384615384615,19.349999999999998,17.925,91.58333333333333,154.25,3.7833333333333337,1.1291666666666667,18.7,20.1
2024-10-09,0.08333333333333333,1012.8208333333332,668.7538461538461,18.287499999999998,15.816666666666668,85.91666666666667,121.79166666666667,8.404166666666667,2.5583333333333336,16.9,20.5
2024-10-10,0.025000000000000005,1009.7999999999998,405.84615384615387,18.166666666666668,15.616666666666667,85.25,103.91666666666667,8.483333333333334,2.2708333333333335,16.9,19.1
2024-10-11,0.0,1001.6999999999999,752.5846153846153,21.366666666666664,17.920833333333334,81.16666666666667,213.79166666666666,4.675,1.2458333333333333,19.5,24.1
2024-10-12,0.15833333333333335,1009.3875000000002,2025.2384615384615,20.229166666666668,15.083333333333334,74.29166666666667,173.04166666666666,4.8500000000000005,1.3333333333333333,17.1,24.0
2024-10-13,0.0,1016.5375,1792.3357142857144,19.570833333333333,15.208333333333334,77.33333333333333,114.375,6.925,2.3333333333333335,15.7,24.9
2024-10-14,0.0,1015.4,1585.9714285714288,21.733333333333334,16.045833333333334,71.5,103.875,5.079166666666667,1.5125,17.8,27.0
2024-10-15,0.30833333333333335,1010.0375,334.75,19.691666666666666,16.920833333333334,84.125,115.08333333333333,4.766666666666667,1.2666666666666668,19.0,21.0
2024-10-16,0.008333333333333333,1009.2000000000002,1325.9071428571428,20.245833333333334,16.59583333333333,80.83333333333333,193.875,3.65,1.0250000000000001,17.9,24.3
2024-10-17,0.0,1009.3291666666668,1953.4142857142858,19.8875,13.916666666666666,71.25,104.625,4.195833333333334,1.2291666666666667,13.8,25.7
2024-10-18,0.0,1010.2958333333332,707.6,18.383333333333336,14.533333333333331,79.0,132.16666666666666,3.7291666666666665,1.0791666666666666,15.6,21.3
2024-10-19,0.016666666666666666,1010.1416666666668,1318.2357142857145,20.079166666666666,16.166666666666668,79.20833333333333,118.95833333333333,4.245833333333333,1.2625,17.1,23.7
2024-10-20,0.0,1008.6333333333333,1953.2071428571428,21.425,15.941666666666668,73.25,108.66666666666667,5.766666666666667,1.7874999999999999,17.2,27.7
2024-10-21,0.0,1009.1375000000002,1907.7285714285715,24.854166666666668,17.504166666666666,65.58333333333333,112.58333333333333,4.8125,1.2708333333333333,19.9,31.2
2024-10-22,0.0,1008.7333333333332,1858.5785714285714,26.933333333333334,19.679166666666667,66.375,183.79166666666666,4.0125,1.2833333333333334,22.4,33.2
2024-10-23,0.008333333333333333,1005.9666666666666,1359.107142857143,23.7375,19.441666666666666,77.70833333333333,110.5,6.212500000000001,1.8791666666666667,20.2,27.5
2024-10-24,0.2583333333333333,994.3041666666668,730.9285714285714,23.875,20.46666666666667,82.25,203.5,5.8875,1.9666666666666668,22.1,29.8
2024-10-25,0.049999999999999996,997.4125,1370.8285714285714,22.070833333333336,16.59166666666667,72.20833333333333,280.2916666666667,8.816666666666668,2.6833333333333336,19.3,25.1
2024-10-26,0.016666666666666666,1008.5833333333334,1913.7214285714285,18.795833333333334,11.304166666666665,63.125,242.08333333333334,7.466666666666666,2.2833333333333337,14.6,22.2
2024-10-27,0.0,1015.1,2041.9857142857145,18.525000000000002,8.454166666666666,56.541666666666664,127.0,4.183333333333334,1.2375,12.2,24.7
2024-10-28,0.0,1012.0250000000001,1973.4785714285713,20.775000000000002,13.895833333333334,66.66666666666667,122.33333333333333,4.691666666666666,1.4041666666666668,14.3,27.4
2024-10-29,0.0,1010.3833333333333,1561.5928571428572,22.412500000000005,18.1625,78.33333333333333,160.83333333333334,4.8875,1.5208333333333333,18.9,27.9
2024-10-30,0.0,1010.1666666666666,1713.292857142857,23.4875,18.92083333333333,76.375,117.04166666666667,8.525,2.408333333333333,20.7,27.3
2024-10-31,0.0,1008.1416666666665,2020.75,24.133333333333336,18.041666666666668,70.5,111.79166666666667,7.045833333333333,1.9166666666666667,19.7,29.8
2024-11-01,0.0,1006.4541666666668,1833.1214285714284,24.541666666666668,17.066666666666666,65.16666666666667,91.625,4.566666666666666,1.3541666666666667,19.8,30.5
2024-11-02,0.0,1005.8208333333333,744.4499999999999,24.975000000000005,19.108333333333334,71.0,150.45833333333334,3.1958333333333333,0.9791666666666666,21.2,29.5
2024-11-03,0.024999999999999998,1007.6750000000001,1426.1928571428573,25.84166666666667,20.704166666666666,74.58333333333333,105.58333333333333,3.795833333333333,1.2041666666666666,22.5,30.0
2024-11-04,0.0,1006.275,1275.55,25.087500000000002,20.158333333333335,74.91666666666667,98.54166666666667,6.3625,1.9458333333333335,21.9,29.4
2024-11-05,0.0,1007.5749999999999,1257.1214285714286,25.308333333333337,21.004166666666666,77.5,145.04166666666666,4.895833333333333,1.2958333333333334,22.6,28.6
2024-11-06,0.016666666666666666,1007.35,809.907142857143,23.51666666666667,20.787499999999998,85.20833333333333,134.16666666666666,6.508333333333333,1.7833333333333332,21.1,27.2
2024-11-07,0.6083333333333333,1002.4333333333334,808.092857142857,23.72083333333333,20.95,85.0,172.41666666666666,4.658333333333334,1.225,21.8,27.2
2024-11-08,0.3166666666666667,1006.375,1230.9785714285713,20.220833333333335,16.208333333333332,79.29166666666667,145.29166666666666,7.941666666666666,2.0708333333333333,18.4,23.0
2024-11-09,0.041666666666666664,1009.4416666666666,1564.8357142857144,19.908333333333335,14.041666666666666,71.08333333333333,133.29166666666666,4.4125000000000005,1.2625,16.9,24.1
2024-11-10,0.0,1007.475,2086.578571428571,21.35833333333333,14.041666666666666,64.375,103.70833333333333,4.741666666666667,1.5708333333333335,15.2,28.3
2024-11-11,0.0,1001.7125000000001,2014.2785714285715,23.508333333333336,17.179166666666667,70.125,178.375,5.733333333333333,1.7958333333333334,18.4,32.5
2024-11-12,0.16666666666666666,1006.3833333333333,1636.0,18.504166666666666,11.533333333333331,66.33333333333333,226.375,6.837500000000001,2.1458333333333335,16.2,20.9
2024-11-13,0.0,1008.1125000000001,2101.6785714285716,19.658333333333335,10.504166666666668,58.791666666666664,188.0,3.7000000000000006,1.0666666666666667,14.0,25.2
2024-11-14,0.0,1008.9166666666666,2129.714285714286,21.9375,9.991666666666667,48.916666666666664,168.0,4.408333333333334,1.4791666666666667,15.8,28.0
2024-11-15,0.0,1008.2291666666666,1953.95,23.158333333333335,14.820833333333335,60.708333333333336,105.66666666666667,5.358333333333334,1.6791666666666665,18.1,29.2
2024-11-16,0.0,1006.85,2097.0214285714287,25.666666666666668,18.233333333333334,66.25,133.79166666666666,4.620833333333334,1.4291666666666665,20.3,33.3
2024-11-17,0.0,1004.9875000000001,1960.0714285714287,27.879166666666663,19.483333333333334,64.33333333333333,163.0,4.2125,1.320833333333333,22.0,36.0
2024-11-18,0.125,1006.1458333333334,975.9142857142857,24.8,20.883333333333336,79.58333333333333,175.25,5.775000000000001,1.6083333333333332,23.1,27.8
2024-11-19,0.041666666666666664,1010.0291666666666,618.9714285714286,20.712500000000002,17.791666666666668,83.75,128.95833333333334,6.849999999999999,1.7833333333333332,19.4,22.3
2024-11-20,1.5583333333333336,1010.9791666666666,776.9,17.166666666666668,15.508333333333335,90.25,116.83333333333333,9.291666666666666,2.7458333333333336,15.8,19.1
2024-11-21,0.008333333333333333,1012.4583333333334,1404.8214285714287,19.916666666666668,16.154166666666665,79.66666666666667,113.41666666666667,9.683333333333332,2.829166666666667,16.8,23.6
2024-11-22,0.024999999999999998,1011.7875,631.1533333333333,19.962500000000002,16.679166666666664,81.41666666666667,110.5,8.3375,2.525,18.5,21.4
2024-11-23,0.008333333333333333,1011.5125000000002,1635.2133333333334,21.55,16.4375,73.58333333333333,114.08333333333333,7.912499999999999,2.3416666666666663,18.5,25.5
2024-11-24,0.0,1010.1166666666668,1938.3733333333332,23.4375,16.945833333333336,68.75,109.04166666666667,6.241666666666667,1.8666666666666665,18.3,29.0
2024-11-25,0.0,1007.1083333333332,1389.1357142857144,24.641666666666666,17.099999999999998,64.45833333333333,184.375,4.433333333333333,1.3791666666666667,19.7,29.9
2024-11-26,0.008333333333333333,1004.4833333333332,726.0600000000001,26.241666666666664,20.5,71.33333333333333,160.125,3.179166666666667,0.9166666666666666,22.3,29.3
2024-11-27,0.0,1001.4208333333332,1358.5714285714287,28.274999999999995,21.991666666666664,70.58333333333333,244.95833333333334,2.7458333333333336,0.9625,24.6,33.0
2024-11-28,0.06666666666666667,1002.1833333333334,1206.3500000000001,24.962500000000002,21.087500000000002,79.875,205.95833333333334,5.079166666666667,1.4166666666666667,22.4,27.5
2024-11-29,0.0,1004.8458333333334,1176.8600000000001,24.041666666666668,19.858333333333334,78.125,120.875,6.058333333333334,1.7833333333333332,21.4,27.9
2024-11-30,0.0,1007.6166666666668,1666.6733333333332,23.75,18.075000000000003,72.5,131.75,5.595833333333334,1.6833333333333336,20.3,27.5
2024-12-01,0.0,1002.0,1990.235714285714,25.7,19.133333333333333,69.29166666666667,98.75,5.770833333333333,1.7125000000000001,19.2,33.9
2024-12-02,2.0500000000000003,999.1541666666666,966.0450000000001,23.758333333333336,18.420833333333334,73.875,234.375,6.920833333333333,1.8999999999999997,21.6,31.7
2024-12-03,0.0,1006.3083333333334,1583.9666666666667,20.908333333333335,14.170833333333334,67.33333333333333,148.33333333333334,4.604166666666667,1.3875,16.9,24.4
2024-12-04,0.0,1010.225,1985.8733333333334,20.5,11.895833333333334,59.041666666666664,114.875,5.829166666666668,1.8,16.5,24.5
2024-12-05,0.0,1005.6124999999998,2028.8,23.29583333333333,16.266666666666666,66.375,165.95833333333334,4.05,1.320833333333333,16.7,30.4
2024-12-06,0.8916666666666667,999.5875000000001,1086.8,25.07916666666667,19.17083333333333,71.0,187.91666666666666,5.716666666666666,1.6541666666666668,21.6,32.1
2024-12-07,0.09166666666666667,1004.0458333333332,897.0866666666666,21.9875,17.579166666666666,76.83333333333333,169.75,5.308333333333334,1.3458333333333332,20.8,24.2
2024-12-08,0.0,1010.5124999999999,1483.32,19.6375,11.85,61.5,148.41666666666666,6.0625,1.6208333333333333,17.8,21.3
2024-12-09,0.0,1009.875,682.2,18.537499999999998,13.929166666666667,74.66666666666667,115.83333333333333,6.8125,2.204166666666667,17.0,20.1
2024-12-10,0.025000000000000005,1008.2916666666666,830.92,20.087500000000002,17.28333333333333,84.25,119.125,6.041666666666667,1.8083333333333333,18.0,22.2
2024-12-11,0.0,1009.0458333333332,1984.7866666666666,22.041666666666668,16.520833333333332,72.5,113.54166666666667,6.7375,2.1458333333333335,17.7,26.2
2024-12-12,0.0,1007.0250000000001,2082.52,23.65416666666667,16.995833333333334,68.04166666666667,112.45833333333333,5.891666666666666,1.8208333333333335,18.7,29.7
2024-12-13,0.3416666666666666,1003.1083333333335,1459.9785714285715,24.620833333333326,18.825,71.95833333333333,104.25,5.220833333333333,1.3958333333333333,20.9,30.6
2024-12-14,1.8416666666666668,998.5833333333334,1086.74,22.7625,20.2625,86.625,140.75,5.379166666666666,1.5374999999999999,20.3,26.4
2024-12-15,0.27499999999999997,996.7999999999998,1131.04,21.054166666666667,17.35,80.08333333333333,272.0833333333333,8.879166666666668,2.6374999999999997,18.1,23.1
2024-12-16,1.1333333333333335,1003.3666666666667,1020.0529411764707,20.6375,17.84166666666667,84.95833333333333,215.16666666666666,7.0874999999999995,1.9333333333333333,18.2,23.9
2024-12-17,0.049999999999999996,1011.0583333333334,1986.8266666666668,21.366666666666664,16.704166666666666,76.45833333333333,198.75,4.325,1.2041666666666668,17.4,25.4
2024-12-18,0.0,1009.875,2048.36,22.587500000000002,17.020833333333332,72.20833333333333,112.91666666666667,5.787499999999999,1.7291666666666667,17.8,27.5
2024-12-19,0.4333333333333333,1004.4666666666667,1123.5933333333335,24.204166666666666,18.658333333333335,72.95833333333333,168.625,4.133333333333334,1.1500000000000001,20.0,30.6
2024-12-20,0.8583333333333334,1000.9208333333332,1770.84,23.475000000000005,19.9875,82.54166666666667,247.33333333333334,4.6875,1.5250000000000001,20.4,29.5
2024-12-21,0.008333333333333333,1006.5500000000001,1469.8466666666666,23.204166666666666,18.3625,75.54166666666667,130.29166666666666,5.754166666666667,1.6333333333333335,21.0,25.8
2024-12-22,1.0166666666666666,1011.4166666666666,1035.1533333333334,19.495833333333334,15.3125,77.875,132.25,6.6499999999999995,1.9833333333333332,16.2,22.0
2024-12-23,0.0,1011.8708333333334,2010.0357142857142,20.51666666666667,13.7875,66.79166666666667,110.33333333333333,5.8374999999999995,1.8124999999999998,15.2,25.5
2024-12-24,0.0,1006.9208333333332,1911.4933333333333,23.6125,16.766666666666666,67.25,150.83333333333334,4.8999999999999995,1.5083333333333335,18.3,31.1
2024-12-25,1.0,1003.4833333333332,1232.16,22.46666666666667,18.904166666666665,81.16666666666667,159.04166666666666,4.175,1.0791666666666668,21.2,24.6
2024-12-26,0.0,1003.9,1878.9538461538464,22.474999999999998,14.758333333333333,65.0,219.29166666666666,5.345833333333334,1.7333333333333334,17.9,27.4
2024-12-27,0.0,1004.6041666666666,2007.7000000000003,23.57083333333333,15.15,60.583333333333336,268.25,4.9624999999999995,1.5458333333333334,18.6,28.7
2024-12-28,0.0,1008.2166666666666,1759.6,23.316666666666666,17.608333333333334,71.375,136.79166666666666,4.816666666666666,1.2333333333333334,19.2,26.7
2024-12-29,0.0,1009.5583333333333,1560.5533333333333,22.600000000000005,17.620833333333334,74.33333333333333,129.08333333333334,4.733333333333333,1.3666666666666665,19.5,25.5
2024-12-30,0.0,1007.6,1787.84,23.23333333333333,18.104166666666668,73.83333333333333,124.08333333333333,7.054166666666667,2.025,19.4,26.7
2024-12-31,0.8416666666666667,1005.9000000000001,1648.2466666666667,24.404166666666665,19.595833333333335,75.58333333333333,114.66666666666667,6.491666666666667,1.9458333333333335,20.7,28.5
